congressman_id,congressman_2_id,similarity_score,common_votes,same_votes,agreement_percentage
2,11,0.608487,1573,1254,0.7972
11,2,0.608487,1573,1254,0.7972
2,18,0.160297,1460,829,0.5678
18,2,0.160297,1460,829,0.5678
2,30,0.471683,2015,1591,0.7896
30,2,0.471683,2015,1591,0.7896
2,31,0.401302,1989,1560,0.7843
31,2,0.401302,1989,1560,0.7843
2,39,0.389332,1896,1396,0.7363
39,2,0.389332,1896,1396,0.7363
2,41,0.468888,1598,1219,0.7628
41,2,0.468888,1598,1219,0.7628
2,54,0.40764,1493,1147,0.7683
54,2,0.40764,1493,1147,0.7683
2,61,0.203507,1538,1011,0.6573
61,2,0.203507,1538,1011,0.6573
2,65,0.678301,1903,1656,0.8702
65,2,0.678301,1903,1656,0.8702
2,78,0.495366,1949,1545,0.7927
78,2,0.495366,1949,1545,0.7927
2,86,0.473446,1599,1245,0.7786
86,2,0.473446,1599,1245,0.7786
2,92,0.593226,1877,1572,0.8375
92,2,0.593226,1877,1572,0.8375
2,93,0.604608,1987,1683,0.847
93,2,0.604608,1987,1683,0.847
2,95,0.590089,1857,1549,0.8341
95,2,0.590089,1857,1549,0.8341
2,99,0.403916,1737,1334,0.768
99,2,0.403916,1737,1334,0.768
2,100,0.372975,1959,1501,0.7662
100,2,0.372975,1959,1501,0.7662
2,117,0.365668,1707,1283,0.7516
117,2,0.365668,1707,1283,0.7516
2,122,0.285674,1433,1013,0.7069
122,2,0.285674,1433,1013,0.7069
2,126,0.18025,1819,1273,0.6998
126,2,0.18025,1819,1273,0.6998
2,127,0.580023,1846,1525,0.8261
127,2,0.580023,1846,1525,0.8261
2,128,0.366182,1550,1160,0.7484
128,2,0.366182,1550,1160,0.7484
2,130,0.683256,1643,1428,0.8691
130,2,0.683256,1643,1428,0.8691
2,135,0.419041,1840,1431,0.7777
135,2,0.419041,1840,1431,0.7777
2,154,0.384129,1765,1302,0.7377
154,2,0.384129,1765,1302,0.7377
2,155,0.229605,1842,1278,0.6938
155,2,0.229605,1842,1278,0.6938
2,160,0.286138,1760,1259,0.7153
160,2,0.286138,1760,1259,0.7153
2,179,0.526318,1224,928,0.7582
179,2,0.526318,1224,928,0.7582
2,247,0.485555,1779,1404,0.7892
247,2,0.485555,1779,1404,0.7892
2,770,0.505192,1857,1371,0.7383
770,2,0.505192,1857,1371,0.7383
2,772,0.559589,1679,1375,0.8189
772,2,0.559589,1679,1375,0.8189
2,774,0.533524,1588,1280,0.806
774,2,0.533524,1588,1280,0.806
2,776,0.526584,1759,1359,0.7726
776,2,0.526584,1759,1359,0.7726
2,777,0.630636,1985,1678,0.8453
777,2,0.630636,1985,1678,0.8453
2,780,0.654044,1800,1534,0.8522
780,2,0.654044,1800,1534,0.8522
2,781,0.751199,1501,1348,0.8981
781,2,0.751199,1501,1348,0.8981
2,782,0.520778,1956,1562,0.7986
782,2,0.520778,1956,1562,0.7986
2,785,0.620122,1212,1010,0.8333
785,2,0.620122,1212,1010,0.8333
2,787,0.570561,2097,1755,0.8369
787,2,0.570561,2097,1755,0.8369
2,788,0.57304,1838,1522,0.8281
788,2,0.57304,1838,1522,0.8281
2,789,0.441425,1643,1263,0.7687
789,2,0.441425,1643,1263,0.7687
2,790,0.46329,1745,1350,0.7736
790,2,0.46329,1745,1350,0.7736
2,791,0.541801,1934,1590,0.8221
791,2,0.541801,1934,1590,0.8221
2,793,0.566222,1859,1525,0.8203
793,2,0.566222,1859,1525,0.8203
2,796,0.513927,1916,1548,0.8079
796,2,0.513927,1916,1548,0.8079
2,801,0.481927,1833,1457,0.7949
801,2,0.481927,1833,1457,0.7949
2,802,0.535095,1913,1585,0.8285
802,2,0.535095,1913,1585,0.8285
2,806,0.4395,1983,1556,0.7847
806,2,0.4395,1983,1556,0.7847
2,809,0.569466,1110,902,0.8126
809,2,0.569466,1110,902,0.8126
2,811,0.352875,1752,1281,0.7312
811,2,0.352875,1752,1281,0.7312
2,818,0.630639,1917,1637,0.8539
818,2,0.630639,1917,1637,0.8539
2,819,0.590818,1570,1295,0.8248
819,2,0.590818,1570,1295,0.8248
2,822,0.662847,1966,1711,0.8703
822,2,0.662847,1966,1711,0.8703
2,826,0.448103,2018,1584,0.7849
826,2,0.448103,2018,1584,0.7849
2,828,0.426478,1783,1421,0.797
828,2,0.426478,1783,1421,0.797
2,829,0.440113,1886,1484,0.7869
829,2,0.440113,1886,1484,0.7869
2,831,0.217127,1933,1324,0.6849
831,2,0.217127,1933,1324,0.6849
2,834,0.199368,1960,1331,0.6791
834,2,0.199368,1960,1331,0.6791
2,840,0.567406,1818,1458,0.802
840,2,0.567406,1818,1458,0.802
2,842,0.565338,1874,1551,0.8276
842,2,0.565338,1874,1551,0.8276
2,845,0.491077,1958,1557,0.7952
845,2,0.491077,1958,1557,0.7952
2,851,0.42451,1850,1464,0.7914
851,2,0.42451,1850,1464,0.7914
2,857,0.287833,1395,1033,0.7405
857,2,0.287833,1395,1033,0.7405
2,861,0.18929,1723,1132,0.657
861,2,0.18929,1723,1132,0.657
2,864,0.544245,1798,1476,0.8209
864,2,0.544245,1798,1476,0.8209
2,870,0.429522,1755,1356,0.7726
870,2,0.429522,1755,1356,0.7726
2,874,0.416597,1943,1487,0.7653
874,2,0.416597,1943,1487,0.7653
2,875,0.428336,1697,1316,0.7755
875,2,0.428336,1697,1316,0.7755
2,881,0.584579,1715,1419,0.8274
881,2,0.584579,1715,1419,0.8274
2,883,0.567366,1965,1631,0.83
883,2,0.567366,1965,1631,0.83
2,884,0.654912,2012,1733,0.8613
884,2,0.654912,2012,1733,0.8613
2,885,0.560647,1919,1586,0.8265
885,2,0.560647,1919,1586,0.8265
2,886,0.50429,1931,1558,0.8068
886,2,0.50429,1931,1558,0.8068
2,887,0.564321,1958,1651,0.8432
887,2,0.564321,1958,1651,0.8432
2,888,0.464723,1802,1416,0.7858
888,2,0.464723,1802,1416,0.7858
2,889,0.182011,1967,1293,0.6573
889,2,0.182011,1967,1293,0.6573
2,890,0.55381,1936,1581,0.8166
890,2,0.55381,1936,1581,0.8166
2,891,0.535512,2055,1702,0.8282
891,2,0.535512,2055,1702,0.8282
2,892,0.630976,1196,993,0.8303
892,2,0.630976,1196,993,0.8303
2,893,0.419029,2021,1551,0.7674
893,2,0.419029,2021,1551,0.7674
2,894,0.221827,2104,1470,0.6987
894,2,0.221827,2104,1470,0.6987
2,895,0.203389,2047,1384,0.6761
895,2,0.203389,2047,1384,0.6761
2,896,0.210917,1961,1313,0.6696
896,2,0.210917,1961,1313,0.6696
2,897,0.210363,1949,1339,0.687
897,2,0.210363,1949,1339,0.687
2,898,0.619314,1761,1439,0.8171
898,2,0.619314,1761,1439,0.8171
2,899,0.159827,1907,1248,0.6544
899,2,0.159827,1907,1248,0.6544
2,900,0.600481,2012,1696,0.8429
900,2,0.600481,2012,1696,0.8429
2,901,0.580384,1773,1447,0.8161
901,2,0.580384,1773,1447,0.8161
2,902,0.522567,2005,1646,0.8209
902,2,0.522567,2005,1646,0.8209
2,903,0.595715,2098,1772,0.8446
903,2,0.595715,2098,1772,0.8446
2,904,0.632452,1931,1653,0.856
904,2,0.632452,1931,1653,0.856
2,905,0.573689,1607,1329,0.827
905,2,0.573689,1607,1329,0.827
2,906,0.464549,1692,1316,0.7778
906,2,0.464549,1692,1316,0.7778
2,907,0.464224,2025,1610,0.7951
907,2,0.464224,2025,1610,0.7951
2,908,0.187666,2043,1387,0.6789
908,2,0.187666,2043,1387,0.6789
2,909,0.221204,2071,1444,0.6972
909,2,0.221204,2071,1444,0.6972
2,910,0.226588,1897,1310,0.6906
910,2,0.226588,1897,1310,0.6906
2,911,0.251291,1999,1389,0.6948
911,2,0.251291,1999,1389,0.6948
2,912,0.231788,2030,1425,0.702
912,2,0.231788,2030,1425,0.702
2,913,0.222183,1927,1345,0.698
913,2,0.222183,1927,1345,0.698
2,914,0.210015,1954,1323,0.6771
914,2,0.210015,1954,1323,0.6771
2,915,0.548871,2017,1660,0.823
915,2,0.548871,2017,1660,0.823
2,917,0.475055,1866,1462,0.7835
917,2,0.475055,1866,1462,0.7835
2,918,0.638826,1985,1705,0.8589
918,2,0.638826,1985,1705,0.8589
2,919,0.628012,2064,1758,0.8517
919,2,0.628012,2064,1758,0.8517
2,920,0.496936,2000,1616,0.808
920,2,0.496936,2000,1616,0.808
2,921,0.390696,1873,1450,0.7742
921,2,0.390696,1873,1450,0.7742
2,922,0.568957,1935,1602,0.8279
922,2,0.568957,1935,1602,0.8279
2,923,0.366928,2079,1586,0.7629
923,2,0.366928,2079,1586,0.7629
2,924,0.564106,1978,1651,0.8347
924,2,0.564106,1978,1651,0.8347
2,925,0.29377,2068,1527,0.7384
925,2,0.29377,2068,1527,0.7384
2,926,0.455017,1756,1413,0.8047
926,2,0.455017,1756,1413,0.8047
2,927,0.637566,2075,1792,0.8636
927,2,0.637566,2075,1792,0.8636
2,928,0.593278,1920,1615,0.8411
928,2,0.593278,1920,1615,0.8411
2,929,0.413362,1863,1451,0.7789
929,2,0.413362,1863,1451,0.7789
2,930,0.250855,2036,1391,0.6832
930,2,0.250855,2036,1391,0.6832
2,931,0.283501,1506,1050,0.6972
931,2,0.283501,1506,1050,0.6972
2,932,0.601728,2052,1732,0.8441
932,2,0.601728,2052,1732,0.8441
2,933,0.560982,1730,1411,0.8156
933,2,0.560982,1730,1411,0.8156
2,934,0.236978,2028,1428,0.7041
934,2,0.236978,2028,1428,0.7041
2,935,0.171308,1975,1259,0.6375
935,2,0.171308,1975,1259,0.6375
2,936,-0.471405,7,2,0.2857
936,2,-0.471405,7,2,0.2857
2,937,0.195376,2030,1369,0.6744
937,2,0.195376,2030,1369,0.6744
2,938,0.226216,275,199,0.7236
938,2,0.226216,275,199,0.7236
2,939,0.579853,2064,1716,0.8314
939,2,0.579853,2064,1716,0.8314
2,940,0.439802,1885,1465,0.7772
940,2,0.439802,1885,1465,0.7772
2,941,0.487618,1852,1480,0.7991
941,2,0.487618,1852,1480,0.7991
2,942,0.517869,2001,1604,0.8016
942,2,0.517869,2001,1604,0.8016
2,943,0.567997,1903,1532,0.805
943,2,0.567997,1903,1532,0.805
2,944,0.62669,1765,1483,0.8402
944,2,0.62669,1765,1483,0.8402
2,945,0.690581,1908,1678,0.8795
945,2,0.690581,1908,1678,0.8795
2,946,0.583585,1850,1515,0.8189
946,2,0.583585,1850,1515,0.8189
2,947,0.624718,1689,1429,0.8461
947,2,0.624718,1689,1429,0.8461
2,948,0.322556,1629,1178,0.7231
948,2,0.322556,1629,1178,0.7231
2,949,0.528081,1956,1579,0.8073
949,2,0.528081,1956,1579,0.8073
2,950,0.572809,2011,1679,0.8349
950,2,0.572809,2011,1679,0.8349
2,951,0.170973,1900,1247,0.6563
951,2,0.170973,1900,1247,0.6563
2,952,0.672268,1933,1680,0.8691
952,2,0.672268,1933,1680,0.8691
2,953,0.4725,2009,1614,0.8034
953,2,0.4725,2009,1614,0.8034
2,954,0.670354,1715,1479,0.8624
954,2,0.670354,1715,1479,0.8624
2,955,0.501772,1917,1506,0.7856
955,2,0.501772,1917,1506,0.7856
2,956,0.659081,1947,1691,0.8685
956,2,0.659081,1947,1691,0.8685
2,957,0.508197,1931,1553,0.8042
957,2,0.508197,1931,1553,0.8042
2,958,0.324894,1863,1368,0.7343
958,2,0.324894,1863,1368,0.7343
2,959,0.215629,2023,1398,0.6911
959,2,0.215629,2023,1398,0.6911
2,960,0.198672,1970,1326,0.6731
960,2,0.198672,1970,1326,0.6731
2,961,0.655351,2005,1738,0.8668
961,2,0.655351,2005,1738,0.8668
2,962,0.585897,1864,1515,0.8128
962,2,0.585897,1864,1515,0.8128
2,963,0.59373,1963,1655,0.8431
963,2,0.59373,1963,1655,0.8431
2,964,0.618804,1840,1559,0.8473
964,2,0.618804,1840,1559,0.8473
2,965,0.683919,1964,1711,0.8712
965,2,0.683919,1964,1711,0.8712
2,966,0.567071,1854,1482,0.7994
966,2,0.567071,1854,1482,0.7994
2,967,0.625948,2029,1735,0.8551
967,2,0.625948,2029,1735,0.8551
2,969,0.545566,2082,1729,0.8305
969,2,0.545566,2082,1729,0.8305
2,970,0.466241,1898,1530,0.8061
970,2,0.466241,1898,1530,0.8061
2,971,0.546827,1959,1616,0.8249
971,2,0.546827,1959,1616,0.8249
2,972,0.645468,1909,1643,0.8607
972,2,0.645468,1909,1643,0.8607
2,973,0.481255,1275,966,0.7576
973,2,0.481255,1275,966,0.7576
2,974,0.526744,1821,1478,0.8116
974,2,0.526744,1821,1478,0.8116
2,976,0.571626,1848,1505,0.8144
976,2,0.571626,1848,1505,0.8144
2,977,0.219205,2012,1394,0.6928
977,2,0.219205,2012,1394,0.6928
2,978,0.233847,1773,1230,0.6937
978,2,0.233847,1773,1230,0.6937
2,979,-0.060193,50,44,0.88
979,2,-0.060193,50,44,0.88
11,18,0.287849,1310,843,0.6435
18,11,0.287849,1310,843,0.6435
11,30,0.419533,1602,1133,0.7072
30,11,0.419533,1602,1133,0.7072
11,31,0.354141,1653,1130,0.6836
31,11,0.354141,1653,1130,0.6836
11,39,0.312154,1582,1043,0.6593
39,11,0.312154,1582,1043,0.6593
11,41,0.400849,1261,891,0.7066
41,11,0.400849,1261,891,0.7066
11,54,0.390651,1172,820,0.6997
54,11,0.390651,1172,820,0.6997
11,61,0.395466,1360,959,0.7051
61,11,0.395466,1360,959,0.7051
11,65,0.463958,1507,1109,0.7359
65,11,0.463958,1507,1109,0.7359
11,78,0.46389,1596,1167,0.7312
78,11,0.46389,1596,1167,0.7312
11,86,0.385328,1385,937,0.6765
86,11,0.385328,1385,937,0.6765
11,92,0.486329,1566,1146,0.7318
92,11,0.486329,1566,1146,0.7318
11,93,0.561958,1625,1247,0.7674
93,11,0.561958,1625,1247,0.7674
11,95,0.506162,1554,1175,0.7561
95,11,0.506162,1554,1175,0.7561
11,99,0.307448,1441,918,0.6371
99,11,0.307448,1441,918,0.6371
11,100,0.331131,1588,1040,0.6549
100,11,0.331131,1588,1040,0.6549
11,117,0.31485,1451,920,0.634
117,11,0.31485,1451,920,0.634
11,122,0.24583,1249,771,0.6173
122,11,0.24583,1249,771,0.6173
11,126,0.137811,1456,834,0.5728
126,11,0.137811,1456,834,0.5728
11,127,0.608863,1496,1197,0.8001
127,11,0.608863,1496,1197,0.8001
11,128,0.339251,1314,844,0.6423
128,11,0.339251,1314,844,0.6423
11,130,0.640391,1333,1089,0.817
130,11,0.640391,1333,1089,0.817
11,135,0.35728,1467,966,0.6585
135,11,0.35728,1467,966,0.6585
11,154,0.33668,1581,1062,0.6717
154,11,0.33668,1581,1062,0.6717
11,155,0.167117,1508,877,0.5816
155,11,0.167117,1508,877,0.5816
11,160,0.213986,1507,947,0.6284
160,11,0.213986,1507,947,0.6284
11,179,0.80954,1214,1098,0.9044
179,11,0.80954,1214,1098,0.9044
11,247,0.444301,1484,1055,0.7109
247,11,0.444301,1484,1055,0.7109
11,770,0.677331,1556,1306,0.8393
770,11,0.677331,1556,1306,0.8393
11,772,0.444153,1453,1037,0.7137
772,11,0.444153,1453,1037,0.7137
11,774,0.431625,1427,1019,0.7141
774,11,0.431625,1427,1019,0.7141
11,776,0.643296,1523,1252,0.8221
776,11,0.643296,1523,1252,0.8221
11,777,0.611179,1581,1276,0.8071
777,11,0.611179,1581,1276,0.8071
11,780,0.601207,1470,1176,0.8
780,11,0.601207,1470,1176,0.8
11,781,0.682579,1345,1124,0.8357
781,11,0.682579,1345,1124,0.8357
11,782,0.515404,1629,1235,0.7581
782,11,0.515404,1629,1235,0.7581
11,785,0.525846,1055,801,0.7592
785,11,0.525846,1055,801,0.7592
11,787,0.504095,1712,1277,0.7459
787,11,0.504095,1712,1277,0.7459
11,788,0.449677,1504,1081,0.7188
788,11,0.449677,1504,1081,0.7188
11,789,0.409085,1378,970,0.7039
789,11,0.409085,1378,970,0.7039
11,790,0.422449,1484,1054,0.7102
790,11,0.422449,1484,1054,0.7102
11,791,0.425725,1553,1091,0.7025
791,11,0.425725,1553,1091,0.7025
11,793,0.486172,1518,1122,0.7391
793,11,0.486172,1518,1122,0.7391
11,796,0.426381,1636,1153,0.7048
796,11,0.426381,1636,1153,0.7048
11,801,0.461935,1532,1122,0.7324
801,11,0.461935,1532,1122,0.7324
11,802,0.433253,1561,1120,0.7175
802,11,0.433253,1561,1120,0.7175
11,806,0.392051,1609,1120,0.6961
806,11,0.392051,1609,1120,0.6961
11,809,0.407838,1014,693,0.6834
809,11,0.407838,1014,693,0.6834
11,811,0.306994,1491,983,0.6593
811,11,0.306994,1491,983,0.6593
11,818,0.563059,1656,1274,0.7693
818,11,0.563059,1656,1274,0.7693
11,819,0.489107,1421,1038,0.7305
819,11,0.489107,1421,1038,0.7305
11,822,0.600907,1597,1268,0.794
822,11,0.600907,1597,1268,0.794
11,826,0.469062,1640,1189,0.725
826,11,0.469062,1640,1189,0.725
11,828,0.373924,1442,995,0.69
828,11,0.373924,1442,995,0.69
11,829,0.3876,1557,1052,0.6757
829,11,0.3876,1557,1052,0.6757
11,831,0.204489,1550,936,0.6039
831,11,0.204489,1550,936,0.6039
11,834,0.150089,1600,931,0.5819
834,11,0.150089,1600,931,0.5819
11,840,0.590917,1485,1182,0.796
840,11,0.590917,1485,1182,0.796
11,842,0.453525,1566,1118,0.7139
842,11,0.453525,1566,1118,0.7139
11,845,0.439897,1612,1155,0.7165
845,11,0.439897,1612,1155,0.7165
11,851,0.335855,1504,1027,0.6828
851,11,0.335855,1504,1027,0.6828
11,857,0.247884,1072,670,0.625
857,11,0.247884,1072,670,0.625
11,861,0.215178,1517,920,0.6065
861,11,0.215178,1517,920,0.6065
11,864,0.411771,1475,1042,0.7064
864,11,0.411771,1475,1042,0.7064
11,870,0.424833,1479,1060,0.7167
870,11,0.424833,1479,1060,0.7167
11,874,0.376808,1657,1134,0.6844
874,11,0.376808,1657,1134,0.6844
11,875,0.29972,1418,932,0.6573
875,11,0.29972,1418,932,0.6573
11,881,0.547873,1428,1109,0.7766
881,11,0.547873,1428,1109,0.7766
11,883,0.484101,1640,1203,0.7335
883,11,0.484101,1640,1203,0.7335
11,884,0.603972,1645,1312,0.7976
884,11,0.603972,1645,1312,0.7976
11,885,0.456976,1568,1130,0.7207
885,11,0.456976,1568,1130,0.7207
11,886,0.429202,1610,1128,0.7006
886,11,0.429202,1610,1128,0.7006
11,887,0.458434,1612,1172,0.727
887,11,0.458434,1612,1172,0.727
11,888,0.393638,1443,987,0.684
888,11,0.393638,1443,987,0.684
11,889,0.1687,1609,954,0.5929
889,11,0.1687,1609,954,0.5929
11,890,0.479437,1558,1160,0.7445
890,11,0.479437,1558,1160,0.7445
11,891,0.42837,1665,1168,0.7015
891,11,0.42837,1665,1168,0.7015
11,892,0.498585,1137,834,0.7335
892,11,0.498585,1137,834,0.7335
11,893,0.346123,1690,1132,0.6698
893,11,0.346123,1690,1132,0.6698
11,894,0.190913,1740,1051,0.604
894,11,0.190913,1740,1051,0.604
11,895,0.16991,1649,978,0.5931
895,11,0.16991,1649,978,0.5931
11,896,0.165882,1644,968,0.5888
896,11,0.165882,1644,968,0.5888
11,897,0.168385,1602,938,0.5855
897,11,0.168385,1602,938,0.5855
11,898,0.71141,1522,1300,0.8541
898,11,0.71141,1522,1300,0.8541
11,899,0.276809,1594,1036,0.6499
899,11,0.276809,1594,1036,0.6499
11,900,0.520677,1655,1243,0.7511
900,11,0.520677,1655,1243,0.7511
11,901,0.560262,1455,1131,0.7773
901,11,0.560262,1455,1131,0.7773
11,902,0.444059,1672,1195,0.7147
902,11,0.444059,1672,1195,0.7147
11,903,0.481185,1746,1286,0.7365
903,11,0.481185,1746,1286,0.7365
11,904,0.529127,1626,1217,0.7485
904,11,0.529127,1626,1217,0.7485
11,905,0.473414,1431,1041,0.7275
905,11,0.473414,1431,1041,0.7275
11,906,0.372493,1391,952,0.6844
906,11,0.372493,1391,952,0.6844
11,907,0.390124,1712,1178,0.6881
907,11,0.390124,1712,1178,0.6881
11,908,0.17042,1676,997,0.5949
908,11,0.17042,1676,997,0.5949
11,909,0.190289,1696,1024,0.6038
909,11,0.190289,1696,1024,0.6038
11,910,0.173907,1570,936,0.5962
910,11,0.173907,1570,936,0.5962
11,911,0.219059,1644,1011,0.615
911,11,0.219059,1644,1011,0.615
11,912,0.187219,1673,1014,0.6061
912,11,0.187219,1673,1014,0.6061
11,913,0.164463,1631,971,0.5953
913,11,0.164463,1631,971,0.5953
11,914,0.19473,1549,934,0.603
914,11,0.19473,1549,934,0.603
11,915,0.460414,1665,1213,0.7285
915,11,0.460414,1665,1213,0.7285
11,917,0.457783,1516,1098,0.7243
917,11,0.457783,1516,1098,0.7243
11,918,0.5972,1697,1334,0.7861
918,11,0.5972,1697,1334,0.7861
11,919,0.585821,1727,1363,0.7892
919,11,0.585821,1727,1363,0.7892
11,920,0.454223,1667,1208,0.7247
920,11,0.454223,1667,1208,0.7247
11,921,0.319459,1518,984,0.6482
921,11,0.319459,1518,984,0.6482
11,922,0.476137,1603,1172,0.7311
922,11,0.476137,1603,1172,0.7311
11,923,0.344885,1746,1170,0.6701
923,11,0.344885,1746,1170,0.6701
11,924,0.498471,1634,1208,0.7393
924,11,0.498471,1634,1208,0.7393
11,925,0.288073,1667,1067,0.6401
925,11,0.288073,1667,1067,0.6401
11,926,0.375212,1515,1028,0.6785
926,11,0.375212,1515,1028,0.6785
11,927,0.522745,1648,1233,0.7482
927,11,0.522745,1648,1233,0.7482
11,928,0.482275,1646,1198,0.7278
928,11,0.482275,1646,1198,0.7278
11,929,0.301112,1537,1010,0.6571
929,11,0.301112,1537,1010,0.6571
11,930,0.202469,1629,990,0.6077
930,11,0.202469,1629,990,0.6077
11,931,0.276648,1266,813,0.6422
931,11,0.276648,1266,813,0.6422
11,932,0.512396,1656,1239,0.7482
932,11,0.512396,1656,1239,0.7482
11,933,0.57064,1497,1169,0.7809
933,11,0.57064,1497,1169,0.7809
11,934,0.202853,1639,994,0.6065
934,11,0.202853,1639,994,0.6065
11,935,0.146401,1616,937,0.5798
935,11,0.146401,1616,937,0.5798
11,936,-0.408248,10,3,0.3
936,11,-0.408248,10,3,0.3
11,937,0.193654,1647,994,0.6035
937,11,0.193654,1647,994,0.6035
11,938,0.20987,240,164,0.6833
938,11,0.20987,240,164,0.6833
11,939,0.524949,1687,1280,0.7587
939,11,0.524949,1687,1280,0.7587
11,940,0.433203,1530,1103,0.7209
940,11,0.433203,1530,1103,0.7209
11,941,0.478748,1470,1081,0.7354
941,11,0.478748,1470,1081,0.7354
11,942,0.435288,1634,1172,0.7173
942,11,0.435288,1634,1172,0.7173
11,943,0.714024,1583,1362,0.8604
943,11,0.714024,1583,1362,0.8604
11,944,0.680716,1478,1248,0.8444
944,11,0.680716,1478,1248,0.8444
11,945,0.657175,1546,1280,0.8279
945,11,0.657175,1546,1280,0.8279
11,946,0.631278,1540,1255,0.8149
946,11,0.631278,1540,1255,0.8149
11,947,0.623293,1412,1140,0.8074
947,11,0.623293,1412,1140,0.8074
11,948,0.234526,1353,847,0.626
948,11,0.234526,1353,847,0.626
11,949,0.48014,1626,1194,0.7343
949,11,0.48014,1626,1194,0.7343
11,950,0.466188,1664,1220,0.7332
950,11,0.466188,1664,1220,0.7332
11,951,0.154937,1526,886,0.5806
951,11,0.154937,1526,886,0.5806
11,952,0.506329,1583,1184,0.7479
952,11,0.506329,1583,1184,0.7479
11,953,0.375946,1657,1118,0.6747
953,11,0.375946,1657,1118,0.6747
11,954,0.652112,1508,1247,0.8269
954,11,0.652112,1508,1247,0.8269
11,955,0.460608,1519,1103,0.7261
955,11,0.460608,1519,1103,0.7261
11,956,0.603571,1590,1271,0.7994
956,11,0.603571,1590,1271,0.7994
11,957,0.452356,1611,1157,0.7182
957,11,0.452356,1611,1157,0.7182
11,958,0.292498,1521,986,0.6483
958,11,0.292498,1521,986,0.6483
11,959,0.170435,1627,966,0.5937
959,11,0.170435,1627,966,0.5937
11,960,0.194068,1645,993,0.6036
960,11,0.194068,1645,993,0.6036
11,961,0.507123,1591,1191,0.7486
961,11,0.507123,1591,1191,0.7486
11,962,0.725754,1559,1344,0.8621
962,11,0.725754,1559,1344,0.8621
11,963,0.480701,1608,1172,0.7289
963,11,0.480701,1608,1172,0.7289
11,964,0.596459,1570,1255,0.7994
964,11,0.596459,1570,1255,0.7994
11,965,0.663653,1581,1311,0.8292
965,11,0.663653,1581,1311,0.8292
11,966,0.673008,1546,1301,0.8415
966,11,0.673008,1546,1301,0.8415
11,967,0.482353,1617,1185,0.7328
967,11,0.482353,1617,1185,0.7328
11,969,0.463489,1712,1233,0.7202
969,11,0.463489,1712,1233,0.7202
11,970,0.406392,1565,1105,0.7061
970,11,0.406392,1565,1105,0.7061
11,971,0.403699,1594,1113,0.6982
971,11,0.403699,1594,1113,0.6982
11,972,0.577282,1635,1268,0.7755
972,11,0.577282,1635,1268,0.7755
11,973,0.57181,1092,842,0.7711
973,11,0.57181,1092,842,0.7711
11,974,0.434206,1474,1042,0.7069
974,11,0.434206,1474,1042,0.7069
11,976,0.5186,1608,1215,0.7556
976,11,0.5186,1608,1215,0.7556
11,977,0.148733,1681,989,0.5883
977,11,0.148733,1681,989,0.5883
11,978,0.197413,1448,865,0.5974
978,11,0.197413,1448,865,0.5974
11,979,0.175165,57,50,0.8772
979,11,0.175165,57,50,0.8772
18,30,0.169855,1544,890,0.5764
30,18,0.169855,1544,890,0.5764
18,31,0.13943,1572,881,0.5604
31,18,0.13943,1572,881,0.5604
18,39,0.169808,1628,931,0.5719
39,18,0.169808,1628,931,0.5719
18,41,0.105684,1377,769,0.5585
41,18,0.105684,1377,769,0.5585
18,54,0.170624,1170,662,0.5658
54,18,0.170624,1170,662,0.5658
18,61,0.727633,1499,1289,0.8599
61,18,0.727633,1499,1289,0.8599
18,65,0.126419,1384,778,0.5621
65,18,0.126419,1384,778,0.5621
18,78,0.177701,1542,894,0.5798
78,18,0.177701,1542,894,0.5798
18,86,0.169339,1296,719,0.5548
86,18,0.169339,1296,719,0.5548
18,92,0.139617,1429,794,0.5556
92,18,0.139617,1429,794,0.5556
18,93,0.189779,1524,881,0.5781
93,18,0.189779,1524,881,0.5781
18,95,0.178839,1427,830,0.5816
95,18,0.178839,1427,830,0.5816
18,99,0.150315,1393,755,0.542
99,18,0.150315,1393,755,0.542
18,100,0.214665,1558,908,0.5828
100,18,0.214665,1558,908,0.5828
18,117,0.198682,1392,787,0.5654
117,18,0.198682,1392,787,0.5654
18,122,0.198289,1090,626,0.5743
122,18,0.198289,1090,626,0.5743
18,126,0.166123,1382,769,0.5564
126,18,0.166123,1382,769,0.5564
18,127,0.166647,1387,803,0.5789
127,18,0.166647,1387,803,0.5789
18,128,0.221334,1232,707,0.5739
128,18,0.221334,1232,707,0.5739
18,130,0.123189,1226,682,0.5563
130,18,0.123189,1226,682,0.5563
18,135,0.190354,1412,801,0.5673
135,18,0.190354,1412,801,0.5673
18,154,0.178633,1507,873,0.5793
154,18,0.178633,1507,873,0.5793
18,155,0.21696,1408,819,0.5817
155,18,0.21696,1408,819,0.5817
18,160,0.159923,1374,787,0.5728
160,18,0.159923,1374,787,0.5728
18,179,0.313734,1228,806,0.6564
179,18,0.313734,1228,806,0.6564
18,247,0.150287,1417,775,0.5469
247,18,0.150287,1417,775,0.5469
18,770,0.312893,1424,935,0.6566
770,18,0.312893,1424,935,0.6566
18,772,0.13182,1276,697,0.5462
772,18,0.13182,1276,697,0.5462
18,774,0.036224,1333,677,0.5079
774,18,0.036224,1333,677,0.5079
18,776,0.341566,1408,940,0.6676
776,18,0.341566,1408,940,0.6676
18,777,0.153947,1468,840,0.5722
777,18,0.153947,1468,840,0.5722
18,780,0.173157,1436,840,0.585
780,18,0.173157,1436,840,0.585
18,781,0.208235,1192,703,0.5898
781,18,0.208235,1192,703,0.5898
18,782,0.160205,1498,855,0.5708
782,18,0.160205,1498,855,0.5708
18,785,0.205706,948,552,0.5823
785,18,0.205706,948,552,0.5823
18,787,0.148807,1647,917,0.5568
787,18,0.148807,1647,917,0.5568
18,788,0.11851,1457,795,0.5456
788,18,0.11851,1457,795,0.5456
18,789,0.117087,1325,726,0.5479
789,18,0.117087,1325,726,0.5479
18,790,0.146996,1348,757,0.5616
790,18,0.146996,1348,757,0.5616
18,791,0.21002,1460,855,0.5856
791,18,0.21002,1460,855,0.5856
18,793,0.156874,1448,818,0.5649
793,18,0.156874,1448,818,0.5649
18,796,0.146775,1574,871,0.5534
796,18,0.146775,1574,871,0.5534
18,801,0.186749,1471,859,0.584
801,18,0.186749,1471,859,0.584
18,802,0.08679,1487,800,0.538
802,18,0.08679,1487,800,0.538
18,806,0.203719,1516,886,0.5844
806,18,0.203719,1516,886,0.5844
18,809,0.117196,849,465,0.5477
809,18,0.117196,849,465,0.5477
18,811,0.233584,1378,842,0.611
811,18,0.233584,1378,842,0.611
18,818,0.147907,1549,860,0.5552
818,18,0.147907,1549,860,0.5552
18,819,0.145249,1350,733,0.543
819,18,0.145249,1350,733,0.543
18,822,0.209708,1514,895,0.5911
822,18,0.209708,1514,895,0.5911
18,826,0.214157,1612,946,0.5868
826,18,0.214157,1612,946,0.5868
18,828,0.175032,1405,803,0.5715
828,18,0.175032,1405,803,0.5715
18,829,0.224896,1524,899,0.5899
829,18,0.224896,1524,899,0.5899
18,831,0.210838,1505,890,0.5914
831,18,0.210838,1505,890,0.5914
18,834,0.202772,1519,889,0.5853
834,18,0.202772,1519,889,0.5853
18,840,0.315269,1368,894,0.6535
840,18,0.315269,1368,894,0.6535
18,842,0.14488,1540,855,0.5552
842,18,0.14488,1540,855,0.5552
18,845,0.155029,1535,865,0.5635
845,18,0.155029,1535,865,0.5635
18,851,0.159051,1540,883,0.5734
851,18,0.159051,1540,883,0.5734
18,857,0.153085,1175,641,0.5455
857,18,0.153085,1175,641,0.5455
18,861,0.297689,1421,889,0.6256
861,18,0.297689,1421,889,0.6256
18,864,0.158459,1366,771,0.5644
864,18,0.158459,1366,771,0.5644
18,870,0.207852,1369,825,0.6026
870,18,0.207852,1369,825,0.6026
18,874,0.090295,1565,838,0.5355
874,18,0.090295,1565,838,0.5355
18,875,0.158856,1285,738,0.5743
875,18,0.158856,1285,738,0.5743
18,881,0.198675,1274,756,0.5934
881,18,0.198675,1274,756,0.5934
18,883,0.130421,1560,865,0.5545
883,18,0.130421,1560,865,0.5545
18,884,0.210957,1564,924,0.5908
884,18,0.210957,1564,924,0.5908
18,885,0.183359,1498,860,0.5741
885,18,0.183359,1498,860,0.5741
18,886,0.117616,1567,835,0.5329
886,18,0.117616,1567,835,0.5329
18,887,0.119309,1547,854,0.552
887,18,0.119309,1547,854,0.552
18,888,0.127356,1404,768,0.547
888,18,0.127356,1404,768,0.547
18,889,0.19631,1548,905,0.5846
889,18,0.19631,1548,905,0.5846
18,890,0.139394,1495,841,0.5625
890,18,0.139394,1495,841,0.5625
18,891,0.164335,1605,898,0.5595
891,18,0.164335,1605,898,0.5595
18,892,0.147986,1063,573,0.539
892,18,0.147986,1063,573,0.539
18,893,0.167303,1647,940,0.5707
893,18,0.167303,1647,940,0.5707
18,894,0.18977,1716,986,0.5746
894,18,0.18977,1716,986,0.5746
18,895,0.185499,1633,933,0.5713
895,18,0.185499,1633,933,0.5713
18,896,0.181039,1555,898,0.5775
896,18,0.181039,1555,898,0.5775
18,897,0.203667,1579,919,0.582
897,18,0.203667,1579,919,0.582
18,898,0.241153,1464,896,0.612
898,18,0.241153,1464,896,0.612
18,899,0.617691,1612,1283,0.7959
899,18,0.617691,1612,1283,0.7959
18,900,0.145462,1609,897,0.5575
900,18,0.145462,1609,897,0.5575
18,901,0.088706,1317,700,0.5315
901,18,0.088706,1317,700,0.5315
18,902,0.161823,1586,886,0.5586
902,18,0.161823,1586,886,0.5586
18,903,0.115449,1676,909,0.5424
903,18,0.115449,1676,909,0.5424
18,904,0.165226,1560,869,0.5571
904,18,0.165226,1560,869,0.5571
18,905,0.154324,1306,728,0.5574
905,18,0.154324,1306,728,0.5574
18,906,0.206939,1349,795,0.5893
906,18,0.206939,1349,795,0.5893
18,907,0.079193,1685,874,0.5187
907,18,0.079193,1685,874,0.5187
18,908,0.160313,1580,892,0.5646
908,18,0.160313,1580,892,0.5646
18,909,0.19096,1658,954,0.5754
909,18,0.19096,1658,954,0.5754
18,910,0.218951,1507,887,0.5886
910,18,0.218951,1507,887,0.5886
18,911,0.191521,1575,917,0.5822
911,18,0.191521,1575,917,0.5822
18,912,0.228444,1643,972,0.5916
912,18,0.228444,1643,972,0.5916
18,913,0.223694,1541,913,0.5925
913,18,0.223694,1541,913,0.5925
18,914,0.202519,1493,874,0.5854
914,18,0.202519,1493,874,0.5854
18,915,0.145506,1591,890,0.5594
915,18,0.145506,1591,890,0.5594
18,917,0.183153,1639,943,0.5754
917,18,0.183153,1639,943,0.5754
18,918,0.125088,1615,883,0.5467
918,18,0.125088,1615,883,0.5467
18,919,0.12614,1632,899,0.5509
919,18,0.12614,1632,899,0.5509
18,920,0.191248,1585,918,0.5792
920,18,0.191248,1585,918,0.5792
18,921,0.175093,1472,820,0.5571
921,18,0.175093,1472,820,0.5571
18,922,0.142613,1535,855,0.557
922,18,0.142613,1535,855,0.557
18,923,0.218834,1672,981,0.5867
923,18,0.218834,1672,981,0.5867
18,924,0.16499,1695,954,0.5628
924,18,0.16499,1695,954,0.5628
18,925,0.26162,1596,960,0.6015
925,18,0.26162,1596,960,0.6015
18,926,0.091349,1454,745,0.5124
926,18,0.091349,1454,745,0.5124
18,927,0.155818,1547,863,0.5579
927,18,0.155818,1547,863,0.5579
18,928,0.11382,1566,834,0.5326
928,18,0.11382,1566,834,0.5326
18,929,0.116891,1499,818,0.5457
929,18,0.116891,1499,818,0.5457
18,930,0.150654,1620,905,0.5586
930,18,0.150654,1620,905,0.5586
18,931,0.156237,1099,630,0.5732
931,18,0.156237,1099,630,0.5732
18,932,0.144074,1609,890,0.5531
932,18,0.144074,1609,890,0.5531
18,933,0.184735,1370,790,0.5766
933,18,0.184735,1370,790,0.5766
18,934,0.192456,1612,930,0.5769
934,18,0.192456,1612,930,0.5769
18,935,0.174506,1599,924,0.5779
935,18,0.174506,1599,924,0.5779
18,936,0.677003,13,12,0.9231
936,18,0.677003,13,12,0.9231
18,937,0.231871,1571,942,0.5996
937,18,0.231871,1571,942,0.5996
18,938,0.196713,228,135,0.5921
938,18,0.196713,228,135,0.5921
18,939,0.151947,1624,915,0.5634
939,18,0.151947,1624,915,0.5634
18,940,0.21033,1477,879,0.5951
940,18,0.21033,1477,879,0.5951
18,941,0.249759,1456,887,0.6092
941,18,0.249759,1456,887,0.6092
18,942,0.066197,1589,831,0.523
942,18,0.066197,1589,831,0.523
18,943,0.324889,1469,973,0.6624
943,18,0.324889,1469,973,0.6624
18,944,0.237361,1379,859,0.6229
944,18,0.237361,1379,859,0.6229
18,945,0.174069,1459,844,0.5785
945,18,0.174069,1459,844,0.5785
18,946,0.279642,1466,933,0.6364
946,18,0.279642,1466,933,0.6364
18,947,0.159482,1299,744,0.5727
947,18,0.159482,1299,744,0.5727
18,948,0.159844,1254,711,0.567
948,18,0.159844,1254,711,0.567
18,949,0.164773,1515,861,0.5683
949,18,0.164773,1515,861,0.5683
18,950,0.147306,1577,885,0.5612
950,18,0.147306,1577,885,0.5612
18,951,0.187852,1492,868,0.5818
951,18,0.187852,1492,868,0.5818
18,952,0.18762,1556,907,0.5829
952,18,0.18762,1556,907,0.5829
18,953,0.1716,1625,898,0.5526
953,18,0.1716,1625,898,0.5526
18,954,0.175383,1377,798,0.5795
954,18,0.175383,1377,798,0.5795
18,955,0.136136,1433,797,0.5562
955,18,0.136136,1433,797,0.5562
18,956,0.191405,1521,885,0.5819
956,18,0.191405,1521,885,0.5819
18,957,0.117968,1582,865,0.5468
957,18,0.117968,1582,865,0.5468
18,958,0.147832,1402,786,0.5606
958,18,0.147832,1402,786,0.5606
18,959,0.192112,1621,937,0.578
959,18,0.192112,1621,937,0.578
18,960,0.217411,1542,910,0.5901
960,18,0.217411,1542,910,0.5901
18,961,0.101475,1469,794,0.5405
961,18,0.101475,1469,794,0.5405
18,962,0.319058,1467,961,0.6551
962,18,0.319058,1467,961,0.6551
18,963,0.199653,1527,903,0.5914
963,18,0.199653,1527,903,0.5914
18,964,0.164659,1493,860,0.576
964,18,0.164659,1493,860,0.576
18,965,0.246481,1549,951,0.6139
965,18,0.246481,1549,951,0.6139
18,966,0.319748,1434,945,0.659
966,18,0.319748,1434,945,0.659
18,967,0.085777,1484,785,0.529
967,18,0.085777,1484,785,0.529
18,969,0.161629,1652,929,0.5623
969,18,0.161629,1652,929,0.5623
18,970,0.119663,1475,816,0.5532
970,18,0.119663,1475,816,0.5532
18,971,0.195717,1568,905,0.5772
971,18,0.195717,1568,905,0.5772
18,972,0.14799,1581,871,0.5509
972,18,0.14799,1581,871,0.5509
18,973,0.234506,976,591,0.6055
973,18,0.234506,976,591,0.6055
18,974,0.125237,1420,777,0.5472
974,18,0.125237,1420,777,0.5472
18,976,0.13664,1457,810,0.5559
976,18,0.13664,1457,810,0.5559
18,977,0.157002,1657,928,0.56
977,18,0.157002,1657,928,0.56
18,978,0.167293,1417,799,0.5639
978,18,0.167293,1417,799,0.5639
18,979,0.017968,66,31,0.4697
979,18,0.017968,66,31,0.4697
30,31,0.371279,2071,1602,0.7735
31,30,0.371279,2071,1602,0.7735
30,39,0.400442,1960,1454,0.7418
39,30,0.400442,1960,1454,0.7418
30,41,0.449034,1646,1241,0.7539
41,30,0.449034,1646,1241,0.7539
30,54,0.335179,1523,1115,0.7321
54,30,0.335179,1523,1115,0.7321
30,61,0.18554,1616,1047,0.6479
61,30,0.18554,1616,1047,0.6479
30,65,0.382302,1942,1446,0.7446
65,30,0.382302,1942,1446,0.7446
30,78,0.518468,1994,1603,0.8039
78,30,0.518468,1994,1603,0.8039
30,86,0.67144,1667,1441,0.8644
86,30,0.67144,1667,1441,0.8644
30,92,0.516678,1941,1563,0.8053
92,30,0.516678,1941,1563,0.8053
30,93,0.584726,2044,1714,0.8386
93,30,0.584726,2044,1714,0.8386
30,95,0.511869,1949,1560,0.8004
95,30,0.511869,1949,1560,0.8004
30,99,0.417407,1807,1397,0.7731
99,30,0.417407,1807,1397,0.7731
30,100,0.507671,2058,1673,0.8129
100,30,0.507671,2058,1673,0.8129
30,117,0.46609,1743,1377,0.79
117,30,0.46609,1743,1377,0.79
30,122,0.412856,1503,1143,0.7605
122,30,0.412856,1503,1143,0.7605
30,126,0.263518,1887,1374,0.7281
126,30,0.263518,1887,1374,0.7281
30,127,0.369701,1909,1407,0.737
127,30,0.369701,1909,1407,0.737
30,128,0.412275,1612,1237,0.7674
128,30,0.412275,1612,1237,0.7674
30,130,0.505176,1667,1314,0.7882
130,30,0.505176,1667,1314,0.7882
30,135,0.485664,1886,1515,0.8033
135,30,0.485664,1886,1515,0.8033
30,154,0.399646,1852,1383,0.7468
154,30,0.399646,1852,1383,0.7468
30,155,0.326593,1899,1387,0.7304
155,30,0.326593,1899,1387,0.7304
30,160,0.273086,1855,1325,0.7143
160,30,0.273086,1855,1325,0.7143
30,179,0.355638,1274,861,0.6758
179,30,0.355638,1274,861,0.6758
30,247,0.501382,1841,1465,0.7958
247,30,0.501382,1841,1465,0.7958
30,770,0.315867,1880,1231,0.6548
770,30,0.315867,1880,1231,0.6548
30,772,0.536822,1724,1397,0.8103
772,30,0.536822,1724,1397,0.8103
30,774,0.362633,1593,1159,0.7276
774,30,0.362633,1593,1159,0.7276
30,776,0.317861,1793,1216,0.6782
776,30,0.317861,1793,1216,0.6782
30,777,0.463358,2012,1557,0.7739
777,30,0.463358,2012,1557,0.7739
30,780,0.482685,1882,1456,0.7736
780,30,0.482685,1882,1456,0.7736
30,781,0.55576,1522,1239,0.8141
781,30,0.55576,1522,1239,0.8141
30,782,0.268487,2001,1391,0.6952
782,30,0.268487,2001,1391,0.6952
30,785,0.52536,1226,970,0.7912
785,30,0.52536,1226,970,0.7912
30,787,0.575955,2202,1839,0.8351
787,30,0.575955,2202,1839,0.8351
30,788,0.561227,1895,1563,0.8248
788,30,0.561227,1895,1563,0.8248
30,789,0.363227,1666,1233,0.7401
789,30,0.363227,1666,1233,0.7401
30,790,0.472223,1788,1396,0.7808
790,30,0.472223,1788,1396,0.7808
30,791,0.512622,1995,1613,0.8085
791,30,0.512622,1995,1613,0.8085
30,793,0.572385,1899,1563,0.8231
793,30,0.572385,1899,1563,0.8231
30,796,0.498241,2030,1629,0.8025
796,30,0.498241,2030,1629,0.8025
30,801,0.442129,1901,1484,0.7806
801,30,0.442129,1901,1484,0.7806
30,802,0.551082,2032,1693,0.8332
802,30,0.551082,2032,1693,0.8332
30,806,0.606101,2071,1753,0.8465
806,30,0.606101,2071,1753,0.8465
30,809,0.554181,1163,954,0.8203
809,30,0.554181,1163,954,0.8203
30,811,0.402393,1786,1345,0.7531
811,30,0.402393,1786,1345,0.7531
30,818,0.557796,1990,1637,0.8226
818,30,0.557796,1990,1637,0.8226
30,819,0.577844,1621,1335,0.8236
819,30,0.577844,1621,1335,0.8236
30,822,0.404123,1985,1518,0.7647
822,30,0.404123,1985,1518,0.7647
30,826,0.417616,2112,1627,0.7704
826,30,0.417616,2112,1627,0.7704
30,828,0.413655,1874,1483,0.7914
828,30,0.413655,1874,1483,0.7914
30,829,0.481723,1993,1596,0.8008
829,30,0.481723,1993,1596,0.8008
30,831,0.321935,2000,1447,0.7235
831,30,0.321935,2000,1447,0.7235
30,834,0.318774,2044,1480,0.7241
834,30,0.318774,2044,1480,0.7241
30,840,0.421594,1872,1385,0.7399
840,30,0.421594,1872,1385,0.7399
30,842,0.548096,1934,1583,0.8185
842,30,0.548096,1934,1583,0.8185
30,845,0.484493,2037,1612,0.7914
845,30,0.484493,2037,1612,0.7914
30,851,0.34555,1972,1487,0.7541
851,30,0.34555,1972,1487,0.7541
30,857,0.467289,1436,1140,0.7939
857,30,0.467289,1436,1140,0.7939
30,861,0.298645,1849,1303,0.7047
861,30,0.298645,1849,1303,0.7047
30,864,0.506492,1878,1501,0.7993
864,30,0.506492,1878,1501,0.7993
30,870,0.477263,1860,1472,0.7914
870,30,0.477263,1860,1472,0.7914
30,874,0.375797,2047,1527,0.746
874,30,0.375797,2047,1527,0.746
30,875,0.404333,1724,1332,0.7726
875,30,0.404333,1724,1332,0.7726
30,881,0.440011,1749,1334,0.7627
881,30,0.440011,1749,1334,0.7627
30,883,0.601775,2060,1735,0.8422
883,30,0.601775,2060,1735,0.8422
30,884,0.439962,2050,1581,0.7712
884,30,0.439962,2050,1581,0.7712
30,885,0.577617,2013,1677,0.8331
885,30,0.577617,2013,1677,0.8331
30,886,0.544345,2007,1643,0.8186
886,30,0.544345,2007,1643,0.8186
30,887,0.444728,2043,1632,0.7988
887,30,0.444728,2043,1632,0.7988
30,888,0.428535,1853,1428,0.7706
888,30,0.428535,1853,1428,0.7706
30,889,0.305742,2075,1473,0.7099
889,30,0.305742,2075,1473,0.7099
30,890,0.531865,2015,1616,0.802
890,30,0.531865,2015,1616,0.802
30,891,0.494526,2104,1707,0.8113
891,30,0.494526,2104,1707,0.8113
30,892,0.468404,1268,963,0.7595
892,30,0.468404,1268,963,0.7595
30,893,0.413444,2141,1637,0.7646
893,30,0.413444,2141,1637,0.7646
30,894,0.352093,2202,1639,0.7443
894,30,0.352093,2202,1639,0.7443
30,895,0.308401,2137,1527,0.7146
895,30,0.308401,2137,1527,0.7146
30,896,0.336917,2032,1466,0.7215
896,30,0.336917,2032,1466,0.7215
30,897,0.343429,2036,1500,0.7367
897,30,0.343429,2036,1500,0.7367
30,898,0.442761,1779,1307,0.7347
898,30,0.442761,1779,1307,0.7347
30,899,0.184985,2007,1319,0.6572
899,30,0.184985,2007,1319,0.6572
30,900,0.571831,2098,1742,0.8303
900,30,0.571831,2098,1742,0.8303
30,901,0.463533,1799,1375,0.7643
901,30,0.463533,1799,1375,0.7643
30,902,0.494925,2067,1670,0.8079
902,30,0.494925,2067,1670,0.8079
30,903,0.642716,2188,1881,0.8597
903,30,0.642716,2188,1881,0.8597
30,904,0.575336,1961,1635,0.8338
904,30,0.575336,1961,1635,0.8338
30,905,0.535602,1684,1360,0.8076
905,30,0.535602,1684,1360,0.8076
30,906,0.497376,1735,1370,0.7896
906,30,0.497376,1735,1370,0.7896
30,907,0.438619,2114,1660,0.7852
907,30,0.438619,2114,1660,0.7852
30,908,0.308086,2138,1546,0.7231
908,30,0.308086,2138,1546,0.7231
30,909,0.352907,2168,1610,0.7426
909,30,0.352907,2168,1610,0.7426
30,910,0.304226,1932,1388,0.7184
910,30,0.304226,1932,1388,0.7184
30,911,0.35721,2080,1532,0.7365
911,30,0.35721,2080,1532,0.7365
30,912,0.331987,2134,1565,0.7334
912,30,0.331987,2134,1565,0.7334
30,913,0.315352,2025,1474,0.7279
913,30,0.315352,2025,1474,0.7279
30,914,0.324832,2015,1447,0.7181
914,30,0.324832,2015,1447,0.7181
30,915,0.574028,2096,1744,0.8321
915,30,0.574028,2096,1744,0.8321
30,917,0.515904,1979,1577,0.7969
917,30,0.515904,1979,1577,0.7969
30,918,0.555616,2047,1686,0.8236
918,30,0.555616,2047,1686,0.8236
30,919,0.508985,2141,1713,0.8001
919,30,0.508985,2141,1713,0.8001
30,920,0.625556,2102,1796,0.8544
920,30,0.625556,2102,1796,0.8544
30,921,0.414123,1920,1499,0.7807
921,30,0.414123,1920,1499,0.7807
30,922,0.604873,2052,1727,0.8416
922,30,0.604873,2052,1727,0.8416
30,923,0.376651,2174,1656,0.7617
923,30,0.376651,2174,1656,0.7617
30,924,0.524858,2068,1692,0.8182
924,30,0.524858,2068,1692,0.8182
30,925,0.360803,2129,1611,0.7567
925,30,0.360803,2129,1611,0.7567
30,926,0.440976,1834,1476,0.8048
926,30,0.440976,1834,1476,0.8048
30,927,0.585008,2087,1757,0.8419
927,30,0.585008,2087,1757,0.8419
30,928,0.561972,1986,1641,0.8263
928,30,0.561972,1986,1641,0.8263
30,929,0.37615,1935,1472,0.7607
929,30,0.37615,1935,1472,0.7607
30,930,0.312911,2089,1477,0.707
930,30,0.312911,2089,1477,0.707
30,931,0.378857,1521,1126,0.7403
931,30,0.378857,1521,1126,0.7403
30,932,0.550242,2135,1755,0.822
932,30,0.550242,2135,1755,0.822
30,933,0.411178,1762,1320,0.7491
933,30,0.411178,1762,1320,0.7491
30,934,0.377313,2080,1569,0.7543
934,30,0.377313,2080,1569,0.7543
30,935,0.279052,2019,1375,0.681
935,30,0.279052,2019,1375,0.681
30,936,0.679366,14,13,0.9286
936,30,0.679366,14,13,0.9286
30,937,0.298809,2092,1491,0.7127
937,30,0.298809,2092,1491,0.7127
30,938,0.544453,292,242,0.8288
938,30,0.544453,292,242,0.8288
30,939,0.592236,2168,1811,0.8353
939,30,0.592236,2168,1811,0.8353
30,940,0.480088,1985,1565,0.7884
940,30,0.480088,1985,1565,0.7884
30,941,0.582143,1904,1588,0.834
941,30,0.582143,1904,1588,0.834
30,942,0.523684,2076,1668,0.8035
942,30,0.523684,2076,1668,0.8035
30,943,0.396336,1935,1415,0.7313
943,30,0.396336,1935,1415,0.7313
30,944,0.48469,1789,1390,0.777
944,30,0.48469,1789,1390,0.777
30,945,0.540852,1909,1552,0.813
945,30,0.540852,1909,1552,0.813
30,946,0.410705,1849,1367,0.7393
946,30,0.410705,1849,1367,0.7393
30,947,0.362899,1761,1298,0.7371
947,30,0.362899,1761,1298,0.7371
30,948,0.399405,1676,1249,0.7452
948,30,0.399405,1676,1249,0.7452
30,949,0.606622,2026,1698,0.8381
949,30,0.606622,2026,1698,0.8381
30,950,0.542379,2057,1687,0.8201
950,30,0.542379,2057,1687,0.8201
30,951,0.323066,1961,1410,0.719
951,30,0.323066,1961,1410,0.719
30,952,0.419385,1961,1502,0.7659
952,30,0.419385,1961,1502,0.7659
30,953,0.489442,2075,1674,0.8067
953,30,0.489442,2075,1674,0.8067
30,954,0.475639,1778,1383,0.7778
954,30,0.475639,1778,1383,0.7778
30,955,0.476425,1952,1514,0.7756
955,30,0.476425,1952,1514,0.7756
30,956,0.439799,1980,1542,0.7788
956,30,0.439799,1980,1542,0.7788
30,957,0.4168,2051,1574,0.7674
957,30,0.4168,2051,1574,0.7674
30,958,0.436698,1916,1489,0.7771
958,30,0.436698,1916,1489,0.7771
30,959,0.32554,2122,1551,0.7309
959,30,0.32554,2122,1551,0.7309
30,960,0.319407,2072,1494,0.721
960,30,0.319407,2072,1494,0.721
30,961,0.505668,2048,1655,0.8081
961,30,0.505668,2048,1655,0.8081
30,962,0.396645,1902,1387,0.7292
962,30,0.396645,1902,1387,0.7292
30,963,0.493134,2034,1629,0.8009
963,30,0.493134,2034,1629,0.8009
30,964,0.458654,1896,1476,0.7785
964,30,0.458654,1896,1476,0.7785
30,965,0.453286,2044,1593,0.7794
965,30,0.453286,2044,1593,0.7794
30,966,0.404845,1875,1370,0.7307
966,30,0.404845,1875,1370,0.7307
30,967,0.535429,2047,1674,0.8178
967,30,0.535429,2047,1674,0.8178
30,969,0.517664,2161,1762,0.8154
969,30,0.517664,2161,1762,0.8154
30,970,0.414328,1994,1570,0.7874
970,30,0.414328,1994,1570,0.7874
30,971,0.547181,1982,1635,0.8249
971,30,0.547181,1982,1635,0.8249
30,972,0.57119,1962,1632,0.8318
972,30,0.57119,1962,1632,0.8318
30,973,0.281351,1268,841,0.6632
973,30,0.281351,1268,841,0.6632
30,974,0.511218,1858,1500,0.8073
974,30,0.511218,1858,1500,0.8073
30,976,0.490682,1917,1492,0.7783
976,30,0.490682,1917,1492,0.7783
30,977,0.298915,2111,1514,0.7172
977,30,0.298915,2111,1514,0.7172
30,978,0.318776,1851,1345,0.7266
978,30,0.318776,1851,1345,0.7266
30,979,0.502519,60,55,0.9167
979,30,0.502519,60,55,0.9167
31,39,0.405592,2001,1529,0.7641
39,31,0.405592,2001,1529,0.7641
31,41,0.319621,1754,1232,0.7024
41,31,0.319621,1754,1232,0.7024
31,54,0.273842,1507,1090,0.7233
54,31,0.273842,1507,1090,0.7233
31,61,0.197485,1700,1114,0.6553
61,31,0.197485,1700,1114,0.6553
31,65,0.348581,1932,1448,0.7495
65,31,0.348581,1932,1448,0.7495
31,78,0.405629,2017,1573,0.7799
78,31,0.405629,2017,1573,0.7799
31,86,0.406998,1645,1286,0.7818
86,31,0.406998,1645,1286,0.7818
31,92,0.468291,1937,1563,0.8069
92,31,0.468291,1937,1563,0.8069
31,93,0.535825,2033,1725,0.8485
93,31,0.535825,2033,1725,0.8485
31,95,0.439928,1949,1550,0.7953
95,31,0.439928,1949,1550,0.7953
31,99,0.40145,1836,1471,0.8012
99,31,0.40145,1836,1471,0.8012
31,100,0.342754,2084,1655,0.7941
100,31,0.342754,2084,1655,0.7941
31,117,0.375005,1734,1364,0.7866
117,31,0.375005,1734,1364,0.7866
31,122,0.269719,1466,1068,0.7285
122,31,0.269719,1466,1068,0.7285
31,126,0.197287,1882,1397,0.7423
126,31,0.197287,1882,1397,0.7423
31,127,0.343497,1901,1411,0.7422
127,31,0.343497,1901,1411,0.7422
31,128,0.42888,1551,1258,0.8111
128,31,0.42888,1551,1258,0.8111
31,130,0.455931,1624,1285,0.7913
130,31,0.455931,1624,1285,0.7913
31,135,0.477069,1894,1572,0.83
135,31,0.477069,1894,1572,0.83
31,154,0.517263,1962,1568,0.7992
154,31,0.517263,1962,1568,0.7992
31,155,0.33435,1949,1498,0.7686
155,31,0.33435,1949,1498,0.7686
31,160,0.294258,2027,1496,0.738
160,31,0.294258,2027,1496,0.738
31,179,0.337797,1319,883,0.6694
179,31,0.337797,1319,883,0.6694
31,247,0.426223,1905,1511,0.7932
247,31,0.426223,1905,1511,0.7932
31,770,0.239254,1892,1171,0.6189
770,31,0.239254,1892,1171,0.6189
31,772,0.486189,1727,1405,0.8135
772,31,0.486189,1727,1405,0.8135
31,774,0.367422,1613,1185,0.7347
774,31,0.367422,1613,1185,0.7347
31,776,0.269181,1774,1182,0.6663
776,31,0.269181,1774,1182,0.6663
31,777,0.361552,2014,1523,0.7562
777,31,0.361552,2014,1523,0.7562
31,780,0.407943,1873,1419,0.7576
780,31,0.407943,1873,1419,0.7576
31,781,0.475398,1533,1228,0.801
781,31,0.475398,1533,1228,0.801
31,782,0.298251,2038,1452,0.7125
782,31,0.298251,2038,1452,0.7125
31,785,0.422597,1166,886,0.7599
785,31,0.422597,1166,886,0.7599
31,787,0.464297,2226,1830,0.8221
787,31,0.464297,2226,1830,0.8221
31,788,0.455077,1907,1538,0.8065
788,31,0.455077,1907,1538,0.8065
31,789,0.378306,1781,1329,0.7462
789,31,0.378306,1781,1329,0.7462
31,790,0.433373,1780,1391,0.7815
790,31,0.433373,1780,1391,0.7815
31,791,0.523614,1987,1667,0.839
791,31,0.523614,1987,1667,0.839
31,793,0.493008,1892,1536,0.8118
793,31,0.493008,1892,1536,0.8118
31,796,0.476373,2069,1695,0.8192
796,31,0.476373,2069,1695,0.8192
31,801,0.444731,2014,1599,0.7939
801,31,0.444731,2014,1599,0.7939
31,802,0.504872,2116,1762,0.8327
802,31,0.504872,2116,1762,0.8327
31,806,0.409622,2029,1635,0.8058
806,31,0.409622,2029,1635,0.8058
31,809,0.536279,1224,1005,0.8211
809,31,0.536279,1224,1005,0.8211
31,811,0.411397,1816,1398,0.7698
811,31,0.411397,1816,1398,0.7698
31,818,0.518546,2019,1684,0.8341
818,31,0.518546,2019,1684,0.8341
31,819,0.495348,1641,1329,0.8099
819,31,0.495348,1641,1329,0.8099
31,822,0.379373,2050,1594,0.7776
822,31,0.379373,2050,1594,0.7776
31,826,0.443782,2153,1741,0.8086
826,31,0.443782,2153,1741,0.8086
31,828,0.443043,1954,1603,0.8204
828,31,0.443043,1954,1603,0.8204
31,829,0.435294,2029,1655,0.8157
829,31,0.435294,2029,1655,0.8157
31,831,0.345877,2014,1542,0.7656
831,31,0.345877,2014,1542,0.7656
31,834,0.314657,2073,1569,0.7569
834,31,0.314657,2073,1569,0.7569
31,840,0.380178,1842,1363,0.74
840,31,0.380178,1842,1363,0.74
31,842,0.468364,1993,1624,0.8149
842,31,0.468364,1993,1624,0.8149
31,845,0.44697,2073,1656,0.7988
845,31,0.44697,2073,1656,0.7988
31,851,0.397814,2100,1655,0.7881
851,31,0.397814,2100,1655,0.7881
31,857,0.287511,1486,1155,0.7773
857,31,0.287511,1486,1155,0.7773
31,861,0.294921,1888,1389,0.7357
861,31,0.294921,1888,1389,0.7357
31,864,0.449175,1867,1495,0.8007
864,31,0.449175,1867,1495,0.8007
31,870,0.357745,1861,1425,0.7657
870,31,0.357745,1861,1425,0.7657
31,874,0.375144,2067,1596,0.7721
874,31,0.375144,2067,1596,0.7721
31,875,0.426013,1838,1452,0.79
875,31,0.426013,1838,1452,0.79
31,881,0.367319,1729,1297,0.7501
881,31,0.367319,1729,1297,0.7501
31,883,0.45791,2130,1735,0.8146
883,31,0.45791,2130,1735,0.8146
31,884,0.438064,2122,1670,0.787
884,31,0.438064,2122,1670,0.787
31,885,0.491297,2012,1667,0.8285
885,31,0.491297,2012,1667,0.8285
31,886,0.447785,2088,1700,0.8142
886,31,0.447785,2088,1700,0.8142
31,887,0.575023,2220,1911,0.8608
887,31,0.575023,2220,1911,0.8608
31,888,0.43127,1880,1496,0.7957
888,31,0.43127,1880,1496,0.7957
31,889,0.279108,2102,1531,0.7284
889,31,0.279108,2102,1531,0.7284
31,890,0.407083,2032,1575,0.7751
890,31,0.407083,2032,1575,0.7751
31,891,0.46488,2154,1788,0.8301
891,31,0.46488,2154,1788,0.8301
31,892,0.539822,1253,1013,0.8085
892,31,0.539822,1253,1013,0.8085
31,893,0.423836,2178,1732,0.7952
893,31,0.423836,2178,1732,0.7952
31,894,0.303147,2298,1748,0.7607
894,31,0.303147,2298,1748,0.7607
31,895,0.304986,2189,1628,0.7437
895,31,0.304986,2189,1628,0.7437
31,896,0.291029,2089,1529,0.7319
896,31,0.291029,2089,1529,0.7319
31,897,0.342267,2102,1623,0.7721
897,31,0.342267,2102,1623,0.7721
31,898,0.361287,1811,1285,0.7096
898,31,0.361287,1811,1285,0.7096
31,899,0.191794,2082,1453,0.6979
899,31,0.191794,2082,1453,0.6979
31,900,0.519713,2120,1764,0.8321
900,31,0.519713,2120,1764,0.8321
31,901,0.42818,1768,1338,0.7568
901,31,0.42818,1768,1338,0.7568
31,902,0.601684,2168,1883,0.8685
902,31,0.601684,2168,1883,0.8685
31,903,0.479923,2255,1864,0.8266
903,31,0.479923,2255,1864,0.8266
31,904,0.52126,2016,1684,0.8353
904,31,0.52126,2016,1684,0.8353
31,905,0.495758,1701,1392,0.8183
905,31,0.495758,1701,1392,0.8183
31,906,0.478731,1725,1382,0.8012
906,31,0.478731,1725,1382,0.8012
31,907,0.543438,2194,1848,0.8423
907,31,0.543438,2194,1848,0.8423
31,908,0.302145,2185,1659,0.7593
908,31,0.302145,2185,1659,0.7593
31,909,0.299911,2229,1694,0.76
909,31,0.299911,2229,1694,0.76
31,910,0.30489,2006,1510,0.7527
910,31,0.30489,2006,1510,0.7527
31,911,0.29285,2084,1550,0.7438
911,31,0.29285,2084,1550,0.7438
31,912,0.309242,2189,1667,0.7615
912,31,0.309242,2189,1667,0.7615
31,913,0.334675,2064,1595,0.7728
913,31,0.334675,2064,1595,0.7728
31,914,0.284048,2045,1501,0.734
914,31,0.284048,2045,1501,0.734
31,915,0.46291,2136,1735,0.8123
915,31,0.46291,2136,1735,0.8123
31,917,0.352754,1999,1519,0.7599
917,31,0.352754,1999,1519,0.7599
31,918,0.504122,2108,1748,0.8292
918,31,0.504122,2108,1748,0.8292
31,919,0.431816,2195,1741,0.7932
919,31,0.431816,2195,1741,0.7932
31,920,0.452145,2113,1732,0.8197
920,31,0.452145,2113,1732,0.8197
31,921,0.375491,1941,1549,0.798
921,31,0.375491,1941,1549,0.798
31,922,0.491577,2066,1706,0.8258
922,31,0.491577,2066,1706,0.8258
31,923,0.562294,2269,1948,0.8585
923,31,0.562294,2269,1948,0.8585
31,924,0.494182,2135,1794,0.8403
924,31,0.494182,2135,1794,0.8403
31,925,0.329823,2176,1708,0.7849
925,31,0.329823,2176,1708,0.7849
31,926,0.674628,2015,1805,0.8958
926,31,0.674628,2015,1805,0.8958
31,927,0.530428,2119,1795,0.8471
927,31,0.530428,2119,1795,0.8471
31,928,0.483229,2031,1678,0.8262
928,31,0.483229,2031,1678,0.8262
31,929,0.547489,2112,1763,0.8348
929,31,0.547489,2112,1763,0.8348
31,930,0.38606,2154,1612,0.7484
930,31,0.38606,2154,1612,0.7484
31,931,0.459857,1641,1282,0.7812
931,31,0.459857,1641,1282,0.7812
31,932,0.47286,2178,1784,0.8191
932,31,0.47286,2178,1784,0.8191
31,933,0.32465,1746,1283,0.7348
933,31,0.32465,1746,1283,0.7348
31,934,0.332683,2152,1660,0.7714
934,31,0.332683,2152,1660,0.7714
31,935,0.273227,2092,1470,0.7027
935,31,0.273227,2092,1470,0.7027
31,936,1.0,14,14,1.0
936,31,1.0,14,14,1.0
31,937,0.298796,2136,1594,0.7463
937,31,0.298796,2136,1594,0.7463
31,938,0.382895,311,250,0.8039
938,31,0.382895,311,250,0.8039
31,939,0.435144,2188,1746,0.798
939,31,0.435144,2188,1746,0.798
31,940,0.305066,1962,1470,0.7492
940,31,0.305066,1962,1470,0.7492
31,941,0.428902,1899,1512,0.7962
941,31,0.428902,1899,1512,0.7962
31,942,0.399397,2129,1647,0.7736
942,31,0.399397,2129,1647,0.7736
31,943,0.357274,1968,1424,0.7236
943,31,0.357274,1968,1424,0.7236
31,944,0.407891,1821,1388,0.7622
944,31,0.407891,1821,1388,0.7622
31,945,0.47166,1973,1590,0.8059
945,31,0.47166,1973,1590,0.8059
31,946,0.361126,1868,1363,0.7297
946,31,0.361126,1868,1363,0.7297
31,947,0.358298,1752,1324,0.7557
947,31,0.358298,1752,1324,0.7557
31,948,0.318464,1692,1260,0.7447
948,31,0.318464,1692,1260,0.7447
31,949,0.438049,2032,1612,0.7933
949,31,0.438049,2032,1612,0.7933
31,950,0.463067,2108,1717,0.8145
950,31,0.463067,2108,1717,0.8145
31,951,0.310047,2000,1489,0.7445
951,31,0.310047,2000,1489,0.7445
31,952,0.380123,2005,1552,0.7741
952,31,0.380123,2005,1552,0.7741
31,953,0.369565,2108,1682,0.7979
953,31,0.369565,2108,1682,0.7979
31,954,0.40761,1785,1372,0.7686
954,31,0.40761,1785,1372,0.7686
31,955,0.440972,1974,1537,0.7786
955,31,0.440972,1974,1537,0.7786
31,956,0.405258,2042,1608,0.7875
956,31,0.405258,2042,1608,0.7875
31,957,0.451412,2066,1658,0.8025
957,31,0.451412,2066,1658,0.8025
31,958,0.314371,1965,1486,0.7562
958,31,0.314371,1965,1486,0.7562
31,959,0.339015,2179,1670,0.7664
959,31,0.339015,2179,1670,0.7664
31,960,0.313788,2118,1593,0.7521
960,31,0.313788,2118,1593,0.7521
31,961,0.44688,2045,1659,0.8112
961,31,0.44688,2045,1659,0.8112
31,962,0.346416,1922,1382,0.719
962,31,0.346416,1922,1382,0.719
31,963,0.480164,2071,1703,0.8223
963,31,0.480164,2071,1703,0.8223
31,964,0.39996,1909,1487,0.7789
964,31,0.39996,1909,1487,0.7789
31,965,0.432828,2072,1636,0.7896
965,31,0.432828,2072,1636,0.7896
31,966,0.345758,1911,1357,0.7101
966,31,0.345758,1911,1357,0.7101
31,967,0.476386,2027,1667,0.8224
967,31,0.476386,2027,1667,0.8224
31,969,0.479914,2238,1867,0.8342
969,31,0.479914,2238,1867,0.8342
31,970,0.549801,2122,1803,0.8497
970,31,0.549801,2122,1803,0.8497
31,971,0.483866,2077,1714,0.8252
971,31,0.483866,2077,1714,0.8252
31,972,0.525739,1987,1669,0.84
972,31,0.525739,1987,1669,0.84
31,973,0.329074,1257,864,0.6874
973,31,0.329074,1257,864,0.6874
31,974,0.471842,1827,1491,0.8161
974,31,0.471842,1827,1491,0.8161
31,976,0.422161,1918,1468,0.7654
976,31,0.422161,1918,1468,0.7654
31,977,0.281823,2226,1655,0.7435
977,31,0.281823,2226,1655,0.7435
31,978,0.28669,1908,1428,0.7484
978,31,0.28669,1908,1428,0.7484
31,979,0.026042,65,52,0.8
979,31,0.026042,65,52,0.8
39,41,0.368043,1613,1153,0.7148
41,39,0.368043,1613,1153,0.7148
39,54,0.203543,1453,931,0.6407
54,39,0.203543,1453,931,0.6407
39,61,0.176428,1624,1015,0.625
61,39,0.176428,1624,1015,0.625
39,65,0.301765,1832,1264,0.69
65,39,0.301765,1832,1264,0.69
39,78,0.431096,1950,1470,0.7538
78,39,0.431096,1950,1470,0.7538
39,86,0.504456,1578,1224,0.7757
86,39,0.504456,1578,1224,0.7757
39,92,0.424072,1814,1354,0.7464
92,39,0.424072,1814,1354,0.7464
39,93,0.524583,1949,1553,0.7968
93,39,0.524583,1949,1553,0.7968
39,95,0.507551,1827,1430,0.7827
95,39,0.507551,1827,1430,0.7827
39,99,0.517142,1801,1426,0.7918
99,39,0.517142,1801,1426,0.7918
39,100,0.361194,1950,1434,0.7354
100,39,0.361194,1950,1434,0.7354
39,117,0.371014,1664,1210,0.7272
117,39,0.371014,1664,1210,0.7272
39,122,0.215651,1423,932,0.655
122,39,0.215651,1423,932,0.655
39,126,0.22039,1750,1191,0.6806
126,39,0.22039,1750,1191,0.6806
39,127,0.275619,1807,1223,0.6768
127,39,0.275619,1807,1223,0.6768
39,128,0.420724,1515,1124,0.7419
128,39,0.420724,1515,1124,0.7419
39,130,0.481187,1598,1219,0.7628
130,39,0.481187,1598,1219,0.7628
39,135,0.491059,1794,1400,0.7804
135,39,0.491059,1794,1400,0.7804
39,154,0.411569,1819,1342,0.7378
154,39,0.411569,1819,1342,0.7378
39,155,0.429282,1813,1363,0.7518
155,39,0.429282,1813,1363,0.7518
39,160,0.321026,1790,1278,0.714
160,39,0.321026,1790,1278,0.714
39,179,0.241225,1324,821,0.6201
179,39,0.241225,1324,821,0.6201
39,247,0.450578,1824,1381,0.7571
247,39,0.450578,1824,1381,0.7571
39,770,0.169443,1792,1050,0.5859
770,39,0.169443,1792,1050,0.5859
39,772,0.464791,1652,1261,0.7633
772,39,0.464791,1652,1261,0.7633
39,774,0.235565,1605,1045,0.6511
774,39,0.235565,1605,1045,0.6511
39,776,0.21126,1700,1058,0.6224
776,39,0.21126,1700,1058,0.6224
39,777,0.348967,1916,1365,0.7124
777,39,0.348967,1916,1365,0.7124
39,780,0.383969,1816,1306,0.7192
780,39,0.383969,1816,1306,0.7192
39,781,0.451841,1464,1097,0.7493
781,39,0.451841,1464,1097,0.7493
39,782,0.22794,1931,1269,0.6572
782,39,0.22794,1931,1269,0.6572
39,785,0.361164,1200,829,0.6908
785,39,0.361164,1200,829,0.6908
39,787,0.490238,2091,1643,0.7857
787,39,0.490238,2091,1643,0.7857
39,788,0.475545,1851,1426,0.7704
788,39,0.475545,1851,1426,0.7704
39,789,0.311875,1683,1180,0.7011
789,39,0.311875,1683,1180,0.7011
39,790,0.463708,1682,1281,0.7616
790,39,0.463708,1682,1281,0.7616
39,791,0.505368,1866,1464,0.7846
791,39,0.505368,1866,1464,0.7846
39,793,0.465689,1878,1441,0.7673
793,39,0.465689,1878,1441,0.7673
39,796,0.509791,1947,1537,0.7894
796,39,0.509791,1947,1537,0.7894
39,801,0.462569,1857,1435,0.7728
801,39,0.462569,1857,1435,0.7728
39,802,0.536249,1894,1531,0.8083
802,39,0.536249,1894,1531,0.8083
39,806,0.448305,1950,1498,0.7682
806,39,0.448305,1950,1498,0.7682
39,809,0.510449,1141,874,0.766
809,39,0.510449,1141,874,0.766
39,811,0.362231,1799,1286,0.7148
811,39,0.362231,1799,1286,0.7148
39,818,0.490325,1931,1509,0.7815
818,39,0.490325,1931,1509,0.7815
39,819,0.469885,1609,1228,0.7632
819,39,0.469885,1609,1228,0.7632
39,822,0.356356,1970,1428,0.7249
822,39,0.356356,1970,1428,0.7249
39,826,0.454796,2012,1552,0.7714
826,39,0.454796,2012,1552,0.7714
39,828,0.449057,1793,1401,0.7814
828,39,0.449057,1793,1401,0.7814
39,829,0.427058,1904,1446,0.7595
829,39,0.427058,1904,1446,0.7595
39,831,0.403516,1902,1411,0.7419
831,39,0.403516,1902,1411,0.7419
39,834,0.381137,1952,1435,0.7351
834,39,0.381137,1952,1435,0.7351
39,840,0.335798,1755,1210,0.6895
840,39,0.335798,1755,1210,0.6895
39,842,0.520842,1949,1543,0.7917
842,39,0.520842,1949,1543,0.7917
39,845,0.426717,1937,1454,0.7506
845,39,0.426717,1937,1454,0.7506
39,851,0.469328,1908,1491,0.7814
851,39,0.469328,1908,1491,0.7814
39,857,0.546553,1425,1191,0.8358
857,39,0.546553,1425,1191,0.8358
39,861,0.369055,1743,1253,0.7189
861,39,0.369055,1743,1253,0.7189
39,864,0.490241,1755,1357,0.7732
864,39,0.490241,1755,1357,0.7732
39,870,0.316152,1764,1235,0.7001
870,39,0.316152,1764,1235,0.7001
39,874,0.386124,1962,1442,0.735
874,39,0.386124,1962,1442,0.735
39,875,0.370484,1623,1191,0.7338
875,39,0.370484,1623,1191,0.7338
39,881,0.324816,1665,1159,0.6961
881,39,0.324816,1665,1159,0.6961
39,883,0.497916,1974,1548,0.7842
883,39,0.497916,1974,1548,0.7842
39,884,0.393935,2008,1479,0.7366
884,39,0.393935,2008,1479,0.7366
39,885,0.541014,1887,1513,0.8018
885,39,0.541014,1887,1513,0.8018
39,886,0.517676,1945,1537,0.7902
886,39,0.517676,1945,1537,0.7902
39,887,0.497189,1999,1591,0.7959
887,39,0.497189,1999,1591,0.7959
39,888,0.431351,1777,1333,0.7501
888,39,0.431351,1777,1333,0.7501
39,889,0.35207,1979,1415,0.715
889,39,0.35207,1979,1415,0.715
39,890,0.435619,1885,1413,0.7496
890,39,0.435619,1885,1413,0.7496
39,891,0.46706,2051,1595,0.7777
891,39,0.46706,2051,1595,0.7777
39,892,0.475751,1265,946,0.7478
892,39,0.475751,1265,946,0.7478
39,893,0.50212,2039,1601,0.7852
893,39,0.50212,2039,1601,0.7852
39,894,0.430983,2157,1644,0.7622
894,39,0.430983,2157,1644,0.7622
39,895,0.395216,2036,1503,0.7382
895,39,0.395216,2036,1503,0.7382
39,896,0.438941,1983,1493,0.7529
896,39,0.438941,1983,1493,0.7529
39,897,0.412284,2009,1509,0.7511
897,39,0.412284,2009,1509,0.7511
39,898,0.292391,1816,1205,0.6635
898,39,0.292391,1816,1205,0.6635
39,899,0.257767,1947,1312,0.6739
899,39,0.257767,1947,1312,0.6739
39,900,0.515155,1996,1580,0.7916
900,39,0.515155,1996,1580,0.7916
39,901,0.381671,1689,1207,0.7146
901,39,0.381671,1689,1207,0.7146
39,902,0.459808,2012,1560,0.7753
902,39,0.459808,2012,1560,0.7753
39,903,0.540887,2125,1716,0.8075
903,39,0.540887,2125,1716,0.8075
39,904,0.495115,1947,1524,0.7827
904,39,0.495115,1947,1524,0.7827
39,905,0.507084,1609,1253,0.7787
905,39,0.507084,1609,1253,0.7787
39,906,0.454754,1679,1273,0.7582
906,39,0.454754,1679,1273,0.7582
39,907,0.464948,2148,1673,0.7789
907,39,0.464948,2148,1673,0.7789
39,908,0.40191,2010,1499,0.7458
908,39,0.40191,2010,1499,0.7458
39,909,0.430364,2101,1596,0.7596
909,39,0.430364,2101,1596,0.7596
39,910,0.401161,1893,1405,0.7422
910,39,0.401161,1893,1405,0.7422
39,911,0.412179,1980,1477,0.746
911,39,0.412179,1980,1477,0.746
39,912,0.431159,2043,1549,0.7582
912,39,0.431159,2043,1549,0.7582
39,913,0.408695,1971,1474,0.7478
913,39,0.408695,1971,1474,0.7478
39,914,0.375076,1932,1402,0.7257
914,39,0.375076,1932,1402,0.7257
39,915,0.525222,2010,1602,0.797
915,39,0.525222,2010,1602,0.797
39,917,0.451981,1904,1478,0.7763
917,39,0.451981,1904,1478,0.7763
39,918,0.488181,1985,1552,0.7819
918,39,0.488181,1985,1552,0.7819
39,919,0.436652,2042,1547,0.7576
919,39,0.436652,2042,1547,0.7576
39,920,0.474172,2021,1577,0.7803
920,39,0.474172,2021,1577,0.7803
39,921,0.41176,1869,1415,0.7571
921,39,0.41176,1869,1415,0.7571
39,922,0.516784,1931,1526,0.7903
922,39,0.516784,1931,1526,0.7903
39,923,0.38667,2107,1575,0.7475
923,39,0.38667,2107,1575,0.7475
39,924,0.509627,2027,1631,0.8046
924,39,0.509627,2027,1631,0.8046
39,925,0.381571,2030,1508,0.7429
925,39,0.381571,2030,1508,0.7429
39,926,0.444477,1825,1412,0.7737
926,39,0.444477,1825,1412,0.7737
39,927,0.528771,1983,1586,0.7998
927,39,0.528771,1983,1586,0.7998
39,928,0.514271,1925,1520,0.7896
928,39,0.514271,1925,1520,0.7896
39,929,0.354465,1912,1399,0.7317
929,39,0.354465,1912,1399,0.7317
39,930,0.356187,2018,1440,0.7136
930,39,0.356187,2018,1440,0.7136
39,931,0.437992,1439,1078,0.7491
931,39,0.437992,1439,1078,0.7491
39,932,0.535566,2034,1628,0.8004
932,39,0.535566,2034,1628,0.8004
39,933,0.289343,1723,1176,0.6825
933,39,0.289343,1723,1176,0.6825
39,934,0.444894,2039,1562,0.7661
934,39,0.444894,2039,1562,0.7661
39,935,0.339314,2025,1423,0.7027
935,39,0.339314,2025,1423,0.7027
39,936,1.0,14,14,1.0
936,39,1.0,14,14,1.0
39,937,0.368811,2003,1448,0.7229
937,39,0.368811,2003,1448,0.7229
39,938,0.608808,301,260,0.8638
938,39,0.608808,301,260,0.8638
39,939,0.474773,2063,1597,0.7741
939,39,0.474773,2063,1597,0.7741
39,940,0.328883,1870,1330,0.7112
940,39,0.328883,1870,1330,0.7112
39,941,0.395361,1858,1377,0.7411
941,39,0.395361,1858,1377,0.7411
39,942,0.434114,2002,1503,0.7507
942,39,0.434114,2002,1503,0.7507
39,943,0.2374,1902,1224,0.6435
943,39,0.2374,1902,1224,0.6435
39,944,0.381928,1734,1245,0.718
944,39,0.381928,1734,1245,0.718
39,945,0.416696,1862,1388,0.7454
945,39,0.416696,1862,1388,0.7454
39,946,0.266455,1824,1206,0.6612
946,39,0.266455,1824,1206,0.6612
39,947,0.325221,1647,1153,0.7001
947,39,0.325221,1647,1153,0.7001
39,948,0.428173,1588,1182,0.7443
948,39,0.428173,1588,1182,0.7443
39,949,0.456325,1948,1485,0.7623
949,39,0.456325,1948,1485,0.7623
39,950,0.471862,2014,1563,0.7761
950,39,0.471862,2014,1563,0.7761
39,951,0.377477,1894,1378,0.7276
951,39,0.377477,1894,1378,0.7276
39,952,0.393974,1930,1422,0.7368
952,39,0.393974,1930,1422,0.7368
39,953,0.36678,2014,1487,0.7383
953,39,0.36678,2014,1487,0.7383
39,954,0.384078,1666,1205,0.7233
954,39,0.384078,1666,1205,0.7233
39,955,0.416587,1832,1353,0.7385
955,39,0.416587,1832,1353,0.7385
39,956,0.372122,1933,1412,0.7305
956,39,0.372122,1933,1412,0.7305
39,957,0.408085,1988,1490,0.7495
957,39,0.408085,1988,1490,0.7495
39,958,0.314845,1848,1309,0.7083
958,39,0.314845,1848,1309,0.7083
39,959,0.410942,2027,1521,0.7504
959,39,0.410942,2027,1521,0.7504
39,960,0.392632,1967,1443,0.7336
960,39,0.392632,1967,1443,0.7336
39,961,0.431838,1899,1439,0.7578
961,39,0.431838,1899,1439,0.7578
39,962,0.26976,1806,1193,0.6606
962,39,0.26976,1806,1193,0.6606
39,963,0.48053,1962,1532,0.7808
963,39,0.48053,1962,1532,0.7808
39,964,0.382042,1863,1362,0.7311
964,39,0.382042,1863,1362,0.7311
39,965,0.390493,1906,1401,0.735
965,39,0.390493,1906,1401,0.735
39,966,0.261197,1813,1181,0.6514
966,39,0.261197,1813,1181,0.6514
39,967,0.497183,1940,1525,0.7861
967,39,0.497183,1940,1525,0.7861
39,969,0.515127,2102,1672,0.7954
969,39,0.515127,2102,1672,0.7954
39,970,0.411654,1920,1461,0.7609
970,39,0.411654,1920,1461,0.7609
39,971,0.524996,2001,1603,0.8011
971,39,0.524996,2001,1603,0.8011
39,972,0.507882,1933,1524,0.7884
972,39,0.507882,1933,1524,0.7884
39,973,0.142207,1231,712,0.5784
973,39,0.142207,1231,712,0.5784
39,974,0.475583,1816,1404,0.7731
974,39,0.475583,1816,1404,0.7731
39,976,0.418998,1793,1323,0.7379
976,39,0.418998,1793,1323,0.7379
39,977,0.385556,2057,1523,0.7404
977,39,0.385556,2057,1523,0.7404
39,978,0.393731,1772,1307,0.7376
978,39,0.393731,1772,1307,0.7376
39,979,0.336878,77,70,0.9091
979,39,0.336878,77,70,0.9091
41,54,0.24209,1258,816,0.6486
54,41,0.24209,1258,816,0.6486
41,61,0.164149,1409,853,0.6054
61,41,0.164149,1409,853,0.6054
41,65,0.429071,1532,1138,0.7428
65,41,0.429071,1532,1138,0.7428
41,78,0.416615,1575,1160,0.7365
78,41,0.416615,1575,1160,0.7365
41,86,0.460055,1273,961,0.7549
86,41,0.460055,1273,961,0.7549
41,92,0.467308,1541,1171,0.7599
92,41,0.467308,1541,1171,0.7599
41,93,0.508056,1611,1243,0.7716
93,41,0.508056,1611,1243,0.7716
41,95,0.53855,1566,1240,0.7918
95,41,0.53855,1566,1240,0.7918
41,99,0.352455,1464,1040,0.7104
99,41,0.352455,1464,1040,0.7104
41,100,0.321153,1615,1130,0.6997
100,41,0.321153,1615,1130,0.6997
41,117,0.343213,1432,1028,0.7179
117,41,0.343213,1432,1028,0.7179
41,122,0.268643,1099,742,0.6752
122,41,0.268643,1099,742,0.6752
41,126,0.196097,1491,970,0.6506
126,41,0.196097,1491,970,0.6506
41,127,0.385792,1523,1096,0.7196
127,41,0.385792,1523,1096,0.7196
41,128,0.330865,1181,825,0.6986
128,41,0.330865,1181,825,0.6986
41,130,0.437672,1396,1041,0.7457
130,41,0.437672,1396,1041,0.7457
41,135,0.385538,1438,1033,0.7184
135,41,0.385538,1438,1033,0.7184
41,154,0.371462,1500,1068,0.712
154,41,0.371462,1500,1068,0.712
41,155,0.327266,1505,1053,0.6997
155,41,0.327266,1505,1053,0.6997
41,160,0.293277,1528,1050,0.6872
160,41,0.293277,1528,1050,0.6872
41,179,0.316458,1123,749,0.667
179,41,0.316458,1123,749,0.667
41,247,0.462064,1449,1098,0.7578
247,41,0.462064,1449,1098,0.7578
41,770,0.312981,1476,974,0.6599
770,41,0.312981,1476,974,0.6599
41,772,0.49016,1341,1029,0.7673
772,41,0.49016,1341,1029,0.7673
41,774,0.438961,1324,981,0.7409
774,41,0.438961,1324,981,0.7409
41,776,0.312407,1381,930,0.6734
776,41,0.312407,1381,930,0.6734
41,777,0.427578,1581,1174,0.7426
777,41,0.427578,1581,1174,0.7426
41,780,0.46324,1513,1141,0.7541
780,41,0.46324,1513,1141,0.7541
41,781,0.458225,1202,901,0.7496
781,41,0.458225,1202,901,0.7496
41,782,0.299047,1565,1065,0.6805
782,41,0.299047,1565,1065,0.6805
41,785,0.412676,978,713,0.729
785,41,0.412676,978,713,0.729
41,787,0.430236,1770,1323,0.7475
787,41,0.430236,1770,1323,0.7475
41,788,0.464468,1507,1142,0.7578
788,41,0.464468,1507,1142,0.7578
41,789,0.348532,1448,1012,0.6989
789,41,0.348532,1448,1012,0.6989
41,790,0.411179,1374,1007,0.7329
790,41,0.411179,1374,1007,0.7329
41,791,0.512213,1562,1215,0.7778
791,41,0.512213,1562,1215,0.7778
41,793,0.469906,1501,1137,0.7575
793,41,0.469906,1501,1137,0.7575
41,796,0.513129,1636,1277,0.7806
796,41,0.513129,1636,1277,0.7806
41,801,0.489669,1624,1250,0.7697
801,41,0.489669,1624,1250,0.7697
41,802,0.52498,1672,1313,0.7853
802,41,0.52498,1672,1313,0.7853
41,806,0.394425,1592,1157,0.7268
806,41,0.394425,1592,1157,0.7268
41,809,0.650464,929,780,0.8396
809,41,0.650464,929,780,0.8396
41,811,0.318671,1401,962,0.6867
811,41,0.318671,1401,962,0.6867
41,818,0.501765,1602,1242,0.7753
818,41,0.501765,1602,1242,0.7753
41,819,0.484372,1313,996,0.7586
819,41,0.484372,1313,996,0.7586
41,822,0.390275,1590,1152,0.7245
822,41,0.390275,1590,1152,0.7245
41,826,0.430697,1679,1250,0.7445
826,41,0.430697,1679,1250,0.7445
41,828,0.406593,1515,1114,0.7353
828,41,0.406593,1515,1114,0.7353
41,829,0.377294,1538,1106,0.7191
829,41,0.377294,1538,1106,0.7191
41,831,0.234917,1600,1055,0.6594
831,41,0.234917,1600,1055,0.6594
41,834,0.264383,1636,1106,0.676
834,41,0.264383,1636,1106,0.676
41,840,0.416524,1449,1058,0.7302
840,41,0.416524,1449,1058,0.7302
41,842,0.484726,1608,1236,0.7687
842,41,0.484726,1608,1236,0.7687
41,845,0.447308,1623,1222,0.7529
845,41,0.447308,1623,1222,0.7529
41,851,0.321997,1693,1189,0.7023
851,41,0.321997,1693,1189,0.7023
41,857,0.271417,1183,835,0.7058
857,41,0.271417,1183,835,0.7058
41,861,0.271458,1409,940,0.6671
861,41,0.271458,1409,940,0.6671
41,864,0.512561,1505,1177,0.7821
864,41,0.512561,1505,1177,0.7821
41,870,0.372708,1425,1024,0.7186
870,41,0.372708,1425,1024,0.7186
41,874,0.384514,1618,1177,0.7274
874,41,0.384514,1618,1177,0.7274
41,875,0.411572,1423,1049,0.7372
875,41,0.411572,1423,1049,0.7372
41,881,0.345702,1379,969,0.7027
881,41,0.345702,1379,969,0.7027
41,883,0.545139,1667,1325,0.7948
883,41,0.545139,1667,1325,0.7948
41,884,0.400583,1652,1207,0.7306
884,41,0.400583,1652,1207,0.7306
41,885,0.504911,1600,1244,0.7775
885,41,0.504911,1600,1244,0.7775
41,886,0.439333,1636,1225,0.7488
886,41,0.439333,1636,1225,0.7488
41,887,0.480298,1713,1306,0.7624
887,41,0.480298,1713,1306,0.7624
41,888,0.392296,1543,1128,0.731
888,41,0.392296,1543,1128,0.731
41,889,0.252809,1629,1086,0.6667
889,41,0.252809,1629,1086,0.6667
41,890,0.511672,1673,1307,0.7812
890,41,0.511672,1673,1307,0.7812
41,891,0.429418,1699,1264,0.744
891,41,0.429418,1699,1264,0.744
41,892,0.51958,924,715,0.7738
892,41,0.51958,924,715,0.7738
41,893,0.346752,1709,1210,0.708
893,41,0.346752,1709,1210,0.708
41,894,0.286326,1798,1238,0.6885
894,41,0.286326,1798,1238,0.6885
41,895,0.247198,1713,1137,0.6637
895,41,0.247198,1713,1137,0.6637
41,896,0.275722,1632,1102,0.6752
896,41,0.275722,1632,1102,0.6752
41,897,0.28433,1628,1111,0.6824
897,41,0.28433,1628,1111,0.6824
41,898,0.425481,1496,1093,0.7306
898,41,0.425481,1496,1093,0.7306
41,899,0.132993,1649,1008,0.6113
899,41,0.132993,1649,1008,0.6113
41,900,0.539775,1681,1327,0.7894
900,41,0.539775,1681,1327,0.7894
41,901,0.444085,1405,1042,0.7416
901,41,0.444085,1405,1042,0.7416
41,902,0.440719,1668,1254,0.7518
902,41,0.440719,1668,1254,0.7518
41,903,0.568734,1779,1424,0.8004
903,41,0.568734,1779,1424,0.8004
41,904,0.49623,1626,1248,0.7675
904,41,0.49623,1626,1248,0.7675
41,905,0.453858,1308,979,0.7485
905,41,0.453858,1308,979,0.7485
41,906,0.378252,1381,990,0.7169
906,41,0.378252,1381,990,0.7169
41,907,0.459089,1754,1333,0.76
907,41,0.459089,1754,1333,0.76
41,908,0.238857,1690,1126,0.6663
908,41,0.238857,1690,1126,0.6663
41,909,0.280541,1764,1208,0.6848
909,41,0.280541,1764,1208,0.6848
41,910,0.24012,1571,1043,0.6639
910,41,0.24012,1571,1043,0.6639
41,911,0.321244,1628,1137,0.6984
911,41,0.321244,1628,1137,0.6984
41,912,0.277458,1721,1176,0.6833
912,41,0.277458,1721,1176,0.6833
41,913,0.254793,1641,1104,0.6728
913,41,0.254793,1641,1104,0.6728
41,914,0.273659,1648,1113,0.6754
914,41,0.273659,1648,1113,0.6754
41,915,0.510028,1674,1306,0.7802
915,41,0.510028,1674,1306,0.7802
41,917,0.371656,1674,1205,0.7198
917,41,0.371656,1674,1205,0.7198
41,918,0.482974,1666,1282,0.7695
918,41,0.482974,1666,1282,0.7695
41,919,0.476692,1710,1308,0.7649
919,41,0.476692,1710,1308,0.7649
41,920,0.459389,1664,1255,0.7542
920,41,0.459389,1664,1255,0.7542
41,921,0.317064,1561,1099,0.704
921,41,0.317064,1561,1099,0.704
41,922,0.556756,1611,1278,0.7933
922,41,0.556756,1611,1278,0.7933
41,923,0.333143,1754,1240,0.707
923,41,0.333143,1754,1240,0.707
41,924,0.47493,1754,1343,0.7657
924,41,0.47493,1754,1343,0.7657
41,925,0.302299,1710,1188,0.6947
925,41,0.302299,1710,1188,0.6947
41,926,0.405566,1584,1172,0.7399
926,41,0.405566,1584,1172,0.7399
41,927,0.518498,1657,1294,0.7809
927,41,0.518498,1657,1294,0.7809
41,928,0.473631,1603,1222,0.7623
928,41,0.473631,1603,1222,0.7623
41,929,0.367529,1642,1181,0.7192
929,41,0.367529,1642,1181,0.7192
41,930,0.276119,1692,1135,0.6708
930,41,0.276119,1692,1135,0.6708
41,931,0.381155,1247,896,0.7185
931,41,0.381155,1247,896,0.7185
41,932,0.511853,1710,1332,0.7789
932,41,0.511853,1710,1332,0.7789
41,933,0.329041,1384,957,0.6915
933,41,0.329041,1384,957,0.6915
41,934,0.307391,1715,1190,0.6939
934,41,0.307391,1715,1190,0.6939
41,935,0.262154,1661,1095,0.6592
935,41,0.262154,1661,1095,0.6592
41,936,1.0,14,14,1.0
936,41,1.0,14,14,1.0
41,937,0.2565,1692,1132,0.669
937,41,0.2565,1692,1132,0.669
41,938,0.365937,229,173,0.7555
938,41,0.365937,229,173,0.7555
41,939,0.511094,1726,1346,0.7798
939,41,0.511094,1726,1346,0.7798
41,940,0.334036,1591,1115,0.7008
940,41,0.334036,1591,1115,0.7008
41,941,0.398185,1500,1089,0.726
941,41,0.398185,1500,1089,0.726
41,942,0.509233,1703,1327,0.7792
942,41,0.509233,1703,1327,0.7792
41,943,0.372499,1520,1072,0.7053
943,41,0.372499,1520,1072,0.7053
41,944,0.455678,1456,1094,0.7514
944,41,0.455678,1456,1094,0.7514
41,945,0.463279,1578,1195,0.7573
945,41,0.463279,1578,1195,0.7573
41,946,0.377162,1531,1093,0.7139
946,41,0.377162,1531,1093,0.7139
41,947,0.398895,1317,949,0.7206
947,41,0.398895,1317,949,0.7206
41,948,0.241976,1337,886,0.6627
948,41,0.241976,1337,886,0.6627
41,949,0.478054,1619,1236,0.7634
949,41,0.478054,1619,1236,0.7634
41,950,0.443343,1654,1235,0.7467
950,41,0.443343,1654,1235,0.7467
41,951,0.21384,1561,1007,0.6451
951,41,0.21384,1561,1007,0.6451
41,952,0.418432,1592,1181,0.7418
952,41,0.418432,1592,1181,0.7418
41,953,0.378926,1693,1222,0.7218
953,41,0.378926,1693,1222,0.7218
41,954,0.483647,1387,1058,0.7628
954,41,0.483647,1387,1058,0.7628
41,955,0.462138,1572,1191,0.7576
955,41,0.462138,1572,1191,0.7576
41,956,0.430868,1583,1180,0.7454
956,41,0.430868,1583,1180,0.7454
41,957,0.403572,1646,1206,0.7327
957,41,0.403572,1646,1206,0.7327
41,958,0.315012,1508,1049,0.6956
958,41,0.315012,1508,1049,0.6956
41,959,0.248113,1708,1141,0.668
959,41,0.248113,1708,1141,0.668
41,960,0.253265,1631,1093,0.6701
960,41,0.253265,1631,1093,0.6701
41,961,0.461761,1580,1200,0.7595
961,41,0.461761,1580,1200,0.7595
41,962,0.357277,1497,1045,0.6981
962,41,0.357277,1497,1045,0.6981
41,963,0.450083,1647,1240,0.7529
963,41,0.450083,1647,1240,0.7529
41,964,0.392575,1573,1148,0.7298
964,41,0.392575,1573,1148,0.7298
41,965,0.402128,1610,1179,0.7323
965,41,0.402128,1610,1179,0.7323
41,966,0.357962,1485,1033,0.6956
966,41,0.357962,1485,1033,0.6956
41,967,0.468928,1593,1211,0.7602
967,41,0.468928,1593,1211,0.7602
41,969,0.423455,1736,1291,0.7437
969,41,0.423455,1736,1291,0.7437
41,970,0.403014,1665,1224,0.7351
970,41,0.403014,1665,1224,0.7351
41,971,0.494734,1628,1256,0.7715
971,41,0.494734,1628,1256,0.7715
41,972,0.501137,1619,1257,0.7764
972,41,0.501137,1619,1257,0.7764
41,973,0.377829,951,664,0.6982
973,41,0.377829,951,664,0.6982
41,974,0.456581,1485,1125,0.7576
974,41,0.456581,1485,1125,0.7576
41,976,0.492946,1458,1118,0.7668
976,41,0.492946,1458,1118,0.7668
41,977,0.250633,1759,1180,0.6708
977,41,0.250633,1759,1180,0.6708
41,978,0.251005,1506,1006,0.668
978,41,0.251005,1506,1006,0.668
41,979,0.040255,61,42,0.6885
979,41,0.040255,61,42,0.6885
54,61,0.096042,1254,746,0.5949
61,54,0.096042,1254,746,0.5949
54,65,0.349674,1444,1054,0.7299
65,54,0.349674,1444,1054,0.7299
54,78,0.363241,1485,1095,0.7374
78,54,0.363241,1485,1095,0.7374
54,86,0.288722,1189,827,0.6955
86,54,0.288722,1189,827,0.6955
54,92,0.388595,1433,1078,0.7523
92,54,0.388595,1433,1078,0.7523
54,93,0.396063,1508,1158,0.7679
93,54,0.396063,1508,1158,0.7679
54,95,0.324584,1477,1070,0.7244
95,54,0.324584,1477,1070,0.7244
54,99,0.216144,1343,917,0.6828
99,54,0.216144,1343,917,0.6828
54,100,0.238609,1506,1086,0.7211
100,54,0.238609,1506,1086,0.7211
54,117,0.272576,1292,924,0.7152
117,54,0.272576,1292,924,0.7152
54,122,0.191747,1105,737,0.667
122,54,0.191747,1105,737,0.667
54,126,0.201251,1421,1008,0.7094
126,54,0.201251,1421,1008,0.7094
54,127,0.401842,1425,1076,0.7551
127,54,0.401842,1425,1076,0.7551
54,128,0.264121,1188,858,0.7222
128,54,0.264121,1188,858,0.7222
54,130,0.392241,1321,979,0.7411
130,54,0.392241,1321,979,0.7411
54,135,0.272153,1368,994,0.7266
135,54,0.272153,1368,994,0.7266
54,154,0.319004,1366,940,0.6881
154,54,0.319004,1366,940,0.6881
54,155,0.042856,1409,859,0.6097
155,54,0.042856,1409,859,0.6097
54,160,0.089598,1377,843,0.6122
160,54,0.089598,1377,843,0.6122
54,179,0.364861,965,666,0.6902
179,54,0.364861,965,666,0.6902
54,247,0.338997,1329,956,0.7193
247,54,0.338997,1329,956,0.7193
54,770,0.357397,1387,943,0.6799
770,54,0.357397,1387,943,0.6799
54,772,0.375533,1250,927,0.7416
772,54,0.375533,1250,927,0.7416
54,774,0.388793,1256,927,0.7381
774,54,0.388793,1256,927,0.7381
54,776,0.357721,1313,919,0.6999
776,54,0.357721,1313,919,0.6999
54,777,0.40518,1502,1136,0.7563
777,54,0.40518,1502,1136,0.7563
54,780,0.446453,1459,1124,0.7704
780,54,0.446453,1459,1124,0.7704
54,781,0.448311,1182,910,0.7699
781,54,0.448311,1182,910,0.7699
54,782,0.472444,1494,1180,0.7898
782,54,0.472444,1494,1180,0.7898
54,785,0.416536,1072,803,0.7491
785,54,0.416536,1072,803,0.7491
54,787,0.355713,1617,1204,0.7446
787,54,0.355713,1617,1204,0.7446
54,788,0.354156,1481,1096,0.74
788,54,0.354156,1481,1096,0.74
54,789,0.373898,1347,995,0.7387
789,54,0.373898,1347,995,0.7387
54,790,0.286034,1344,932,0.6935
790,54,0.286034,1344,932,0.6935
54,791,0.315,1474,1075,0.7293
791,54,0.315,1474,1075,0.7293
54,793,0.347471,1428,1038,0.7269
793,54,0.347471,1428,1038,0.7269
54,796,0.299728,1491,1070,0.7176
796,54,0.299728,1491,1070,0.7176
54,801,0.242807,1413,963,0.6815
801,54,0.242807,1413,963,0.6815
54,802,0.327648,1462,1077,0.7367
802,54,0.327648,1462,1077,0.7367
54,806,0.294676,1529,1108,0.7247
806,54,0.294676,1529,1108,0.7247
54,809,0.324772,851,587,0.6898
809,54,0.324772,851,587,0.6898
54,811,0.287317,1342,920,0.6855
811,54,0.287317,1342,920,0.6855
54,818,0.347573,1452,1061,0.7307
818,54,0.347573,1452,1061,0.7307
54,819,0.376157,1242,915,0.7367
819,54,0.376157,1242,915,0.7367
54,822,0.455734,1550,1222,0.7884
822,54,0.455734,1550,1222,0.7884
54,826,0.257746,1581,1104,0.6983
826,54,0.257746,1581,1104,0.6983
54,828,0.292447,1366,1002,0.7335
828,54,0.292447,1366,1002,0.7335
54,829,0.315512,1428,1069,0.7486
829,54,0.315512,1428,1069,0.7486
54,831,0.045283,1455,877,0.6027
831,54,0.045283,1455,877,0.6027
54,834,0.062587,1516,935,0.6168
834,54,0.062587,1516,935,0.6168
54,840,0.329501,1378,950,0.6894
840,54,0.329501,1378,950,0.6894
54,842,0.337479,1459,1061,0.7272
842,54,0.337479,1459,1061,0.7272
54,845,0.341367,1504,1086,0.7221
845,54,0.341367,1504,1086,0.7221
54,851,0.24598,1497,1055,0.7047
851,54,0.24598,1497,1055,0.7047
54,857,0.018725,949,575,0.6059
857,54,0.018725,949,575,0.6059
54,861,0.055775,1361,803,0.59
861,54,0.055775,1361,803,0.59
54,864,0.339036,1422,1032,0.7257
864,54,0.339036,1422,1032,0.7257
54,870,0.258406,1364,949,0.6957
870,54,0.258406,1364,949,0.6957
54,874,0.29066,1466,1029,0.7019
874,54,0.29066,1466,1029,0.7019
54,875,0.245914,1256,862,0.6863
875,54,0.245914,1256,862,0.6863
54,881,0.471295,1316,1019,0.7743
881,54,0.471295,1316,1019,0.7743
54,883,0.301736,1543,1099,0.7122
883,54,0.301736,1543,1099,0.7122
54,884,0.424,1571,1205,0.767
884,54,0.424,1571,1205,0.767
54,885,0.344112,1472,1085,0.7371
885,54,0.344112,1472,1085,0.7371
54,886,0.253936,1473,1024,0.6952
886,54,0.253936,1473,1024,0.6952
54,887,0.395738,1489,1151,0.773
887,54,0.395738,1489,1151,0.773
54,888,0.314658,1395,996,0.714
888,54,0.314658,1395,996,0.714
54,889,0.069169,1592,952,0.598
889,54,0.069169,1592,952,0.598
54,890,0.291909,1519,1063,0.6998
890,54,0.291909,1519,1063,0.6998
54,891,0.358813,1568,1191,0.7596
891,54,0.358813,1568,1191,0.7596
54,892,0.323824,1039,728,0.7007
892,54,0.323824,1039,728,0.7007
54,893,0.238521,1561,1072,0.6867
893,54,0.238521,1561,1072,0.6867
54,894,0.081878,1643,1028,0.6257
894,54,0.081878,1643,1028,0.6257
54,895,0.054441,1619,978,0.6041
895,54,0.054441,1619,978,0.6041
54,896,0.043223,1501,871,0.5803
896,54,0.043223,1501,871,0.5803
54,897,0.097274,1522,976,0.6413
897,54,0.097274,1522,976,0.6413
54,898,0.37284,1361,962,0.7068
898,54,0.37284,1361,962,0.7068
54,899,0.069395,1535,919,0.5987
899,54,0.069395,1535,919,0.5987
54,900,0.367329,1568,1156,0.7372
900,54,0.367329,1568,1156,0.7372
54,901,0.35193,1356,964,0.7109
901,54,0.35193,1356,964,0.7109
54,902,0.382479,1557,1191,0.7649
902,54,0.382479,1557,1191,0.7649
54,903,0.320871,1651,1205,0.7299
903,54,0.320871,1651,1205,0.7299
54,904,0.37028,1474,1097,0.7442
904,54,0.37028,1474,1097,0.7442
54,905,0.337432,1203,865,0.719
905,54,0.337432,1203,865,0.719
54,906,0.259187,1329,908,0.6832
906,54,0.259187,1329,908,0.6832
54,907,0.31083,1569,1129,0.7196
907,54,0.31083,1569,1129,0.7196
54,908,0.060456,1554,961,0.6184
908,54,0.060456,1554,961,0.6184
54,909,0.083881,1623,1019,0.6278
909,54,0.083881,1623,1019,0.6278
54,910,0.103558,1470,945,0.6429
910,54,0.103558,1470,945,0.6429
54,911,0.082892,1547,949,0.6134
911,54,0.082892,1547,949,0.6134
54,912,0.060956,1588,985,0.6203
912,54,0.060956,1588,985,0.6203
54,913,0.066089,1494,922,0.6171
913,54,0.066089,1494,922,0.6171
54,914,0.075485,1526,926,0.6068
914,54,0.075485,1526,926,0.6068
54,915,0.313973,1523,1093,0.7177
915,54,0.313973,1523,1093,0.7177
54,917,0.166861,1451,954,0.6575
917,54,0.166861,1451,954,0.6575
54,918,0.371732,1508,1118,0.7414
918,54,0.371732,1508,1118,0.7414
54,919,0.408346,1582,1194,0.7547
919,54,0.408346,1582,1194,0.7547
54,920,0.310744,1578,1156,0.7326
920,54,0.310744,1578,1156,0.7326
54,921,0.22406,1420,997,0.7021
921,54,0.22406,1420,997,0.7021
54,922,0.316366,1544,1124,0.728
922,54,0.316366,1544,1124,0.728
54,923,0.289917,1600,1164,0.7275
923,54,0.289917,1600,1164,0.7275
54,924,0.305365,1511,1090,0.7214
924,54,0.305365,1511,1090,0.7214
54,925,0.151793,1590,1086,0.683
925,54,0.151793,1590,1086,0.683
54,926,0.281401,1335,971,0.7273
926,54,0.281401,1335,971,0.7273
54,927,0.375552,1561,1177,0.754
927,54,0.375552,1561,1177,0.754
54,928,0.339247,1499,1096,0.7312
928,54,0.339247,1499,1096,0.7312
54,929,0.356102,1428,1058,0.7409
929,54,0.356102,1428,1058,0.7409
54,930,0.205801,1591,1035,0.6505
930,54,0.205801,1591,1035,0.6505
54,931,0.216121,1108,732,0.6606
931,54,0.216121,1108,732,0.6606
54,932,0.388524,1585,1191,0.7514
932,54,0.388524,1585,1191,0.7514
54,933,0.398069,1344,1023,0.7612
933,54,0.398069,1344,1023,0.7612
54,934,0.109088,1565,1004,0.6415
934,54,0.109088,1565,1004,0.6415
54,935,0.076725,1539,890,0.5783
935,54,0.076725,1539,890,0.5783
54,936,-0.471405,7,2,0.2857
936,54,-0.471405,7,2,0.2857
54,937,0.037402,1569,926,0.5902
937,54,0.037402,1569,926,0.5902
54,938,0.093226,199,122,0.6131
938,54,0.093226,199,122,0.6131
54,939,0.321028,1595,1139,0.7141
939,54,0.321028,1595,1139,0.7141
54,940,0.255106,1479,1027,0.6944
940,54,0.255106,1479,1027,0.6944
54,941,0.368532,1443,1077,0.7464
941,54,0.368532,1443,1077,0.7464
54,942,0.292325,1551,1076,0.6937
942,54,0.292325,1551,1076,0.6937
54,943,0.406106,1494,1091,0.7303
943,54,0.406106,1494,1091,0.7303
54,944,0.375435,1403,1013,0.722
944,54,0.375435,1403,1013,0.722
54,945,0.449704,1541,1197,0.7768
945,54,0.449704,1541,1197,0.7768
54,946,0.333565,1443,1012,0.7013
946,54,0.333565,1443,1012,0.7013
54,947,0.428408,1380,1069,0.7746
947,54,0.428408,1380,1069,0.7746
54,948,0.12861,1290,808,0.6264
948,54,0.12861,1290,808,0.6264
54,949,0.298948,1491,1045,0.7009
949,54,0.298948,1491,1045,0.7009
54,950,0.33734,1519,1122,0.7386
950,54,0.33734,1519,1122,0.7386
54,951,0.067765,1524,914,0.5997
951,54,0.067765,1524,914,0.5997
54,952,0.326076,1437,1031,0.7175
952,54,0.326076,1437,1031,0.7175
54,953,0.28323,1560,1140,0.7308
953,54,0.28323,1560,1140,0.7308
54,954,0.435778,1377,1050,0.7625
954,54,0.435778,1377,1050,0.7625
54,955,0.318589,1505,1047,0.6957
955,54,0.318589,1505,1047,0.6957
54,956,0.420071,1521,1176,0.7732
956,54,0.420071,1521,1176,0.7732
54,957,0.317883,1497,1078,0.7201
957,54,0.317883,1497,1078,0.7201
54,958,0.181083,1470,977,0.6646
958,54,0.181083,1470,977,0.6646
54,959,0.065365,1604,988,0.616
959,54,0.065365,1604,988,0.616
54,960,0.048415,1525,904,0.5928
960,54,0.048415,1525,904,0.5928
54,961,0.388415,1490,1127,0.7564
961,54,0.388415,1490,1127,0.7564
54,962,0.388495,1466,1068,0.7285
962,54,0.388495,1466,1068,0.7285
54,963,0.379101,1509,1141,0.7561
963,54,0.379101,1509,1141,0.7561
54,964,0.399571,1423,1068,0.7505
964,54,0.399571,1423,1068,0.7505
54,965,0.40964,1508,1150,0.7626
965,54,0.40964,1508,1150,0.7626
54,966,0.420443,1477,1083,0.7332
966,54,0.420443,1477,1083,0.7332
54,967,0.367966,1504,1128,0.75
967,54,0.367966,1504,1128,0.75
54,969,0.333204,1586,1186,0.7478
969,54,0.333204,1586,1186,0.7478
54,970,0.356609,1442,1088,0.7545
970,54,0.356609,1442,1088,0.7545
54,971,0.341163,1505,1117,0.7422
971,54,0.341163,1505,1117,0.7422
54,972,0.402841,1481,1129,0.7623
972,54,0.402841,1481,1129,0.7623
54,973,0.365012,1012,708,0.6996
973,54,0.365012,1012,708,0.6996
54,974,0.30775,1403,1004,0.7156
974,54,0.30775,1403,1004,0.7156
54,976,0.391338,1435,1051,0.7324
976,54,0.391338,1435,1051,0.7324
54,977,0.074407,1590,984,0.6189
977,54,0.074407,1590,984,0.6189
54,978,0.122246,1416,908,0.6412
978,54,0.122246,1416,908,0.6412
54,979,-0.032622,67,49,0.7313
979,54,-0.032622,67,49,0.7313
61,65,0.231445,1491,978,0.6559
65,61,0.231445,1491,978,0.6559
61,78,0.21352,1565,1018,0.6505
78,61,0.21352,1565,1018,0.6505
61,86,0.209293,1325,851,0.6423
86,61,0.209293,1325,851,0.6423
61,92,0.222153,1486,981,0.6602
92,61,0.222153,1486,981,0.6602
61,93,0.245664,1574,1063,0.6753
93,61,0.245664,1574,1063,0.6753
61,95,0.248677,1518,1016,0.6693
95,61,0.248677,1518,1016,0.6693
61,99,0.175281,1494,947,0.6339
99,61,0.175281,1494,947,0.6339
61,100,0.224866,1611,1075,0.6673
100,61,0.224866,1611,1075,0.6673
61,117,0.195588,1414,916,0.6478
117,61,0.195588,1414,916,0.6478
61,122,0.137974,1150,718,0.6243
122,61,0.137974,1150,718,0.6243
61,126,0.11449,1450,916,0.6317
126,61,0.11449,1450,916,0.6317
61,127,0.264302,1492,996,0.6676
127,61,0.264302,1492,996,0.6676
61,128,0.217521,1249,813,0.6509
128,61,0.217521,1249,813,0.6509
61,130,0.212619,1310,840,0.6412
130,61,0.212619,1310,840,0.6412
61,135,0.243614,1461,983,0.6728
135,61,0.243614,1461,983,0.6728
61,154,0.205858,1542,977,0.6336
154,61,0.205858,1542,977,0.6336
61,155,0.273977,1461,998,0.6831
155,61,0.273977,1461,998,0.6831
61,160,0.284005,1491,1024,0.6868
160,61,0.284005,1491,1024,0.6868
61,179,0.388526,1091,760,0.6966
179,61,0.388526,1091,760,0.6966
61,247,0.265122,1429,943,0.6599
247,61,0.265122,1429,943,0.6599
61,770,0.375652,1494,1037,0.6941
770,61,0.375652,1494,1037,0.6941
61,772,0.232694,1329,870,0.6546
772,61,0.232694,1329,870,0.6546
61,774,0.172104,1382,854,0.6179
774,61,0.172104,1382,854,0.6179
61,776,0.382421,1470,1041,0.7082
776,61,0.382421,1470,1041,0.7082
61,777,0.194867,1537,991,0.6448
777,61,0.194867,1537,991,0.6448
61,780,0.242685,1491,975,0.6539
780,61,0.242685,1491,975,0.6539
61,781,0.302707,1263,863,0.6833
781,61,0.302707,1263,863,0.6833
61,782,0.225974,1540,1002,0.6506
782,61,0.225974,1540,1002,0.6506
61,785,0.227389,999,637,0.6376
785,61,0.227389,999,637,0.6376
61,787,0.194263,1698,1110,0.6537
787,61,0.194263,1698,1110,0.6537
61,788,0.178849,1489,937,0.6293
788,61,0.178849,1489,937,0.6293
61,789,0.15153,1435,875,0.6098
789,61,0.15153,1435,875,0.6098
61,790,0.188502,1386,876,0.632
790,61,0.188502,1386,876,0.632
61,791,0.27123,1518,1038,0.6838
791,61,0.27123,1518,1038,0.6838
61,793,0.212885,1469,945,0.6433
793,61,0.212885,1469,945,0.6433
61,796,0.259283,1625,1093,0.6726
796,61,0.259283,1625,1093,0.6726
61,801,0.323028,1602,1121,0.6998
801,61,0.323028,1602,1121,0.6998
61,802,0.242837,1625,1088,0.6695
802,61,0.242837,1625,1088,0.6695
61,806,0.196429,1571,1031,0.6563
806,61,0.196429,1571,1031,0.6563
61,809,0.286099,989,668,0.6754
809,61,0.286099,989,668,0.6754
61,811,0.235792,1440,954,0.6625
811,61,0.235792,1440,954,0.6625
61,818,0.268842,1602,1085,0.6773
818,61,0.268842,1602,1085,0.6773
61,819,0.199383,1340,849,0.6336
819,61,0.199383,1340,849,0.6336
61,822,0.267645,1576,1072,0.6802
822,61,0.267645,1576,1072,0.6802
61,826,0.359841,1647,1187,0.7207
826,61,0.359841,1647,1187,0.7207
61,828,0.318469,1542,1091,0.7075
828,61,0.318469,1542,1091,0.7075
61,829,0.268505,1544,1066,0.6904
829,61,0.268505,1544,1066,0.6904
61,831,0.256609,1563,1061,0.6788
831,61,0.256609,1563,1061,0.6788
61,834,0.255196,1566,1058,0.6756
834,61,0.255196,1566,1058,0.6756
61,840,0.387788,1426,1020,0.7153
840,61,0.387788,1426,1020,0.7153
61,842,0.25222,1566,1056,0.6743
842,61,0.25222,1566,1056,0.6743
61,845,0.24933,1591,1055,0.6631
845,61,0.24933,1591,1055,0.6631
61,851,0.236738,1688,1132,0.6706
851,61,0.236738,1688,1132,0.6706
61,857,0.144467,1039,656,0.6314
857,61,0.144467,1039,656,0.6314
61,861,0.370778,1456,1048,0.7198
861,61,0.370778,1456,1048,0.7198
61,864,0.229939,1447,945,0.6531
864,61,0.229939,1447,945,0.6531
61,870,0.229925,1427,959,0.672
870,61,0.229925,1427,959,0.672
61,874,0.177981,1615,1029,0.6372
874,61,0.177981,1615,1029,0.6372
61,875,0.266565,1413,950,0.6723
875,61,0.266565,1413,950,0.6723
61,881,0.2493,1370,904,0.6599
881,61,0.2493,1370,904,0.6599
61,883,0.199449,1597,1051,0.6581
883,61,0.199449,1597,1051,0.6581
61,884,0.262157,1603,1075,0.6706
884,61,0.262157,1603,1075,0.6706
61,885,0.257196,1548,1047,0.6764
885,61,0.257196,1548,1047,0.6764
61,886,0.247738,1599,1065,0.666
886,61,0.247738,1599,1065,0.666
61,887,0.261633,1656,1129,0.6818
887,61,0.261633,1656,1129,0.6818
61,888,0.166364,1490,937,0.6289
888,61,0.166364,1490,937,0.6289
61,889,0.228188,1590,1048,0.6591
889,61,0.228188,1590,1048,0.6591
61,890,0.219534,1574,1028,0.6531
890,61,0.219534,1574,1028,0.6531
61,891,0.277393,1659,1154,0.6956
891,61,0.277393,1659,1154,0.6956
61,892,0.136541,1037,601,0.5796
892,61,0.136541,1037,601,0.5796
61,893,0.200753,1693,1112,0.6568
893,61,0.200753,1693,1112,0.6568
61,894,0.259839,1750,1195,0.6829
894,61,0.259839,1750,1195,0.6829
61,895,0.243571,1674,1115,0.6661
895,61,0.243571,1674,1115,0.6661
61,896,0.255849,1593,1074,0.6742
896,61,0.255849,1593,1074,0.6742
61,897,0.265143,1615,1102,0.6824
897,61,0.265143,1615,1102,0.6824
61,898,0.343371,1451,996,0.6864
898,61,0.343371,1451,996,0.6864
61,899,0.707809,1697,1477,0.8704
899,61,0.707809,1697,1477,0.8704
61,900,0.259264,1639,1105,0.6742
900,61,0.259264,1639,1105,0.6742
61,901,0.200155,1366,863,0.6318
901,61,0.200155,1366,863,0.6318
61,902,0.23201,1628,1084,0.6658
902,61,0.23201,1628,1084,0.6658
61,903,0.220633,1715,1139,0.6641
903,61,0.220633,1715,1139,0.6641
61,904,0.285405,1578,1075,0.6812
904,61,0.285405,1578,1075,0.6812
61,905,0.252537,1340,899,0.6709
905,61,0.252537,1340,899,0.6709
61,906,0.246784,1389,921,0.6631
906,61,0.246784,1389,921,0.6631
61,907,0.223054,1725,1134,0.6574
907,61,0.223054,1725,1134,0.6574
61,908,0.209494,1643,1086,0.661
908,61,0.209494,1643,1086,0.661
61,909,0.238057,1692,1137,0.672
909,61,0.238057,1692,1137,0.672
61,910,0.262649,1542,1052,0.6822
910,61,0.262649,1542,1052,0.6822
61,911,0.228679,1624,1071,0.6595
911,61,0.228679,1624,1071,0.6595
61,912,0.247898,1681,1136,0.6758
912,61,0.247898,1681,1136,0.6758
61,913,0.257197,1592,1082,0.6796
913,61,0.257197,1592,1082,0.6796
61,914,0.224349,1535,1002,0.6528
914,61,0.224349,1535,1002,0.6528
61,915,0.252225,1620,1090,0.6728
915,61,0.252225,1620,1090,0.6728
61,917,0.193738,1512,971,0.6422
917,61,0.193738,1512,971,0.6422
61,918,0.242104,1646,1101,0.6689
918,61,0.242104,1646,1101,0.6689
61,919,0.224757,1661,1088,0.655
919,61,0.224757,1661,1088,0.655
61,920,0.234368,1631,1101,0.675
920,61,0.234368,1631,1101,0.675
61,921,0.186242,1565,1020,0.6518
921,61,0.186242,1565,1020,0.6518
61,922,0.194394,1587,1025,0.6459
922,61,0.194394,1587,1025,0.6459
61,923,0.243881,1710,1160,0.6784
923,61,0.243881,1710,1160,0.6784
61,924,0.285668,1607,1105,0.6876
924,61,0.285668,1607,1105,0.6876
61,925,0.323421,1654,1168,0.7062
925,61,0.323421,1654,1168,0.7062
61,926,0.198276,1578,1024,0.6489
926,61,0.198276,1578,1024,0.6489
61,927,0.254597,1605,1088,0.6779
927,61,0.254597,1605,1088,0.6779
61,928,0.201573,1566,1018,0.6501
928,61,0.201573,1566,1018,0.6501
61,929,0.191939,1612,1024,0.6352
929,61,0.191939,1612,1024,0.6352
61,930,0.15433,1650,1010,0.6121
930,61,0.15433,1650,1010,0.6121
61,931,0.230992,1206,785,0.6509
931,61,0.230992,1206,785,0.6509
61,932,0.232603,1654,1098,0.6638
932,61,0.232603,1654,1098,0.6638
61,933,0.204899,1409,902,0.6402
933,61,0.204899,1409,902,0.6402
61,934,0.24168,1665,1121,0.6733
934,61,0.24168,1665,1121,0.6733
61,935,0.209589,1633,1044,0.6393
935,61,0.209589,1633,1044,0.6393
61,936,1.0,11,11,1.0
936,61,1.0,11,11,1.0
61,937,0.30362,1644,1141,0.694
937,61,0.30362,1644,1141,0.694
61,938,0.342957,237,177,0.7468
938,61,0.342957,237,177,0.7468
61,939,0.228947,1698,1126,0.6631
939,61,0.228947,1698,1126,0.6631
61,940,0.218866,1553,1021,0.6574
940,61,0.218866,1553,1021,0.6574
61,941,0.22,1524,1003,0.6581
941,61,0.22,1524,1003,0.6581
61,942,0.178629,1626,1024,0.6298
942,61,0.178629,1626,1024,0.6298
61,943,0.375024,1514,1086,0.7173
943,61,0.375024,1514,1086,0.7173
61,944,0.303485,1443,999,0.6923
944,61,0.303485,1443,999,0.6923
61,945,0.256264,1545,1038,0.6718
945,61,0.256264,1545,1038,0.6718
61,946,0.329758,1511,1053,0.6969
946,61,0.329758,1511,1053,0.6969
61,947,0.217794,1361,894,0.6569
947,61,0.217794,1361,894,0.6569
61,948,0.165643,1310,835,0.6374
948,61,0.165643,1310,835,0.6374
61,949,0.253315,1565,1048,0.6696
949,61,0.253315,1565,1048,0.6696
61,950,0.238697,1628,1090,0.6695
950,61,0.238697,1628,1090,0.6695
61,951,0.223805,1548,1024,0.6615
951,61,0.223805,1548,1024,0.6615
61,952,0.234443,1607,1076,0.6696
952,61,0.234443,1607,1076,0.6696
61,953,0.212173,1655,1096,0.6622
953,61,0.212173,1655,1096,0.6622
61,954,0.262938,1444,969,0.6711
954,61,0.262938,1444,969,0.6711
61,955,0.18518,1479,935,0.6322
955,61,0.18518,1479,935,0.6322
61,956,0.254427,1554,1052,0.677
956,61,0.254427,1554,1052,0.677
61,957,0.213998,1650,1089,0.66
957,61,0.213998,1650,1089,0.66
61,958,0.141594,1480,929,0.6277
958,61,0.141594,1480,929,0.6277
61,959,0.262754,1669,1135,0.68
959,61,0.262754,1669,1135,0.68
61,960,0.272777,1592,1077,0.6765
960,61,0.272777,1592,1077,0.6765
61,961,0.170382,1540,981,0.637
961,61,0.170382,1540,981,0.637
61,962,0.429098,1524,1118,0.7336
962,61,0.429098,1524,1118,0.7336
61,963,0.288124,1582,1101,0.696
963,61,0.288124,1582,1101,0.696
61,964,0.234172,1585,1047,0.6606
964,61,0.234172,1585,1047,0.6606
61,965,0.324074,1639,1152,0.7029
965,61,0.324074,1639,1152,0.7029
61,966,0.395323,1482,1066,0.7193
966,61,0.395323,1482,1066,0.7193
61,967,0.171121,1544,983,0.6367
967,61,0.171121,1544,983,0.6367
61,969,0.261994,1693,1169,0.6905
969,61,0.261994,1693,1169,0.6905
61,970,0.175751,1607,1033,0.6428
970,61,0.175751,1607,1033,0.6428
61,971,0.262341,1610,1089,0.6764
971,61,0.262341,1610,1089,0.6764
61,972,0.268347,1585,1069,0.6744
972,61,0.268347,1585,1069,0.6744
61,973,0.398173,1029,726,0.7055
973,61,0.398173,1029,726,0.7055
61,974,0.184929,1485,955,0.6431
974,61,0.184929,1485,955,0.6431
61,976,0.222829,1499,968,0.6458
976,61,0.222829,1499,968,0.6458
61,977,0.19148,1692,1096,0.6478
977,61,0.19148,1692,1096,0.6478
61,978,0.195475,1443,933,0.6466
978,61,0.195475,1443,933,0.6466
61,979,0.050063,64,33,0.5156
979,61,0.050063,64,33,0.5156
65,78,0.432775,1864,1417,0.7602
78,65,0.432775,1864,1417,0.7602
65,86,0.43541,1500,1139,0.7593
86,65,0.43541,1500,1139,0.7593
65,92,0.526542,1825,1472,0.8066
92,65,0.526542,1825,1472,0.8066
65,93,0.537793,1888,1530,0.8104
93,65,0.537793,1888,1530,0.8104
65,95,0.487512,1845,1448,0.7848
95,65,0.487512,1845,1448,0.7848
65,99,0.354072,1672,1236,0.7392
99,65,0.354072,1672,1236,0.7392
65,100,0.323688,1905,1404,0.737
100,65,0.323688,1905,1404,0.737
65,117,0.335069,1611,1184,0.7349
117,65,0.335069,1611,1184,0.7349
65,122,0.285466,1389,968,0.6969
122,65,0.285466,1389,968,0.6969
65,126,0.135335,1801,1210,0.6718
126,65,0.135335,1801,1210,0.6718
65,127,0.478934,1787,1390,0.7778
127,65,0.478934,1787,1390,0.7778
65,128,0.337956,1481,1091,0.7367
128,65,0.337956,1481,1091,0.7367
65,130,0.58204,1583,1300,0.8212
130,65,0.58204,1583,1300,0.8212
65,135,0.417003,1744,1340,0.7683
135,65,0.417003,1744,1340,0.7683
65,154,0.365049,1737,1252,0.7208
154,65,0.365049,1737,1252,0.7208
65,155,0.204386,1778,1199,0.6744
155,65,0.204386,1778,1199,0.6744
65,160,0.219998,1736,1186,0.6832
160,65,0.219998,1736,1186,0.6832
65,179,0.372123,1181,813,0.6884
179,65,0.372123,1181,813,0.6884
65,247,0.467221,1704,1321,0.7752
247,65,0.467221,1704,1321,0.7752
65,770,0.394825,1759,1226,0.697
770,65,0.394825,1759,1226,0.697
65,772,0.524544,1633,1312,0.8034
772,65,0.524544,1633,1312,0.8034
65,774,0.465018,1524,1171,0.7684
774,65,0.465018,1524,1171,0.7684
65,776,0.421438,1655,1207,0.7293
776,65,0.421438,1655,1207,0.7293
65,777,0.51596,1884,1498,0.7951
777,65,0.51596,1884,1498,0.7951
65,780,0.559326,1742,1402,0.8048
780,65,0.559326,1742,1402,0.8048
65,781,0.564746,1491,1208,0.8102
781,65,0.564746,1491,1208,0.8102
65,782,0.418678,1882,1413,0.7508
782,65,0.418678,1882,1413,0.7508
65,785,0.536072,1145,909,0.7939
785,65,0.536072,1145,909,0.7939
65,787,0.491041,2042,1623,0.7948
787,65,0.491041,2042,1623,0.7948
65,788,0.497819,1815,1433,0.7895
788,65,0.497819,1815,1433,0.7895
65,789,0.428016,1550,1170,0.7548
789,65,0.428016,1550,1170,0.7548
65,790,0.433901,1669,1261,0.7555
790,65,0.433901,1669,1261,0.7555
65,791,0.5037,1836,1471,0.8012
791,65,0.5037,1836,1471,0.8012
65,793,0.521492,1773,1408,0.7941
793,65,0.521492,1773,1408,0.7941
65,796,0.47622,1888,1488,0.7881
796,65,0.47622,1888,1488,0.7881
65,801,0.41757,1747,1331,0.7619
801,65,0.41757,1747,1331,0.7619
65,802,0.493177,1882,1511,0.8029
802,65,0.493177,1882,1511,0.8029
65,806,0.388706,1905,1436,0.7538
806,65,0.388706,1905,1436,0.7538
65,809,0.593902,1077,893,0.8292
809,65,0.593902,1077,893,0.8292
65,811,0.378679,1713,1256,0.7332
811,65,0.378679,1713,1256,0.7332
65,818,0.52791,1845,1491,0.8081
818,65,0.52791,1845,1491,0.8081
65,819,0.525672,1507,1194,0.7923
819,65,0.525672,1507,1194,0.7923
65,822,0.524679,1875,1513,0.8069
822,65,0.524679,1875,1513,0.8069
65,826,0.422547,1952,1497,0.7669
826,65,0.422547,1952,1497,0.7669
65,828,0.393946,1730,1339,0.774
828,65,0.393946,1730,1339,0.774
65,829,0.36887,1865,1398,0.7496
829,65,0.36887,1865,1398,0.7496
65,831,0.178313,1887,1236,0.655
831,65,0.178313,1887,1236,0.655
65,834,0.209774,1916,1292,0.6743
834,65,0.209774,1916,1292,0.6743
65,840,0.472911,1762,1350,0.7662
840,65,0.472911,1762,1350,0.7662
65,842,0.530452,1826,1478,0.8094
842,65,0.530452,1826,1478,0.8094
65,845,0.441387,1922,1475,0.7674
845,65,0.441387,1922,1475,0.7674
65,851,0.306902,1858,1358,0.7309
851,65,0.306902,1858,1358,0.7309
65,857,0.234279,1293,911,0.7046
857,65,0.234279,1293,911,0.7046
65,861,0.175911,1683,1081,0.6423
861,65,0.175911,1683,1081,0.6423
65,864,0.471667,1774,1386,0.7813
864,65,0.471667,1774,1386,0.7813
65,870,0.38867,1765,1313,0.7439
870,65,0.38867,1765,1313,0.7439
65,874,0.369713,1881,1385,0.7363
874,65,0.369713,1881,1385,0.7363
65,875,0.430967,1620,1247,0.7698
875,65,0.430967,1620,1247,0.7698
65,881,0.472627,1688,1307,0.7743
881,65,0.472627,1688,1307,0.7743
65,883,0.514074,1928,1552,0.805
883,65,0.514074,1928,1552,0.805
65,884,0.520258,1942,1551,0.7987
884,65,0.520258,1942,1551,0.7987
65,885,0.524191,1831,1478,0.8072
885,65,0.524191,1831,1478,0.8072
65,886,0.436218,1862,1435,0.7707
886,65,0.436218,1862,1435,0.7707
65,887,0.483071,1910,1530,0.801
887,65,0.483071,1910,1530,0.801
65,888,0.412036,1704,1292,0.7582
888,65,0.412036,1704,1292,0.7582
65,889,0.171504,1923,1241,0.6453
889,65,0.171504,1923,1241,0.6453
65,890,0.495287,1880,1476,0.7851
890,65,0.495287,1880,1476,0.7851
65,891,0.45927,1962,1543,0.7864
891,65,0.45927,1962,1543,0.7864
65,892,0.50515,1143,885,0.7743
892,65,0.50515,1143,885,0.7743
65,893,0.329517,1993,1441,0.723
893,65,0.329517,1993,1441,0.723
65,894,0.210027,2056,1396,0.679
894,65,0.210027,2056,1396,0.679
65,895,0.195094,1966,1298,0.6602
895,65,0.195094,1966,1298,0.6602
65,896,0.192566,1896,1236,0.6519
896,65,0.192566,1896,1236,0.6519
65,897,0.218355,1890,1288,0.6815
897,65,0.218355,1890,1288,0.6815
65,898,0.511816,1685,1304,0.7739
898,65,0.511816,1685,1304,0.7739
65,899,0.151623,1905,1217,0.6388
899,65,0.151623,1905,1217,0.6388
65,900,0.548129,1946,1587,0.8155
900,65,0.548129,1946,1587,0.8155
65,901,0.495468,1644,1269,0.7719
901,65,0.495468,1644,1269,0.7719
65,902,0.472618,1970,1556,0.7898
902,65,0.472618,1970,1556,0.7898
65,903,0.517454,2030,1634,0.8049
903,65,0.517454,2030,1634,0.8049
65,904,0.541729,1829,1484,0.8114
904,65,0.541729,1829,1484,0.8114
65,905,0.538849,1539,1238,0.8044
905,65,0.538849,1539,1238,0.8044
65,906,0.411913,1649,1234,0.7483
906,65,0.411913,1649,1234,0.7483
65,907,0.4352,1988,1533,0.7711
907,65,0.4352,1988,1533,0.7711
65,908,0.169503,1984,1307,0.6588
908,65,0.169503,1984,1307,0.6588
65,909,0.207669,2013,1366,0.6786
909,65,0.207669,2013,1366,0.6786
65,910,0.221504,1781,1209,0.6788
910,65,0.221504,1781,1209,0.6788
65,911,0.216036,1919,1284,0.6691
911,65,0.216036,1919,1284,0.6691
65,912,0.21094,1985,1348,0.6791
912,65,0.21094,1985,1348,0.6791
65,913,0.21218,1888,1286,0.6811
913,65,0.21218,1888,1286,0.6811
65,914,0.207532,1902,1269,0.6672
914,65,0.207532,1902,1269,0.6672
65,915,0.473132,1936,1515,0.7825
915,65,0.473132,1936,1515,0.7825
65,917,0.320298,1805,1280,0.7091
917,65,0.320298,1805,1280,0.7091
65,918,0.53187,1934,1566,0.8097
918,65,0.53187,1934,1566,0.8097
65,919,0.510325,2009,1601,0.7969
919,65,0.510325,2009,1601,0.7969
65,920,0.431364,1925,1484,0.7709
920,65,0.431364,1925,1484,0.7709
65,921,0.380365,1789,1359,0.7596
921,65,0.380365,1789,1359,0.7596
65,922,0.488847,1887,1490,0.7896
922,65,0.488847,1887,1490,0.7896
65,923,0.347878,2033,1508,0.7418
923,65,0.347878,2033,1508,0.7418
65,924,0.480855,1939,1534,0.7911
924,65,0.480855,1939,1534,0.7911
65,925,0.307865,1990,1460,0.7337
925,65,0.307865,1990,1460,0.7337
65,926,0.429004,1708,1345,0.7875
926,65,0.429004,1708,1345,0.7875
65,927,0.581999,1968,1643,0.8349
927,65,0.581999,1968,1643,0.8349
65,928,0.522913,1866,1503,0.8055
928,65,0.522913,1866,1503,0.8055
65,929,0.421494,1828,1400,0.7659
929,65,0.421494,1828,1400,0.7659
65,930,0.224081,1944,1291,0.6641
930,65,0.224081,1944,1291,0.6641
65,931,0.303815,1411,989,0.7009
931,65,0.303815,1411,989,0.7009
65,932,0.520312,1998,1608,0.8048
932,65,0.520312,1998,1608,0.8048
65,933,0.413798,1633,1221,0.7477
933,65,0.413798,1633,1221,0.7477
65,934,0.216872,1941,1325,0.6826
934,65,0.216872,1941,1325,0.6826
65,935,0.189681,1910,1213,0.6351
935,65,0.189681,1910,1213,0.6351
65,936,-0.471405,7,2,0.2857
936,65,-0.471405,7,2,0.2857
65,937,0.192575,1954,1300,0.6653
937,65,0.192575,1954,1300,0.6653
65,938,0.060239,252,166,0.6587
938,65,0.060239,252,166,0.6587
65,939,0.513215,2028,1618,0.7978
939,65,0.513215,2028,1618,0.7978
65,940,0.344415,1874,1368,0.73
940,65,0.344415,1874,1368,0.73
65,941,0.408106,1803,1354,0.751
941,65,0.408106,1803,1354,0.751
65,942,0.51009,1942,1541,0.7935
942,65,0.51009,1942,1541,0.7935
65,943,0.466787,1807,1379,0.7631
943,65,0.466787,1807,1379,0.7631
65,944,0.523953,1706,1349,0.7907
944,65,0.523953,1706,1349,0.7907
65,945,0.572017,1821,1502,0.8248
945,65,0.572017,1821,1502,0.8248
65,946,0.52083,1719,1361,0.7917
946,65,0.52083,1719,1361,0.7917
65,947,0.496701,1639,1288,0.7858
947,65,0.496701,1639,1288,0.7858
65,948,0.242094,1570,1065,0.6783
948,65,0.242094,1570,1065,0.6783
65,949,0.489604,1887,1485,0.787
949,65,0.489604,1887,1485,0.787
65,950,0.531859,1919,1554,0.8098
950,65,0.531859,1919,1554,0.8098
65,951,0.173962,1846,1191,0.6452
951,65,0.173962,1846,1191,0.6452
65,952,0.630151,1848,1573,0.8512
952,65,0.630151,1848,1573,0.8512
65,953,0.406889,1935,1486,0.768
953,65,0.406889,1935,1486,0.768
65,954,0.533176,1642,1309,0.7972
954,65,0.533176,1642,1309,0.7972
65,955,0.506654,1833,1447,0.7894
955,65,0.506654,1833,1447,0.7894
65,956,0.526702,1867,1511,0.8093
956,65,0.526702,1867,1511,0.8093
65,957,0.439426,1887,1451,0.7689
957,65,0.439426,1887,1451,0.7689
65,958,0.298991,1840,1314,0.7141
958,65,0.298991,1840,1314,0.7141
65,959,0.204726,1941,1312,0.6759
959,65,0.204726,1941,1312,0.6759
65,960,0.200789,1935,1287,0.6651
960,65,0.200789,1935,1287,0.6651
65,961,0.599489,1946,1632,0.8386
961,65,0.599489,1946,1632,0.8386
65,962,0.457955,1791,1352,0.7549
962,65,0.457955,1791,1352,0.7549
65,963,0.516464,1910,1536,0.8042
963,65,0.516464,1910,1536,0.8042
65,964,0.518199,1790,1428,0.7978
964,65,0.518199,1790,1428,0.7978
65,965,0.539957,1898,1537,0.8098
965,65,0.539957,1898,1537,0.8098
65,966,0.4338,1770,1317,0.7441
966,65,0.4338,1770,1317,0.7441
65,967,0.56704,1904,1572,0.8256
967,65,0.56704,1904,1572,0.8256
65,969,0.500151,2023,1625,0.8033
969,65,0.500151,2023,1625,0.8033
65,970,0.434239,1876,1465,0.7809
970,65,0.434239,1876,1465,0.7809
65,971,0.49907,1851,1476,0.7974
971,65,0.49907,1851,1476,0.7974
65,972,0.535418,1836,1482,0.8072
972,65,0.535418,1836,1482,0.8072
65,973,0.459609,1202,896,0.7454
973,65,0.459609,1202,896,0.7454
65,974,0.456755,1755,1365,0.7778
974,65,0.456755,1755,1365,0.7778
65,976,0.483242,1794,1391,0.7754
976,65,0.483242,1794,1391,0.7754
65,977,0.199908,1968,1323,0.6723
977,65,0.199908,1968,1323,0.6723
65,978,0.199005,1747,1164,0.6663
978,65,0.199005,1747,1164,0.6663
65,979,0.46291,55,41,0.7455
979,65,0.46291,55,41,0.7455
78,86,0.537712,1588,1276,0.8035
86,78,0.537712,1588,1276,0.8035
78,92,0.56233,1859,1522,0.8187
92,78,0.56233,1859,1522,0.8187
78,93,0.667752,2022,1755,0.868
93,78,0.667752,2022,1755,0.868
78,95,0.501188,1886,1492,0.7911
95,78,0.501188,1886,1492,0.7911
78,99,0.471295,1762,1390,0.7889
99,78,0.471295,1762,1390,0.7889
78,100,0.483262,2004,1602,0.7994
100,78,0.483262,2004,1602,0.7994
78,117,0.411009,1695,1290,0.7611
117,78,0.411009,1695,1290,0.7611
78,122,0.320033,1422,1018,0.7159
122,78,0.320033,1422,1018,0.7159
78,126,0.25026,1850,1324,0.7157
126,78,0.25026,1850,1324,0.7157
78,127,0.432436,1849,1401,0.7577
127,78,0.432436,1849,1401,0.7577
78,128,0.418759,1591,1217,0.7649
128,78,0.418759,1591,1217,0.7649
78,130,0.592547,1642,1353,0.824
130,78,0.592547,1642,1353,0.824
78,135,0.489385,1884,1503,0.7978
135,78,0.489385,1884,1503,0.7978
78,154,0.438823,1768,1341,0.7585
154,78,0.438823,1768,1341,0.7585
78,155,0.305062,1850,1327,0.7173
155,78,0.305062,1850,1327,0.7173
78,160,0.268791,1799,1269,0.7054
160,78,0.268791,1799,1269,0.7054
78,179,0.406824,1224,859,0.7018
179,78,0.406824,1224,859,0.7018
78,247,0.53174,1820,1466,0.8055
247,78,0.53174,1820,1466,0.8055
78,770,0.35983,1864,1250,0.6706
770,78,0.35983,1864,1250,0.6706
78,772,0.578894,1703,1407,0.8262
772,78,0.578894,1703,1407,0.8262
78,774,0.384149,1575,1154,0.7327
774,78,0.384149,1575,1154,0.7327
78,776,0.373561,1746,1223,0.7005
776,78,0.373561,1746,1223,0.7005
78,777,0.509019,1956,1549,0.7919
777,78,0.509019,1956,1549,0.7919
78,780,0.543277,1841,1468,0.7974
780,78,0.543277,1841,1468,0.7974
78,781,0.622177,1481,1240,0.8373
781,78,0.622177,1481,1240,0.8373
78,782,0.330234,1967,1407,0.7153
782,78,0.330234,1967,1407,0.7153
78,785,0.530925,1189,935,0.7864
785,78,0.530925,1189,935,0.7864
78,787,0.627566,2126,1811,0.8518
787,78,0.627566,2126,1811,0.8518
78,788,0.59683,1877,1567,0.8348
788,78,0.59683,1877,1567,0.8348
78,789,0.434345,1629,1244,0.7637
789,78,0.434345,1629,1244,0.7637
78,790,0.561196,1775,1440,0.8113
790,78,0.561196,1775,1440,0.8113
78,791,0.542851,1920,1567,0.8161
791,78,0.542851,1920,1567,0.8161
78,793,0.659105,1956,1678,0.8579
793,78,0.659105,1956,1678,0.8579
78,796,0.511603,1977,1586,0.8022
796,78,0.511603,1977,1586,0.8022
78,801,0.457441,1865,1459,0.7823
801,78,0.457441,1865,1459,0.7823
78,802,0.529156,1924,1578,0.8202
802,78,0.529156,1924,1578,0.8202
78,806,0.535377,2002,1631,0.8147
806,78,0.535377,2002,1631,0.8147
78,809,0.579973,1126,926,0.8224
809,78,0.579973,1126,926,0.8224
78,811,0.432224,1732,1319,0.7615
811,78,0.432224,1732,1319,0.7615
78,818,0.606933,1918,1608,0.8384
818,78,0.606933,1918,1608,0.8384
78,819,0.599162,1616,1340,0.8292
819,78,0.599162,1616,1340,0.8292
78,822,0.470448,1969,1546,0.7852
822,78,0.470448,1969,1546,0.7852
78,826,0.47336,2037,1607,0.7889
826,78,0.47336,2037,1607,0.7889
78,828,0.450685,1782,1426,0.8002
828,78,0.450685,1782,1426,0.8002
78,829,0.47377,1951,1547,0.7929
829,78,0.47377,1951,1547,0.7929
78,831,0.285906,1904,1349,0.7085
831,78,0.285906,1904,1349,0.7085
78,834,0.279221,1954,1376,0.7042
834,78,0.279221,1954,1376,0.7042
78,840,0.507916,1813,1408,0.7766
840,78,0.507916,1813,1408,0.7766
78,842,0.581614,1901,1577,0.8296
842,78,0.581614,1901,1577,0.8296
78,845,0.505567,1962,1562,0.7961
845,78,0.505567,1962,1562,0.7961
78,851,0.368881,1874,1422,0.7588
851,78,0.368881,1874,1422,0.7588
78,857,0.369143,1394,1054,0.7561
857,78,0.369143,1394,1054,0.7561
78,861,0.258448,1776,1212,0.6824
861,78,0.258448,1776,1212,0.6824
78,864,0.51211,1773,1412,0.7964
864,78,0.51211,1773,1412,0.7964
78,870,0.502046,1758,1398,0.7952
870,78,0.502046,1758,1398,0.7952
78,874,0.44362,1971,1521,0.7717
874,78,0.44362,1971,1521,0.7717
78,875,0.451224,1679,1319,0.7856
875,78,0.451224,1679,1319,0.7856
78,881,0.471173,1697,1309,0.7714
881,78,0.471173,1697,1309,0.7714
78,883,0.573251,2007,1662,0.8281
883,78,0.573251,2007,1662,0.8281
78,884,0.496825,2014,1593,0.791
884,78,0.496825,2014,1593,0.791
78,885,0.571729,1911,1579,0.8263
885,78,0.571729,1911,1579,0.8263
78,886,0.525572,1955,1576,0.8061
886,78,0.525572,1955,1576,0.8061
78,887,0.549824,2016,1679,0.8328
887,78,0.549824,2016,1679,0.8328
78,888,0.484378,1782,1405,0.7884
888,78,0.484378,1782,1405,0.7884
78,889,0.26718,1998,1382,0.6917
889,78,0.26718,1998,1382,0.6917
78,890,0.520894,1934,1540,0.7963
890,78,0.520894,1934,1540,0.7963
78,891,0.509422,2058,1665,0.809
891,78,0.509422,2058,1665,0.809
78,892,0.498631,1266,977,0.7717
892,78,0.498631,1266,977,0.7717
78,893,0.440743,2042,1577,0.7723
893,78,0.440743,2042,1577,0.7723
78,894,0.306049,2138,1550,0.725
894,78,0.306049,2138,1550,0.725
78,895,0.288415,2027,1431,0.706
895,78,0.288415,2027,1431,0.706
78,896,0.287994,2004,1402,0.6996
896,78,0.287994,2004,1402,0.6996
78,897,0.307971,1999,1444,0.7224
897,78,0.307971,1999,1444,0.7224
78,898,0.466032,1759,1316,0.7482
898,78,0.466032,1759,1316,0.7482
78,899,0.217593,1950,1300,0.6667
899,78,0.217593,1950,1300,0.6667
78,900,0.591326,2010,1672,0.8318
900,78,0.591326,2010,1672,0.8318
78,901,0.541756,1705,1355,0.7947
901,78,0.541756,1705,1355,0.7947
78,902,0.499684,2055,1654,0.8049
902,78,0.499684,2055,1654,0.8049
78,903,0.591072,2127,1780,0.8369
903,78,0.591072,2127,1780,0.8369
78,904,0.629448,1905,1614,0.8472
904,78,0.629448,1905,1614,0.8472
78,905,0.552336,1607,1306,0.8127
905,78,0.552336,1607,1306,0.8127
78,906,0.489666,1691,1323,0.7824
906,78,0.489666,1691,1323,0.7824
78,907,0.450201,2034,1593,0.7832
907,78,0.450201,2034,1593,0.7832
78,908,0.277812,2062,1464,0.71
908,78,0.277812,2062,1464,0.71
78,909,0.311581,2096,1521,0.7257
909,78,0.311581,2096,1521,0.7257
78,910,0.281172,1920,1354,0.7052
910,78,0.281172,1920,1354,0.7052
78,911,0.317402,2017,1447,0.7174
911,78,0.317402,2017,1447,0.7174
78,912,0.307846,2067,1492,0.7218
912,78,0.307846,2067,1492,0.7218
78,913,0.288474,1963,1405,0.7157
913,78,0.288474,1963,1405,0.7157
78,914,0.300111,1964,1391,0.7082
914,78,0.300111,1964,1391,0.7082
78,915,0.534692,2043,1657,0.8111
915,78,0.534692,2043,1657,0.8111
78,917,0.45834,1870,1447,0.7738
917,78,0.45834,1870,1447,0.7738
78,918,0.593378,1989,1661,0.8351
918,78,0.593378,1989,1661,0.8351
78,919,0.560995,2081,1702,0.8179
919,78,0.560995,2081,1702,0.8179
78,920,0.562105,2044,1690,0.8268
920,78,0.562105,2044,1690,0.8268
78,921,0.455916,1879,1485,0.7903
921,78,0.455916,1879,1485,0.7903
78,922,0.571454,1963,1621,0.8258
922,78,0.571454,1963,1621,0.8258
78,923,0.430989,2134,1661,0.7784
923,78,0.430989,2134,1661,0.7784
78,924,0.573519,2006,1670,0.8325
924,78,0.573519,2006,1670,0.8325
78,925,0.346282,2089,1561,0.7472
925,78,0.346282,2089,1561,0.7472
78,926,0.450281,1797,1434,0.798
926,78,0.450281,1797,1434,0.798
78,927,0.622323,2044,1737,0.8498
927,78,0.622323,2044,1737,0.8498
78,928,0.584197,1907,1584,0.8306
928,78,0.584197,1907,1584,0.8306
78,929,0.412242,1890,1455,0.7698
929,78,0.412242,1890,1455,0.7698
78,930,0.308316,2019,1419,0.7028
930,78,0.308316,2019,1419,0.7028
78,931,0.347166,1511,1097,0.726
931,78,0.347166,1511,1097,0.726
78,932,0.570508,2078,1716,0.8258
932,78,0.570508,2078,1716,0.8258
78,933,0.438889,1729,1311,0.7582
933,78,0.438889,1729,1311,0.7582
78,934,0.316874,2037,1485,0.729
934,78,0.316874,2037,1485,0.729
78,935,0.258266,2003,1345,0.6715
935,78,0.258266,2003,1345,0.6715
78,936,-0.113228,14,11,0.7857
936,78,-0.113228,14,11,0.7857
78,937,0.268499,2051,1426,0.6953
937,78,0.268499,2051,1426,0.6953
78,938,0.342657,252,194,0.7698
938,78,0.342657,252,194,0.7698
78,939,0.585974,2077,1722,0.8291
939,78,0.585974,2077,1722,0.8291
78,940,0.457395,1900,1472,0.7747
940,78,0.457395,1900,1472,0.7747
78,941,0.512841,1854,1485,0.801
941,78,0.512841,1854,1485,0.801
78,942,0.488928,1997,1566,0.7842
942,78,0.488928,1997,1566,0.7842
78,943,0.473676,1889,1438,0.7612
943,78,0.473676,1889,1438,0.7612
78,944,0.548659,1752,1406,0.8025
944,78,0.548659,1752,1406,0.8025
78,945,0.612058,1908,1599,0.8381
945,78,0.612058,1908,1599,0.8381
78,946,0.464885,1815,1379,0.7598
946,78,0.464885,1815,1379,0.7598
78,947,0.458283,1695,1306,0.7705
947,78,0.458283,1695,1306,0.7705
78,948,0.353602,1645,1188,0.7222
948,78,0.353602,1645,1188,0.7222
78,949,0.546348,1950,1579,0.8097
949,78,0.546348,1950,1579,0.8097
78,950,0.540199,2052,1675,0.8163
950,78,0.540199,2052,1675,0.8163
78,951,0.279124,1896,1325,0.6988
951,78,0.279124,1896,1325,0.6988
78,952,0.472856,1924,1504,0.7817
952,78,0.472856,1924,1504,0.7817
78,953,0.497599,1985,1594,0.803
953,78,0.497599,1985,1594,0.803
78,954,0.557725,1723,1394,0.8091
954,78,0.557725,1723,1394,0.8091
78,955,0.515454,1877,1479,0.788
955,78,0.515454,1877,1479,0.788
78,956,0.491789,1959,1555,0.7938
956,78,0.491789,1959,1555,0.7938
78,957,0.524243,1973,1591,0.8064
957,78,0.524243,1973,1591,0.8064
78,958,0.381282,1899,1431,0.7536
958,78,0.381282,1899,1431,0.7536
78,959,0.295387,2043,1460,0.7146
959,78,0.295387,2043,1460,0.7146
78,960,0.290308,2012,1419,0.7053
960,78,0.290308,2012,1419,0.7053
78,961,0.568655,1966,1626,0.8271
961,78,0.568655,1966,1626,0.8271
78,962,0.447182,1863,1394,0.7483
962,78,0.447182,1863,1394,0.7483
78,963,0.522214,1991,1612,0.8096
963,78,0.522214,1991,1612,0.8096
78,964,0.534619,1889,1519,0.8041
964,78,0.534619,1889,1519,0.8041
78,965,0.518675,1962,1570,0.8002
965,78,0.518675,1962,1570,0.8002
78,966,0.455638,1858,1388,0.747
966,78,0.455638,1858,1388,0.747
78,967,0.569892,1970,1630,0.8274
967,78,0.569892,1970,1630,0.8274
78,969,0.537399,2110,1729,0.8194
969,78,0.537399,2110,1729,0.8194
78,970,0.456302,1915,1526,0.7969
970,78,0.456302,1915,1526,0.7969
78,971,0.536932,1978,1618,0.818
971,78,0.536932,1978,1618,0.818
78,972,0.613493,1952,1645,0.8427
972,78,0.613493,1952,1645,0.8427
78,973,0.356114,1265,879,0.6949
973,78,0.356114,1265,879,0.6949
78,974,0.560517,1836,1509,0.8219
974,78,0.560517,1836,1509,0.8219
78,976,0.509752,1850,1451,0.7843
976,78,0.509752,1850,1451,0.7843
78,977,0.266528,2043,1433,0.7014
977,78,0.266528,2043,1433,0.7014
78,978,0.284261,1840,1304,0.7087
978,78,0.284261,1840,1304,0.7087
78,979,0.210272,52,43,0.8269
979,78,0.210272,52,43,0.8269
86,92,0.542895,1549,1261,0.8141
92,86,0.542895,1549,1261,0.8141
86,93,0.608461,1663,1401,0.8425
93,86,0.608461,1663,1401,0.8425
86,95,0.592131,1527,1263,0.8271
95,86,0.592131,1527,1263,0.8271
86,99,0.479471,1585,1265,0.7981
99,86,0.479471,1585,1265,0.7981
86,100,0.454512,1697,1340,0.7896
100,86,0.454512,1697,1340,0.7896
86,117,0.426,1507,1174,0.779
117,86,0.426,1507,1174,0.779
86,122,0.334635,1174,852,0.7257
122,86,0.334635,1174,852,0.7257
86,126,0.20756,1488,1051,0.7063
126,86,0.20756,1488,1051,0.7063
86,127,0.404861,1538,1141,0.7419
127,86,0.404861,1538,1141,0.7419
86,128,0.465314,1307,1020,0.7804
128,86,0.465314,1307,1020,0.7804
86,130,0.529262,1414,1121,0.7928
130,86,0.529262,1414,1121,0.7928
86,135,0.515866,1539,1244,0.8083
135,86,0.515866,1539,1244,0.8083
86,154,0.441558,1597,1208,0.7564
154,86,0.441558,1597,1208,0.7564
86,155,0.388836,1481,1110,0.7495
155,86,0.388836,1481,1110,0.7495
86,160,0.281887,1491,1072,0.719
160,86,0.281887,1491,1072,0.719
86,179,0.30552,1133,720,0.6355
179,86,0.30552,1133,720,0.6355
86,247,0.585595,1588,1315,0.8281
247,86,0.585595,1588,1315,0.8281
86,770,0.272123,1584,973,0.6143
770,86,0.272123,1584,973,0.6143
86,772,0.638543,1405,1195,0.8505
772,86,0.638543,1405,1195,0.8505
86,774,0.361153,1364,990,0.7258
774,86,0.361153,1364,990,0.7258
86,776,0.280926,1513,972,0.6424
776,86,0.280926,1513,972,0.6424
86,777,0.452379,1607,1219,0.7586
777,86,0.452379,1607,1219,0.7586
86,780,0.525117,1495,1173,0.7846
780,86,0.525117,1495,1173,0.7846
86,781,0.581563,1208,985,0.8154
781,86,0.581563,1208,985,0.8154
86,782,0.254351,1628,1092,0.6708
782,86,0.254351,1628,1092,0.6708
86,785,0.590066,1040,846,0.8135
785,86,0.590066,1040,846,0.8135
86,787,0.568987,1752,1451,0.8282
787,86,0.568987,1752,1451,0.8282
86,788,0.568121,1561,1282,0.8213
788,86,0.568121,1561,1282,0.8213
86,789,0.36165,1423,1036,0.728
789,86,0.36165,1423,1036,0.728
86,790,0.507166,1544,1215,0.7869
790,86,0.507166,1544,1215,0.7869
86,791,0.573472,1601,1318,0.8232
791,86,0.573472,1601,1318,0.8232
86,793,0.594344,1529,1264,0.8267
793,86,0.594344,1529,1264,0.8267
86,796,0.572314,1692,1402,0.8286
796,86,0.572314,1692,1402,0.8286
86,801,0.511616,1563,1255,0.8029
801,86,0.511616,1563,1255,0.8029
86,802,0.587542,1627,1374,0.8445
802,86,0.587542,1627,1374,0.8445
86,806,0.547928,1649,1349,0.8181
806,86,0.547928,1649,1349,0.8181
86,809,0.655899,1106,951,0.8599
809,86,0.655899,1106,951,0.8599
86,811,0.404749,1468,1092,0.7439
811,86,0.404749,1468,1092,0.7439
86,818,0.613881,1618,1367,0.8449
818,86,0.613881,1618,1367,0.8449
86,819,0.627259,1395,1176,0.843
819,86,0.627259,1395,1176,0.843
86,822,0.414041,1599,1203,0.7523
822,86,0.414041,1599,1203,0.7523
86,826,0.461473,1709,1334,0.7806
826,86,0.461473,1709,1334,0.7806
86,828,0.467558,1502,1211,0.8063
828,86,0.467558,1502,1211,0.8063
86,829,0.51602,1541,1246,0.8086
829,86,0.51602,1541,1246,0.8086
86,831,0.33979,1604,1171,0.73
831,86,0.33979,1604,1171,0.73
86,834,0.359772,1638,1213,0.7405
834,86,0.359772,1638,1213,0.7405
86,840,0.453554,1425,1055,0.7404
840,86,0.453554,1425,1055,0.7404
86,842,0.609856,1638,1379,0.8419
842,86,0.609856,1638,1379,0.8419
86,845,0.508122,1620,1290,0.7963
845,86,0.508122,1620,1290,0.7963
86,851,0.392735,1566,1208,0.7714
851,86,0.392735,1566,1208,0.7714
86,857,0.458046,1211,961,0.7936
857,86,0.458046,1211,961,0.7936
86,861,0.290076,1540,1069,0.6942
861,86,0.290076,1540,1069,0.6942
86,864,0.552813,1544,1255,0.8128
864,86,0.552813,1544,1255,0.8128
86,870,0.435717,1469,1119,0.7617
870,86,0.435717,1469,1119,0.7617
86,874,0.413449,1679,1276,0.76
874,86,0.413449,1679,1276,0.76
86,875,0.478108,1450,1161,0.8007
875,86,0.478108,1450,1161,0.8007
86,881,0.455973,1378,1044,0.7576
881,86,0.455973,1378,1044,0.7576
86,883,0.611487,1649,1388,0.8417
883,86,0.611487,1649,1388,0.8417
86,884,0.43848,1672,1270,0.7596
884,86,0.43848,1672,1270,0.7596
86,885,0.666025,1586,1371,0.8644
885,86,0.666025,1586,1371,0.8644
86,886,0.594814,1743,1465,0.8405
886,86,0.594814,1743,1465,0.8405
86,887,0.535667,1630,1351,0.8288
887,86,0.535667,1630,1351,0.8288
86,888,0.469034,1522,1189,0.7812
888,86,0.469034,1522,1189,0.7812
86,889,0.333275,1654,1188,0.7183
889,86,0.333275,1654,1188,0.7183
86,890,0.565462,1604,1307,0.8148
890,86,0.565462,1604,1307,0.8148
86,891,0.502131,1683,1357,0.8063
891,86,0.502131,1683,1357,0.8063
86,892,0.534928,1151,905,0.7863
892,86,0.534928,1151,905,0.7863
86,893,0.461727,1710,1337,0.7819
893,86,0.461727,1710,1337,0.7819
86,894,0.402105,1779,1362,0.7656
894,86,0.402105,1779,1362,0.7656
86,895,0.348841,1708,1248,0.7307
895,86,0.348841,1708,1248,0.7307
86,896,0.354935,1664,1213,0.729
896,86,0.354935,1664,1213,0.729
86,897,0.381714,1649,1242,0.7532
897,86,0.381714,1649,1242,0.7532
86,898,0.408658,1549,1091,0.7043
898,86,0.408658,1549,1091,0.7043
86,899,0.177426,1608,1032,0.6418
899,86,0.177426,1608,1032,0.6418
86,900,0.656549,1681,1450,0.8626
900,86,0.656549,1681,1450,0.8626
86,901,0.508107,1472,1143,0.7765
901,86,0.508107,1472,1143,0.7765
86,902,0.523902,1635,1329,0.8128
902,86,0.523902,1635,1329,0.8128
86,903,0.640441,1758,1504,0.8555
903,86,0.640441,1758,1504,0.8555
86,904,0.63487,1683,1441,0.8562
904,86,0.63487,1683,1441,0.8562
86,905,0.57933,1411,1163,0.8242
905,86,0.57933,1411,1163,0.8242
86,906,0.526956,1458,1165,0.799
906,86,0.526956,1458,1165,0.799
86,907,0.52066,1706,1387,0.813
907,86,0.52066,1706,1387,0.813
86,908,0.364408,1712,1279,0.7471
908,86,0.364408,1712,1279,0.7471
86,909,0.395256,1760,1338,0.7602
909,86,0.395256,1760,1338,0.7602
86,910,0.355851,1573,1156,0.7349
910,86,0.355851,1573,1156,0.7349
86,911,0.375457,1655,1228,0.742
911,86,0.375457,1655,1228,0.742
86,912,0.379171,1688,1267,0.7506
912,86,0.379171,1688,1267,0.7506
86,913,0.355165,1639,1210,0.7383
913,86,0.355165,1639,1210,0.7383
86,914,0.380344,1608,1195,0.7432
914,86,0.380344,1608,1195,0.7432
86,915,0.615597,1706,1438,0.8429
915,86,0.615597,1706,1438,0.8429
86,917,0.470868,1553,1199,0.7721
917,86,0.470868,1553,1199,0.7721
86,918,0.593259,1741,1458,0.8374
918,86,0.593259,1741,1458,0.8374
86,919,0.526254,1740,1391,0.7994
919,86,0.526254,1740,1391,0.7994
86,920,0.577574,1722,1434,0.8328
920,86,0.577574,1722,1434,0.8328
86,921,0.415861,1564,1216,0.7775
921,86,0.415861,1564,1216,0.7775
86,922,0.617788,1670,1409,0.8437
922,86,0.617788,1670,1409,0.8437
86,923,0.408877,1756,1349,0.7682
923,86,0.408877,1756,1349,0.7682
86,924,0.560769,1663,1376,0.8274
924,86,0.560769,1663,1376,0.8274
86,925,0.376085,1696,1291,0.7612
925,86,0.376085,1696,1291,0.7612
86,926,0.481653,1561,1283,0.8219
926,86,0.481653,1561,1283,0.8219
86,927,0.663675,1665,1443,0.8667
927,86,0.663675,1665,1443,0.8667
86,928,0.600718,1685,1420,0.8427
928,86,0.600718,1685,1420,0.8427
86,929,0.452148,1568,1239,0.7902
929,86,0.452148,1568,1239,0.7902
86,930,0.34706,1712,1234,0.7208
930,86,0.34706,1712,1234,0.7208
86,931,0.384853,1375,1018,0.7404
931,86,0.384853,1375,1018,0.7404
86,932,0.588515,1683,1398,0.8307
932,86,0.588515,1683,1398,0.8307
86,933,0.389733,1429,1051,0.7355
933,86,0.389733,1429,1051,0.7355
86,934,0.393906,1699,1290,0.7593
934,86,0.393906,1699,1290,0.7593
86,935,0.320442,1664,1167,0.7013
935,86,0.320442,1664,1167,0.7013
86,936,1.0,8,8,1.0
936,86,1.0,8,8,1.0
86,937,0.331003,1695,1225,0.7227
937,86,0.331003,1695,1225,0.7227
86,938,0.516586,229,192,0.8384
938,86,0.516586,229,192,0.8384
86,939,0.597139,1723,1435,0.8328
939,86,0.597139,1723,1435,0.8328
86,940,0.41957,1544,1177,0.7623
940,86,0.41957,1544,1177,0.7623
86,941,0.506601,1510,1202,0.796
941,86,0.506601,1510,1202,0.796
86,942,0.565946,1737,1424,0.8198
942,86,0.565946,1737,1424,0.8198
86,943,0.340316,1550,1060,0.6839
943,86,0.340316,1550,1060,0.6839
86,944,0.514044,1469,1140,0.776
944,86,0.514044,1469,1140,0.776
86,945,0.541166,1562,1254,0.8028
945,86,0.541166,1562,1254,0.8028
86,946,0.378212,1520,1082,0.7118
946,86,0.378212,1520,1082,0.7118
86,947,0.367458,1499,1092,0.7285
947,86,0.367458,1499,1092,0.7285
86,948,0.389178,1388,1038,0.7478
948,86,0.389178,1388,1038,0.7478
86,949,0.622032,1671,1403,0.8396
949,86,0.622032,1671,1403,0.8396
86,950,0.564088,1637,1349,0.8241
950,86,0.564088,1637,1349,0.8241
86,951,0.342122,1564,1140,0.7289
951,86,0.342122,1564,1140,0.7289
86,952,0.455214,1599,1235,0.7724
952,86,0.455214,1599,1235,0.7724
86,953,0.481706,1706,1371,0.8036
953,86,0.481706,1706,1371,0.8036
86,954,0.511017,1463,1148,0.7847
954,86,0.511017,1463,1148,0.7847
86,955,0.529976,1599,1262,0.7892
955,86,0.529976,1599,1262,0.7892
86,956,0.45565,1612,1247,0.7736
956,86,0.45565,1612,1247,0.7736
86,957,0.485275,1619,1282,0.7918
957,86,0.485275,1619,1282,0.7918
86,958,0.376657,1515,1132,0.7472
958,86,0.376657,1515,1132,0.7472
86,959,0.382118,1710,1287,0.7526
959,86,0.382118,1710,1287,0.7526
86,960,0.340924,1672,1210,0.7237
960,86,0.340924,1672,1210,0.7237
86,961,0.543986,1607,1308,0.8139
961,86,0.543986,1607,1308,0.8139
86,962,0.327906,1582,1076,0.6802
962,86,0.327906,1582,1076,0.6802
86,963,0.532306,1600,1300,0.8125
963,86,0.532306,1600,1300,0.8125
86,964,0.489211,1553,1215,0.7824
964,86,0.489211,1553,1215,0.7824
86,965,0.454556,1640,1259,0.7677
965,86,0.454556,1640,1259,0.7677
86,966,0.346464,1529,1043,0.6821
966,86,0.346464,1529,1043,0.6821
86,967,0.545614,1640,1339,0.8165
967,86,0.545614,1640,1339,0.8165
86,969,0.533193,1748,1429,0.8175
969,86,0.533193,1748,1429,0.8175
86,970,0.482552,1559,1265,0.8114
970,86,0.482552,1559,1265,0.8114
86,971,0.612744,1648,1390,0.8434
971,86,0.612744,1648,1390,0.8434
86,972,0.624711,1618,1378,0.8517
972,86,0.624711,1618,1378,0.8517
86,973,0.305863,1204,808,0.6711
973,86,0.305863,1204,808,0.6711
86,974,0.572206,1472,1215,0.8254
974,86,0.572206,1472,1215,0.8254
86,976,0.536598,1584,1258,0.7942
976,86,0.536598,1584,1258,0.7942
86,977,0.333184,1722,1260,0.7317
977,86,0.333184,1722,1260,0.7317
86,978,0.388641,1515,1141,0.7531
978,86,0.388641,1515,1141,0.7531
86,979,0.372104,42,39,0.9286
979,86,0.372104,42,39,0.9286
92,93,0.665368,1905,1660,0.8714
93,92,0.665368,1905,1660,0.8714
92,95,0.562013,1814,1487,0.8197
95,92,0.562013,1814,1487,0.8197
92,99,0.459207,1726,1370,0.7937
99,92,0.459207,1726,1370,0.7937
92,100,0.416854,1938,1524,0.7864
100,92,0.416854,1938,1524,0.7864
92,117,0.417253,1663,1297,0.7799
117,92,0.417253,1663,1297,0.7799
92,122,0.293822,1436,1025,0.7138
122,92,0.293822,1436,1025,0.7138
92,126,0.193035,1782,1262,0.7082
126,92,0.193035,1782,1262,0.7082
92,127,0.489001,1779,1396,0.7847
127,92,0.489001,1779,1396,0.7847
92,128,0.392412,1531,1177,0.7688
128,92,0.392412,1531,1177,0.7688
92,130,0.644501,1594,1354,0.8494
130,92,0.644501,1594,1354,0.8494
92,135,0.455993,1772,1406,0.7935
135,92,0.455993,1772,1406,0.7935
92,154,0.488989,1772,1384,0.781
154,92,0.488989,1772,1384,0.781
92,155,0.290011,1835,1328,0.7237
155,92,0.290011,1835,1328,0.7237
92,160,0.25867,1791,1269,0.7085
160,92,0.25867,1791,1269,0.7085
92,179,0.403452,1231,855,0.6946
179,92,0.403452,1231,855,0.6946
92,247,0.555947,1750,1434,0.8194
247,92,0.555947,1750,1434,0.8194
92,770,0.407769,1751,1211,0.6916
770,92,0.407769,1751,1211,0.6916
92,772,0.614567,1676,1421,0.8479
772,92,0.614567,1676,1421,0.8479
92,774,0.522653,1546,1234,0.7982
774,92,0.522653,1546,1234,0.7982
92,776,0.419058,1674,1201,0.7174
776,92,0.419058,1674,1201,0.7174
92,777,0.586679,1856,1531,0.8249
777,92,0.586679,1856,1531,0.8249
92,780,0.603318,1700,1399,0.8229
780,92,0.603318,1700,1399,0.8229
92,781,0.669419,1462,1258,0.8605
781,92,0.669419,1462,1258,0.8605
92,782,0.381943,1890,1393,0.737
782,92,0.381943,1890,1393,0.737
92,785,0.631562,1236,1034,0.8366
785,92,0.631562,1236,1034,0.8366
92,787,0.602667,2056,1744,0.8482
787,92,0.602667,2056,1744,0.8482
92,788,0.626988,1790,1523,0.8508
788,92,0.626988,1790,1523,0.8508
92,789,0.524659,1655,1330,0.8036
789,92,0.524659,1655,1330,0.8036
92,790,0.540508,1697,1369,0.8067
790,92,0.540508,1697,1369,0.8067
92,791,0.594618,1896,1603,0.8455
791,92,0.594618,1896,1603,0.8455
92,793,0.636832,1785,1514,0.8482
793,92,0.636832,1785,1514,0.8482
92,796,0.568237,1901,1581,0.8317
796,92,0.568237,1901,1581,0.8317
92,801,0.481243,1816,1447,0.7968
801,92,0.481243,1816,1447,0.7968
92,802,0.603824,1873,1605,0.8569
802,92,0.603824,1873,1605,0.8569
92,806,0.487105,1875,1505,0.8027
806,92,0.487105,1875,1505,0.8027
92,809,0.674951,1156,1007,0.8711
809,92,0.674951,1156,1007,0.8711
92,811,0.41723,1699,1284,0.7557
811,92,0.41723,1699,1284,0.7557
92,818,0.678743,1924,1683,0.8747
818,92,0.678743,1924,1683,0.8747
92,819,0.651518,1563,1337,0.8554
819,92,0.651518,1563,1337,0.8554
92,822,0.553911,1881,1553,0.8256
822,92,0.553911,1881,1553,0.8256
92,826,0.470572,1976,1569,0.794
826,92,0.470572,1976,1569,0.794
92,828,0.451783,1772,1433,0.8087
828,92,0.451783,1772,1433,0.8087
92,829,0.459056,1863,1479,0.7939
829,92,0.459056,1863,1479,0.7939
92,831,0.293101,1870,1339,0.716
831,92,0.293101,1870,1339,0.716
92,834,0.249934,1906,1338,0.702
834,92,0.249934,1906,1338,0.702
92,840,0.496009,1786,1374,0.7693
840,92,0.496009,1786,1374,0.7693
92,842,0.623279,1865,1591,0.8531
842,92,0.623279,1865,1591,0.8531
92,845,0.538215,1895,1544,0.8148
845,92,0.538215,1895,1544,0.8148
92,851,0.3992,1821,1412,0.7754
851,92,0.3992,1821,1412,0.7754
92,857,0.345106,1306,991,0.7588
857,92,0.345106,1306,991,0.7588
92,861,0.221712,1686,1133,0.672
861,92,0.221712,1686,1133,0.672
92,864,0.573477,1772,1468,0.8284
864,92,0.573477,1772,1468,0.8284
92,870,0.467211,1721,1351,0.785
870,92,0.467211,1721,1351,0.785
92,874,0.43309,1917,1482,0.7731
874,92,0.43309,1917,1482,0.7731
92,875,0.459897,1634,1298,0.7944
875,92,0.459897,1634,1298,0.7944
92,881,0.555271,1673,1359,0.8123
881,92,0.555271,1673,1359,0.8123
92,883,0.609405,1974,1676,0.849
883,92,0.609405,1974,1676,0.849
92,884,0.573664,1923,1584,0.8237
884,92,0.573664,1923,1584,0.8237
92,885,0.603181,1892,1599,0.8451
885,92,0.603181,1892,1599,0.8451
92,886,0.553921,1909,1579,0.8271
886,92,0.553921,1909,1579,0.8271
92,887,0.644602,1924,1678,0.8721
887,92,0.644602,1924,1678,0.8721
92,888,0.555799,1800,1490,0.8278
888,92,0.555799,1800,1490,0.8278
92,889,0.238301,1926,1318,0.6843
889,92,0.238301,1926,1318,0.6843
92,890,0.575383,1884,1554,0.8248
890,92,0.575383,1884,1554,0.8248
92,891,0.588564,1964,1667,0.8488
891,92,0.588564,1964,1667,0.8488
92,892,0.580417,1258,1020,0.8108
892,92,0.580417,1258,1020,0.8108
92,893,0.449041,1988,1556,0.7827
893,92,0.449041,1988,1556,0.7827
92,894,0.284077,2080,1498,0.7202
894,92,0.284077,2080,1498,0.7202
92,895,0.259656,1989,1385,0.6963
895,92,0.259656,1989,1385,0.6963
92,896,0.257737,1946,1342,0.6896
896,92,0.257737,1946,1342,0.6896
92,897,0.297837,1893,1373,0.7253
897,92,0.297837,1893,1373,0.7253
92,898,0.515608,1711,1312,0.7668
898,92,0.515608,1711,1312,0.7668
92,899,0.164121,1882,1218,0.6472
899,92,0.164121,1882,1218,0.6472
92,900,0.666513,1999,1740,0.8704
900,92,0.666513,1999,1740,0.8704
92,901,0.592683,1714,1401,0.8174
901,92,0.592683,1714,1401,0.8174
92,902,0.611824,1968,1681,0.8542
902,92,0.611824,1968,1681,0.8542
92,903,0.637163,2071,1782,0.8605
903,92,0.637163,2071,1782,0.8605
92,904,0.692256,1920,1694,0.8823
904,92,0.692256,1920,1694,0.8823
92,905,0.561249,1646,1356,0.8238
905,92,0.561249,1646,1356,0.8238
92,906,0.528113,1625,1304,0.8025
906,92,0.528113,1625,1304,0.8025
92,907,0.553762,2003,1671,0.8342
907,92,0.553762,2003,1671,0.8342
92,908,0.270072,1995,1425,0.7143
908,92,0.270072,1995,1425,0.7143
92,909,0.286476,2059,1489,0.7232
909,92,0.286476,2059,1489,0.7232
92,910,0.286065,1819,1301,0.7152
910,92,0.286065,1819,1301,0.7152
92,911,0.296259,1923,1373,0.714
911,92,0.296259,1923,1373,0.714
92,912,0.257984,2014,1424,0.7071
912,92,0.257984,2014,1424,0.7071
92,913,0.267808,1929,1381,0.7159
913,92,0.267808,1929,1381,0.7159
92,914,0.264878,1901,1325,0.697
914,92,0.264878,1901,1325,0.697
92,915,0.600508,1959,1649,0.8418
915,92,0.600508,1959,1649,0.8418
92,917,0.464915,1829,1426,0.7797
917,92,0.464915,1829,1426,0.7797
92,918,0.65773,1985,1720,0.8665
918,92,0.65773,1985,1720,0.8665
92,919,0.675232,2021,1752,0.8669
919,92,0.675232,2021,1752,0.8669
92,920,0.561415,1945,1620,0.8329
920,92,0.561415,1945,1620,0.8329
92,921,0.399168,1837,1434,0.7806
921,92,0.399168,1837,1434,0.7806
92,922,0.617917,1937,1647,0.8503
922,92,0.617917,1937,1647,0.8503
92,923,0.463016,2055,1641,0.7985
923,92,0.463016,2055,1641,0.7985
92,924,0.65379,1945,1692,0.8699
924,92,0.65379,1945,1692,0.8699
92,925,0.327485,2012,1512,0.7515
925,92,0.327485,2012,1512,0.7515
92,926,0.519536,1797,1497,0.8331
926,92,0.519536,1797,1497,0.8331
92,927,0.68113,1984,1745,0.8795
927,92,0.68113,1984,1745,0.8795
92,928,0.605016,1928,1635,0.848
928,92,0.605016,1928,1635,0.848
92,929,0.514663,1830,1495,0.8169
929,92,0.514663,1830,1495,0.8169
92,930,0.349088,1982,1433,0.723
930,92,0.349088,1982,1433,0.723
92,931,0.402853,1435,1082,0.754
931,92,0.402853,1435,1082,0.754
92,932,0.651824,1985,1712,0.8625
932,92,0.651824,1985,1712,0.8625
92,933,0.463759,1683,1299,0.7718
933,92,0.463759,1683,1299,0.7718
92,934,0.303777,1965,1436,0.7308
934,92,0.303777,1965,1436,0.7308
92,935,0.237942,1895,1273,0.6718
935,92,0.237942,1895,1273,0.6718
92,936,-0.083333,13,11,0.8462
936,92,-0.083333,13,11,0.8462
92,937,0.251145,1977,1376,0.696
937,92,0.251145,1977,1376,0.696
92,938,0.267747,288,212,0.7361
938,92,0.267747,288,212,0.7361
92,939,0.627158,2026,1722,0.85
939,92,0.627158,2026,1722,0.85
92,940,0.448429,1852,1441,0.7781
940,92,0.448429,1852,1441,0.7781
92,941,0.526702,1746,1414,0.8099
941,92,0.526702,1746,1414,0.8099
92,942,0.544156,1974,1605,0.8131
942,92,0.544156,1974,1605,0.8131
92,943,0.543012,1799,1421,0.7899
943,92,0.543012,1799,1421,0.7899
92,944,0.613531,1668,1388,0.8321
944,92,0.613531,1668,1388,0.8321
92,945,0.666066,1809,1565,0.8651
945,92,0.666066,1809,1565,0.8651
92,946,0.535938,1800,1434,0.7967
946,92,0.535938,1800,1434,0.7967
92,947,0.516491,1618,1290,0.7973
947,92,0.516491,1618,1290,0.7973
92,948,0.304397,1614,1143,0.7082
948,92,0.304397,1614,1143,0.7082
92,949,0.598485,1934,1621,0.8382
949,92,0.598485,1934,1621,0.8382
92,950,0.56178,1947,1616,0.83
950,92,0.56178,1947,1616,0.83
92,951,0.262517,1834,1279,0.6974
951,92,0.262517,1834,1279,0.6974
92,952,0.547855,1910,1567,0.8204
952,92,0.547855,1910,1567,0.8204
92,953,0.523162,1967,1623,0.8251
953,92,0.523162,1967,1623,0.8251
92,954,0.624163,1639,1376,0.8395
954,92,0.624163,1639,1376,0.8395
92,955,0.725324,1951,1726,0.8847
955,92,0.725324,1951,1726,0.8847
92,956,0.580404,1878,1563,0.8323
956,92,0.580404,1878,1563,0.8323
92,957,0.607683,1920,1626,0.8469
957,92,0.607683,1920,1626,0.8469
92,958,0.37578,1821,1375,0.7551
958,92,0.37578,1821,1375,0.7551
92,959,0.276212,1986,1420,0.715
959,92,0.276212,1986,1420,0.715
92,960,0.282078,1951,1395,0.715
960,92,0.282078,1951,1395,0.715
92,961,0.640085,1930,1661,0.8606
961,92,0.640085,1930,1661,0.8606
92,962,0.485886,1752,1331,0.7597
962,92,0.485886,1752,1331,0.7597
92,963,0.602508,1893,1601,0.8457
963,92,0.602508,1893,1601,0.8457
92,964,0.570172,1795,1480,0.8245
964,92,0.570172,1795,1480,0.8245
92,965,0.552916,1941,1588,0.8181
965,92,0.552916,1941,1588,0.8181
92,966,0.511171,1750,1343,0.7674
966,92,0.511171,1750,1343,0.7674
92,967,0.605411,1908,1619,0.8485
967,92,0.605411,1908,1619,0.8485
92,969,0.565482,2037,1707,0.838
969,92,0.565482,2037,1707,0.838
92,970,0.564943,1913,1618,0.8458
970,92,0.564943,1913,1618,0.8458
92,971,0.590402,1873,1575,0.8409
971,92,0.590402,1873,1575,0.8409
92,972,0.670958,1869,1631,0.8727
972,92,0.670958,1869,1631,0.8727
92,973,0.424142,1271,927,0.7293
973,92,0.424142,1271,927,0.7293
92,974,0.669925,1788,1560,0.8725
974,92,0.669925,1788,1560,0.8725
92,976,0.691078,1889,1642,0.8692
976,92,0.691078,1889,1642,0.8692
92,977,0.259651,1988,1399,0.7037
977,92,0.259651,1988,1399,0.7037
92,978,0.283996,1717,1223,0.7123
978,92,0.283996,1717,1223,0.7123
92,979,-1.0,48,41,0.8542
979,92,-1.0,48,41,0.8542
93,95,0.64492,1906,1636,0.8583
95,93,0.64492,1906,1636,0.8583
93,99,0.589138,1785,1521,0.8521
99,93,0.589138,1785,1521,0.8521
93,100,0.523047,2083,1747,0.8387
100,93,0.523047,2083,1747,0.8387
93,117,0.446231,1741,1389,0.7978
117,93,0.446231,1741,1389,0.7978
93,122,0.297759,1461,1053,0.7207
122,93,0.297759,1461,1053,0.7207
93,126,0.261756,1864,1401,0.7516
126,93,0.261756,1864,1401,0.7516
93,127,0.524707,1863,1499,0.8046
127,93,0.524707,1863,1499,0.8046
93,128,0.483738,1532,1232,0.8042
128,93,0.483738,1532,1232,0.8042
93,130,0.760508,1678,1511,0.9005
130,93,0.760508,1678,1511,0.9005
93,135,0.592375,1865,1596,0.8558
135,93,0.592375,1865,1596,0.8558
93,154,0.522698,1820,1458,0.8011
154,93,0.522698,1820,1458,0.8011
93,155,0.410023,1871,1456,0.7782
155,93,0.410023,1871,1456,0.7782
93,160,0.357196,1868,1431,0.7661
160,93,0.357196,1868,1431,0.7661
93,179,0.463054,1287,931,0.7234
179,93,0.463054,1287,931,0.7234
93,247,0.655039,1819,1570,0.8631
247,93,0.655039,1819,1570,0.8631
93,770,0.417978,1885,1302,0.6907
770,93,0.417978,1885,1302,0.6907
93,772,0.698543,1685,1486,0.8819
772,93,0.698543,1685,1486,0.8819
93,774,0.480273,1594,1250,0.7842
774,93,0.480273,1594,1250,0.7842
93,776,0.449468,1787,1320,0.7387
776,93,0.449468,1787,1320,0.7387
93,777,0.619874,1990,1678,0.8432
777,93,0.619874,1990,1678,0.8432
93,780,0.652805,1820,1539,0.8456
780,93,0.652805,1820,1539,0.8456
93,781,0.740563,1533,1371,0.8943
781,93,0.740563,1533,1371,0.8943
93,782,0.404745,2048,1555,0.7593
782,93,0.404745,2048,1555,0.7593
93,785,0.623967,1209,1005,0.8313
785,93,0.623967,1209,1005,0.8313
93,787,0.816631,2183,2043,0.9359
787,93,0.816631,2183,2043,0.9359
93,788,0.748683,1910,1726,0.9037
788,93,0.748683,1910,1726,0.9037
93,789,0.500162,1709,1364,0.7981
789,93,0.500162,1709,1364,0.7981
93,790,0.664352,1804,1552,0.8603
790,93,0.664352,1804,1552,0.8603
93,791,0.68933,1958,1737,0.8871
791,93,0.68933,1958,1737,0.8871
93,793,0.755797,1907,1717,0.9004
793,93,0.755797,1907,1717,0.9004
93,796,0.645225,1994,1732,0.8686
796,93,0.645225,1994,1732,0.8686
93,801,0.575226,1913,1604,0.8385
801,93,0.575226,1913,1604,0.8385
93,802,0.693351,1969,1763,0.8954
802,93,0.693351,1969,1763,0.8954
93,806,0.598373,2026,1736,0.8569
806,93,0.598373,2026,1736,0.8569
93,809,0.720154,1126,998,0.8863
809,93,0.720154,1126,998,0.8863
93,811,0.50659,1830,1466,0.8011
811,93,0.50659,1830,1466,0.8011
93,818,0.760662,1975,1797,0.9099
818,93,0.760662,1975,1797,0.9099
93,819,0.727088,1633,1454,0.8904
819,93,0.727088,1633,1454,0.8904
93,822,0.585024,2007,1698,0.846
822,93,0.585024,2007,1698,0.846
93,826,0.58557,2083,1769,0.8493
826,93,0.58557,2083,1769,0.8493
93,828,0.593152,1821,1586,0.871
828,93,0.593152,1821,1586,0.871
93,829,0.562468,1951,1654,0.8478
829,93,0.562468,1951,1654,0.8478
93,831,0.36647,1949,1473,0.7558
831,93,0.36647,1949,1473,0.7558
93,834,0.369911,2001,1523,0.7611
834,93,0.369911,2001,1523,0.7611
93,840,0.587877,1831,1486,0.8116
840,93,0.587877,1831,1486,0.8116
93,842,0.698582,1917,1699,0.8863
842,93,0.698582,1917,1699,0.8863
93,845,0.603647,2026,1714,0.846
845,93,0.603647,2026,1714,0.846
93,851,0.471946,1926,1575,0.8178
851,93,0.471946,1926,1575,0.8178
93,857,0.472101,1441,1173,0.814
857,93,0.472101,1441,1173,0.814
93,861,0.347339,1823,1348,0.7394
861,93,0.347339,1823,1348,0.7394
93,864,0.64054,1841,1586,0.8615
864,93,0.64054,1841,1586,0.8615
93,870,0.520817,1833,1495,0.8156
870,93,0.520817,1833,1495,0.8156
93,874,0.537897,2028,1665,0.821
874,93,0.537897,2028,1665,0.821
93,875,0.565787,1723,1448,0.8404
875,93,0.565787,1723,1448,0.8404
93,881,0.574738,1709,1405,0.8221
881,93,0.574738,1709,1405,0.8221
93,883,0.710138,2049,1829,0.8926
883,93,0.710138,2049,1829,0.8926
93,884,0.630959,2059,1759,0.8543
884,93,0.630959,2059,1759,0.8543
93,885,0.735984,1933,1742,0.9012
885,93,0.735984,1933,1742,0.9012
93,886,0.69055,1999,1774,0.8874
886,93,0.69055,1999,1774,0.8874
93,887,0.746693,2031,1867,0.9193
887,93,0.746693,2031,1867,0.9193
93,888,0.578918,1822,1527,0.8381
888,93,0.578918,1822,1527,0.8381
93,889,0.347399,2042,1505,0.737
889,93,0.347399,2042,1505,0.737
93,890,0.624447,1996,1690,0.8467
890,93,0.624447,1996,1690,0.8467
93,891,0.640215,2109,1854,0.8791
891,93,0.640215,2109,1854,0.8791
93,892,0.623565,1245,1033,0.8297
892,93,0.623565,1245,1033,0.8297
93,893,0.539339,2091,1734,0.8293
893,93,0.539339,2091,1734,0.8293
93,894,0.4014,2201,1724,0.7833
894,93,0.4014,2201,1724,0.7833
93,895,0.364945,2077,1561,0.7516
895,93,0.364945,2077,1561,0.7516
93,896,0.376854,2050,1537,0.7498
896,93,0.376854,2050,1537,0.7498
93,897,0.408368,2006,1564,0.7797
897,93,0.408368,2006,1564,0.7797
93,898,0.581511,1817,1445,0.7953
898,93,0.581511,1817,1445,0.7953
93,899,0.284798,1996,1429,0.7159
899,93,0.284798,1996,1429,0.7159
93,900,0.758382,2055,1867,0.9085
900,93,0.758382,2055,1867,0.9085
93,901,0.631164,1780,1489,0.8365
901,93,0.631164,1780,1489,0.8365
93,902,0.634366,2057,1795,0.8726
902,93,0.634366,2057,1795,0.8726
93,903,0.73012,2191,1977,0.9023
903,93,0.73012,2191,1977,0.9023
93,904,0.803842,1985,1843,0.9285
904,93,0.803842,1985,1843,0.9285
93,905,0.665253,1622,1407,0.8674
905,93,0.665253,1622,1407,0.8674
93,906,0.55596,1690,1378,0.8154
906,93,0.55596,1690,1378,0.8154
93,907,0.620853,2101,1821,0.8667
907,93,0.620853,2101,1821,0.8667
93,908,0.36986,2104,1607,0.7638
908,93,0.36986,2104,1607,0.7638
93,909,0.40677,2154,1691,0.7851
909,93,0.40677,2154,1691,0.7851
93,910,0.387827,1935,1480,0.7649
910,93,0.387827,1935,1480,0.7649
93,911,0.401354,2033,1558,0.7664
911,93,0.401354,2033,1558,0.7664
93,912,0.394675,2117,1645,0.777
912,93,0.394675,2117,1645,0.777
93,913,0.392663,1991,1547,0.777
913,93,0.392663,1991,1547,0.777
93,914,0.358074,2007,1500,0.7474
914,93,0.358074,2007,1500,0.7474
93,915,0.688246,2097,1852,0.8832
915,93,0.688246,2097,1852,0.8832
93,917,0.482751,1961,1556,0.7935
917,93,0.482751,1961,1556,0.7935
93,918,0.759679,2053,1870,0.9109
918,93,0.759679,2053,1870,0.9109
93,919,0.685182,2141,1874,0.8753
919,93,0.685182,2141,1874,0.8753
93,920,0.649581,2089,1831,0.8765
920,93,0.649581,2089,1831,0.8765
93,921,0.514392,1899,1580,0.832
921,93,0.514392,1899,1580,0.832
93,922,0.727064,2025,1816,0.8968
922,93,0.727064,2025,1816,0.8968
93,923,0.530999,2167,1821,0.8403
923,93,0.530999,2167,1821,0.8403
93,924,0.733491,2072,1879,0.9069
924,93,0.733491,2072,1879,0.9069
93,925,0.426972,2125,1710,0.8047
925,93,0.426972,2125,1710,0.8047
93,926,0.573152,1821,1575,0.8649
926,93,0.573152,1821,1575,0.8649
93,927,0.766882,2055,1887,0.9182
927,93,0.766882,2055,1887,0.9182
93,928,0.721026,1971,1772,0.899
928,93,0.721026,1971,1772,0.899
93,929,0.483092,1913,1551,0.8108
929,93,0.483092,1913,1551,0.8108
93,930,0.347285,2080,1528,0.7346
930,93,0.347285,2080,1528,0.7346
93,931,0.431891,1529,1177,0.7698
931,93,0.431891,1529,1177,0.7698
93,932,0.730225,2110,1900,0.9005
932,93,0.730225,2110,1900,0.9005
93,933,0.443832,1742,1339,0.7687
933,93,0.443832,1742,1339,0.7687
93,934,0.411789,2084,1636,0.785
934,93,0.411789,2084,1636,0.785
93,935,0.317934,2035,1435,0.7052
935,93,0.317934,2035,1435,0.7052
93,936,-0.316228,9,4,0.4444
936,93,-0.316228,9,4,0.4444
93,937,0.368379,2071,1564,0.7552
937,93,0.368379,2071,1564,0.7552
93,938,0.305196,266,200,0.7519
938,93,0.305196,266,200,0.7519
93,939,0.724549,2137,1906,0.8919
939,93,0.724549,2137,1906,0.8919
93,940,0.495938,1940,1564,0.8062
940,93,0.495938,1940,1564,0.8062
93,941,0.562808,1881,1565,0.832
941,93,0.562808,1881,1565,0.832
93,942,0.628694,2053,1742,0.8485
942,93,0.628694,2053,1742,0.8485
93,943,0.539605,1944,1535,0.7896
943,93,0.539605,1944,1535,0.7896
93,944,0.667075,1814,1552,0.8556
944,93,0.667075,1814,1552,0.8556
93,945,0.739017,1934,1736,0.8976
945,93,0.739017,1934,1736,0.8976
93,946,0.550811,1871,1495,0.799
946,93,0.550811,1871,1495,0.799
93,947,0.568485,1754,1455,0.8295
947,93,0.568485,1754,1455,0.8295
93,948,0.379728,1650,1232,0.7467
948,93,0.379728,1650,1232,0.7467
93,949,0.6743,1984,1724,0.869
949,93,0.6743,1984,1724,0.869
93,950,0.645653,2069,1796,0.8681
950,93,0.645653,2069,1796,0.8681
93,951,0.349317,1958,1453,0.7421
951,93,0.349317,1958,1453,0.7421
93,952,0.604458,1960,1657,0.8454
952,93,0.604458,1960,1657,0.8454
93,953,0.577348,2048,1756,0.8574
953,93,0.577348,2048,1756,0.8574
93,954,0.652001,1778,1520,0.8549
954,93,0.652001,1778,1520,0.8549
93,955,0.632571,1948,1638,0.8409
955,93,0.632571,1948,1638,0.8409
93,956,0.64146,1989,1720,0.8648
956,93,0.64146,1989,1720,0.8648
93,957,0.629839,1997,1718,0.8603
957,93,0.629839,1997,1718,0.8603
93,958,0.409179,1907,1487,0.7798
958,93,0.409179,1907,1487,0.7798
93,959,0.387055,2089,1610,0.7707
959,93,0.387055,2089,1610,0.7707
93,960,0.374719,2042,1545,0.7566
960,93,0.374719,2042,1545,0.7566
93,961,0.676516,1993,1754,0.8801
961,93,0.676516,1993,1754,0.8801
93,962,0.541866,1900,1505,0.7921
962,93,0.541866,1900,1505,0.7921
93,963,0.657848,1995,1746,0.8752
963,93,0.657848,1995,1746,0.8752
93,964,0.665111,1922,1667,0.8673
964,93,0.665111,1922,1667,0.8673
93,965,0.649742,2006,1725,0.8599
965,93,0.649742,2006,1725,0.8599
93,966,0.536557,1893,1486,0.785
966,93,0.536557,1893,1486,0.785
93,967,0.66056,2024,1772,0.8755
967,93,0.66056,2024,1772,0.8755
93,969,0.665302,2159,1914,0.8865
969,93,0.665302,2159,1914,0.8865
93,970,0.654425,1978,1753,0.8862
970,93,0.654425,1978,1753,0.8862
93,971,0.701679,1995,1779,0.8917
971,93,0.701679,1995,1779,0.8917
93,972,0.800119,1997,1852,0.9274
972,93,0.800119,1997,1852,0.9274
93,973,0.44969,1291,961,0.7444
973,93,0.44969,1291,961,0.7444
93,974,0.667548,1833,1602,0.874
974,93,0.667548,1833,1602,0.874
93,976,0.614909,1916,1597,0.8335
976,93,0.614909,1916,1597,0.8335
93,977,0.380087,2110,1620,0.7678
977,93,0.380087,2110,1620,0.7678
93,978,0.406187,1874,1462,0.7801
978,93,0.406187,1874,1462,0.7801
93,979,0.438634,69,64,0.9275
979,93,0.438634,69,64,0.9275
95,99,0.522954,1681,1365,0.812
99,95,0.522954,1681,1365,0.812
95,100,0.435894,1914,1503,0.7853
100,95,0.435894,1914,1503,0.7853
95,117,0.438922,1636,1266,0.7738
117,95,0.438922,1636,1266,0.7738
95,122,0.29277,1368,956,0.6988
122,95,0.29277,1368,956,0.6988
95,126,0.241418,1836,1321,0.7195
126,95,0.241418,1836,1321,0.7195
95,127,0.460501,1812,1398,0.7715
127,95,0.460501,1812,1398,0.7715
95,128,0.427849,1512,1159,0.7665
128,95,0.427849,1512,1159,0.7665
95,130,0.614581,1625,1361,0.8375
130,95,0.614581,1625,1361,0.8375
95,135,0.529129,1720,1392,0.8093
135,95,0.529129,1720,1392,0.8093
95,154,0.454697,1748,1333,0.7626
154,95,0.454697,1748,1333,0.7626
95,155,0.44179,1845,1434,0.7772
155,95,0.44179,1845,1434,0.7772
95,160,0.314819,1806,1318,0.7298
160,95,0.314819,1806,1318,0.7298
95,179,0.41666,1277,903,0.7071
179,95,0.41666,1277,903,0.7071
95,247,0.602792,1746,1459,0.8356
247,95,0.602792,1746,1459,0.8356
95,770,0.356053,1776,1200,0.6757
770,95,0.356053,1776,1200,0.6757
95,772,0.632121,1626,1376,0.8462
772,95,0.632121,1626,1376,0.8462
95,774,0.446238,1554,1180,0.7593
774,95,0.446238,1554,1180,0.7593
95,776,0.414098,1649,1193,0.7235
776,95,0.414098,1649,1193,0.7235
95,777,0.553253,1906,1553,0.8148
777,95,0.553253,1906,1553,0.8148
95,780,0.638753,1777,1494,0.8407
780,95,0.638753,1777,1494,0.8407
95,781,0.640057,1449,1226,0.8461
781,95,0.640057,1449,1226,0.8461
95,782,0.389861,1887,1403,0.7435
782,95,0.389861,1887,1403,0.7435
95,785,0.577784,1244,1012,0.8135
785,95,0.577784,1244,1012,0.8135
95,787,0.560273,2069,1714,0.8284
787,95,0.560273,2069,1714,0.8284
95,788,0.598166,1818,1522,0.8372
788,95,0.598166,1818,1522,0.8372
95,789,0.41503,1576,1190,0.7551
789,95,0.41503,1576,1190,0.7551
95,790,0.527346,1687,1345,0.7973
790,95,0.527346,1687,1345,0.7973
95,791,0.65186,1876,1614,0.8603
791,95,0.65186,1876,1614,0.8603
95,793,0.59204,1803,1495,0.8292
793,95,0.59204,1803,1495,0.8292
95,796,0.673517,1973,1720,0.8718
796,95,0.673517,1973,1720,0.8718
95,801,0.588263,1812,1513,0.835
801,95,0.588263,1812,1513,0.835
95,802,0.696148,1940,1721,0.8871
802,95,0.696148,1940,1721,0.8871
95,806,0.525977,1901,1545,0.8127
806,95,0.525977,1901,1545,0.8127
95,809,0.739451,1122,999,0.8904
809,95,0.739451,1122,999,0.8904
95,811,0.399253,1688,1252,0.7417
811,95,0.399253,1688,1252,0.7417
95,818,0.62887,1911,1625,0.8503
818,95,0.62887,1911,1625,0.8503
95,819,0.637513,1495,1261,0.8435
819,95,0.637513,1495,1261,0.8435
95,822,0.535194,1897,1551,0.8176
822,95,0.535194,1897,1551,0.8176
95,826,0.531331,1981,1611,0.8132
826,95,0.531331,1981,1611,0.8132
95,828,0.487955,1730,1404,0.8116
828,95,0.487955,1730,1404,0.8116
95,829,0.483193,1846,1470,0.7963
829,95,0.483193,1846,1470,0.7963
95,831,0.400679,1866,1414,0.7578
831,95,0.400679,1866,1414,0.7578
95,834,0.417538,1964,1508,0.7678
834,95,0.417538,1964,1508,0.7678
95,840,0.538181,1776,1408,0.7928
840,95,0.538181,1776,1408,0.7928
95,842,0.665416,1864,1613,0.8653
842,95,0.665416,1864,1613,0.8653
95,845,0.540397,1975,1608,0.8142
845,95,0.540397,1975,1608,0.8142
95,851,0.448305,1879,1494,0.7951
851,95,0.448305,1879,1494,0.7951
95,857,0.512726,1319,1078,0.8173
857,95,0.512726,1319,1078,0.8173
95,861,0.343653,1714,1233,0.7194
861,95,0.343653,1714,1233,0.7194
95,864,0.669915,1851,1604,0.8666
864,95,0.669915,1851,1604,0.8666
95,870,0.41948,1719,1307,0.7603
870,95,0.41948,1719,1307,0.7603
95,874,0.447002,1950,1505,0.7718
874,95,0.447002,1950,1505,0.7718
95,875,0.505865,1667,1346,0.8074
875,95,0.505865,1667,1346,0.8074
95,881,0.465383,1685,1304,0.7739
881,95,0.465383,1685,1304,0.7739
95,883,0.646592,1981,1700,0.8582
883,95,0.646592,1981,1700,0.8582
95,884,0.594844,1967,1641,0.8343
884,95,0.594844,1967,1641,0.8343
95,885,0.641475,1855,1584,0.8539
885,95,0.641475,1855,1584,0.8539
95,886,0.576652,1941,1615,0.832
886,95,0.576652,1941,1615,0.832
95,887,0.621999,1943,1674,0.8616
887,95,0.621999,1943,1674,0.8616
95,888,0.50733,1754,1400,0.7982
888,95,0.50733,1754,1400,0.7982
95,889,0.392049,1966,1468,0.7467
889,95,0.392049,1966,1468,0.7467
95,890,0.629555,1967,1664,0.846
890,95,0.629555,1967,1664,0.846
95,891,0.581895,2000,1676,0.838
891,95,0.581895,2000,1676,0.838
95,892,0.601727,1193,978,0.8198
892,95,0.601727,1193,978,0.8198
95,893,0.491426,2022,1606,0.7943
893,95,0.491426,2022,1606,0.7943
95,894,0.442695,2106,1645,0.7811
894,95,0.442695,2106,1645,0.7811
95,895,0.401588,1999,1504,0.7524
895,95,0.401588,1999,1504,0.7524
95,896,0.390877,1950,1448,0.7426
896,95,0.390877,1950,1448,0.7426
95,897,0.448863,1932,1505,0.779
897,95,0.448863,1932,1505,0.779
95,898,0.526559,1677,1304,0.7776
898,95,0.526559,1677,1304,0.7776
95,899,0.262158,1927,1330,0.6902
899,95,0.262158,1927,1330,0.6902
95,900,0.658842,1958,1688,0.8621
900,95,0.658842,1958,1688,0.8621
95,901,0.54351,1675,1330,0.794
901,95,0.54351,1675,1330,0.794
95,902,0.583563,1995,1675,0.8396
902,95,0.583563,1995,1675,0.8396
95,903,0.679402,2098,1832,0.8732
903,95,0.679402,2098,1832,0.8732
95,904,0.647886,1870,1606,0.8588
904,95,0.647886,1870,1606,0.8588
95,905,0.619667,1563,1313,0.8401
905,95,0.619667,1563,1313,0.8401
95,906,0.517854,1659,1316,0.7932
906,95,0.517854,1659,1316,0.7932
95,907,0.586114,2000,1676,0.838
907,95,0.586114,2000,1676,0.838
95,908,0.414413,2043,1569,0.768
908,95,0.414413,2043,1569,0.768
95,909,0.438722,2064,1606,0.7781
909,95,0.438722,2064,1606,0.7781
95,910,0.432962,1870,1447,0.7738
910,95,0.432962,1870,1447,0.7738
95,911,0.40862,1981,1502,0.7582
911,95,0.40862,1981,1502,0.7582
95,912,0.445543,2051,1605,0.7825
912,95,0.445543,2051,1605,0.7825
95,913,0.442007,1917,1497,0.7809
913,95,0.442007,1917,1497,0.7809
95,914,0.366104,1941,1426,0.7347
914,95,0.366104,1941,1426,0.7347
95,915,0.698286,2037,1793,0.8802
915,95,0.698286,2037,1793,0.8802
95,917,0.432854,1814,1385,0.7635
917,95,0.432854,1814,1385,0.7635
95,918,0.638258,1935,1654,0.8548
918,95,0.638258,1935,1654,0.8548
95,919,0.564999,2041,1679,0.8226
919,95,0.564999,2041,1679,0.8226
95,920,0.574039,1979,1649,0.8332
920,95,0.574039,1979,1649,0.8332
95,921,0.476069,1801,1443,0.8012
921,95,0.476069,1801,1443,0.8012
95,922,0.660736,1987,1716,0.8636
922,95,0.660736,1987,1716,0.8636
95,923,0.444849,2070,1632,0.7884
923,95,0.444849,2070,1632,0.7884
95,924,0.599328,1965,1662,0.8458
924,95,0.599328,1965,1662,0.8458
95,925,0.437388,2010,1582,0.7871
925,95,0.437388,2010,1582,0.7871
95,926,0.548614,1757,1469,0.8361
926,95,0.548614,1757,1469,0.8361
95,927,0.652397,1951,1685,0.8637
927,95,0.652397,1951,1685,0.8637
95,928,0.630014,1888,1606,0.8506
928,95,0.630014,1888,1606,0.8506
95,929,0.484194,1895,1516,0.8
929,95,0.484194,1895,1516,0.8
95,930,0.356024,2001,1441,0.7201
930,95,0.356024,2001,1441,0.7201
95,931,0.414894,1442,1084,0.7517
931,95,0.414894,1442,1084,0.7517
95,932,0.637849,2001,1711,0.8551
932,95,0.637849,2001,1711,0.8551
95,933,0.433915,1651,1251,0.7577
933,95,0.433915,1651,1251,0.7577
95,934,0.441931,1966,1536,0.7813
934,95,0.441931,1966,1536,0.7813
95,935,0.325287,1912,1341,0.7014
935,95,0.325287,1912,1341,0.7014
95,936,1.0,14,14,1.0
936,95,1.0,14,14,1.0
95,937,0.393724,2016,1514,0.751
937,95,0.393724,2016,1514,0.751
95,938,0.608394,271,234,0.8635
938,95,0.608394,271,234,0.8635
95,939,0.59558,2027,1693,0.8352
939,95,0.59558,2027,1693,0.8352
95,940,0.386118,1864,1390,0.7457
940,95,0.386118,1864,1390,0.7457
95,941,0.5151,1744,1399,0.8022
941,95,0.5151,1744,1399,0.8022
95,942,0.678017,2003,1738,0.8677
942,95,0.678017,2003,1738,0.8677
95,943,0.466092,1814,1378,0.7596
943,95,0.466092,1814,1378,0.7596
95,944,0.544325,1733,1393,0.8038
944,95,0.544325,1733,1393,0.8038
95,945,0.610247,1837,1545,0.841
945,95,0.610247,1837,1545,0.841
95,946,0.461253,1749,1334,0.7627
946,95,0.461253,1749,1334,0.7627
95,947,0.509029,1626,1289,0.7927
947,95,0.509029,1626,1289,0.7927
95,948,0.406857,1666,1241,0.7449
948,95,0.406857,1666,1241,0.7449
95,949,0.580766,1886,1553,0.8234
949,95,0.580766,1886,1553,0.8234
95,950,0.591878,1945,1629,0.8375
950,95,0.591878,1945,1629,0.8375
95,951,0.372707,1888,1400,0.7415
951,95,0.372707,1888,1400,0.7415
95,952,0.549847,1812,1478,0.8157
952,95,0.549847,1812,1478,0.8157
95,953,0.460666,1925,1529,0.7943
953,95,0.460666,1925,1529,0.7943
95,954,0.546685,1667,1343,0.8056
954,95,0.546685,1667,1343,0.8056
95,955,0.49957,1814,1414,0.7795
955,95,0.49957,1814,1414,0.7795
95,956,0.581616,1871,1565,0.8365
956,95,0.581616,1871,1565,0.8365
95,957,0.570178,1930,1597,0.8275
957,95,0.570178,1930,1597,0.8275
95,958,0.353761,1809,1335,0.738
958,95,0.353761,1809,1335,0.738
95,959,0.434265,2000,1546,0.773
959,95,0.434265,2000,1546,0.773
95,960,0.404438,2000,1508,0.754
960,95,0.404438,2000,1508,0.754
95,961,0.556636,1937,1599,0.8255
961,95,0.556636,1937,1599,0.8255
95,962,0.455881,1798,1359,0.7558
962,95,0.455881,1798,1359,0.7558
95,963,0.611466,1929,1632,0.846
963,95,0.611466,1929,1632,0.846
95,964,0.561217,1845,1515,0.8211
964,95,0.561217,1845,1515,0.8211
95,965,0.597059,1904,1594,0.8372
965,95,0.597059,1904,1594,0.8372
95,966,0.435445,1776,1315,0.7404
966,95,0.435445,1776,1315,0.7404
95,967,0.565502,1906,1575,0.8263
967,95,0.565502,1906,1575,0.8263
95,969,0.616889,2059,1755,0.8524
969,95,0.616889,2059,1755,0.8524
95,970,0.517296,1883,1552,0.8242
970,95,0.517296,1883,1552,0.8242
95,971,0.650601,1908,1645,0.8622
971,95,0.650601,1908,1645,0.8622
95,972,0.644092,1872,1607,0.8584
972,95,0.644092,1872,1607,0.8584
95,973,0.378268,1273,897,0.7046
973,95,0.378268,1273,897,0.7046
95,974,0.555877,1747,1428,0.8174
974,95,0.555877,1747,1428,0.8174
95,976,0.547653,1801,1443,0.8012
976,95,0.547653,1801,1443,0.8012
95,977,0.420061,2005,1546,0.7711
977,95,0.420061,2005,1546,0.7711
95,978,0.388316,1778,1342,0.7548
978,95,0.388316,1778,1342,0.7548
95,979,-0.065795,46,40,0.8696
979,95,-0.065795,46,40,0.8696
99,100,0.409548,1882,1511,0.8029
100,99,0.409548,1882,1511,0.8029
99,117,0.462318,1611,1305,0.8101
117,99,0.462318,1611,1305,0.8101
99,122,0.270597,1331,954,0.7168
122,99,0.270597,1331,954,0.7168
99,126,0.296902,1704,1303,0.7647
126,99,0.296902,1704,1303,0.7647
99,127,0.335553,1704,1233,0.7236
127,99,0.335553,1704,1233,0.7236
99,128,0.439824,1425,1134,0.7958
128,99,0.439824,1425,1134,0.7958
99,130,0.496576,1541,1219,0.791
130,99,0.496576,1541,1219,0.791
99,135,0.519403,1700,1418,0.8341
135,99,0.519403,1700,1418,0.8341
99,154,0.376735,1699,1248,0.7345
154,99,0.376735,1699,1248,0.7345
99,155,0.492338,1685,1365,0.8101
155,99,0.492338,1685,1365,0.8101
99,160,0.341189,1656,1240,0.7488
160,99,0.341189,1656,1240,0.7488
99,179,0.254916,1184,718,0.6064
179,99,0.254916,1184,718,0.6064
99,247,0.442509,1764,1382,0.7834
247,99,0.442509,1764,1382,0.7834
99,770,0.204341,1692,1001,0.5916
770,99,0.204341,1692,1001,0.5916
99,772,0.546677,1554,1287,0.8282
772,99,0.546677,1554,1287,0.8282
99,774,0.329878,1486,1078,0.7254
774,99,0.329878,1486,1078,0.7254
99,776,0.239514,1609,1016,0.6314
776,99,0.239514,1609,1016,0.6314
99,777,0.400186,1751,1309,0.7476
777,99,0.400186,1751,1309,0.7476
99,780,0.442984,1645,1244,0.7562
780,99,0.442984,1645,1244,0.7562
99,781,0.445086,1325,1016,0.7668
781,99,0.445086,1325,1016,0.7668
99,782,0.199081,1781,1189,0.6676
782,99,0.199081,1781,1189,0.6676
99,785,0.412093,1145,845,0.738
785,99,0.412093,1145,845,0.738
99,787,0.55061,1948,1629,0.8362
787,99,0.55061,1948,1629,0.8362
99,788,0.510708,1668,1348,0.8082
788,99,0.510708,1668,1348,0.8082
99,789,0.305038,1547,1106,0.7149
789,99,0.305038,1547,1106,0.7149
99,790,0.509529,1568,1249,0.7966
790,99,0.509529,1568,1249,0.7966
99,791,0.516901,1764,1454,0.8243
791,99,0.516901,1764,1454,0.8243
99,793,0.523245,1675,1351,0.8066
793,99,0.523245,1675,1351,0.8066
99,796,0.539695,1820,1514,0.8319
796,99,0.539695,1820,1514,0.8319
99,801,0.437229,1773,1394,0.7862
801,99,0.437229,1773,1394,0.7862
99,802,0.529324,1786,1493,0.8359
802,99,0.529324,1786,1493,0.8359
99,806,0.462257,1804,1450,0.8038
806,99,0.462257,1804,1450,0.8038
99,809,0.547852,1191,980,0.8228
809,99,0.547852,1191,980,0.8228
99,811,0.42987,1709,1311,0.7671
811,99,0.42987,1709,1311,0.7671
99,818,0.527304,1835,1516,0.8262
818,99,0.527304,1835,1516,0.8262
99,819,0.482783,1468,1162,0.7916
819,99,0.482783,1468,1162,0.7916
99,822,0.40867,1783,1378,0.7729
822,99,0.40867,1783,1378,0.7729
99,826,0.466453,1894,1519,0.802
826,99,0.466453,1894,1519,0.802
99,828,0.453016,1682,1381,0.821
828,99,0.453016,1682,1381,0.821
99,829,0.466307,1726,1404,0.8134
829,99,0.466307,1726,1404,0.8134
99,831,0.458188,1787,1412,0.7902
831,99,0.458188,1787,1412,0.7902
99,834,0.466444,1830,1463,0.7995
834,99,0.466444,1830,1463,0.7995
99,840,0.364123,1597,1135,0.7107
840,99,0.364123,1597,1135,0.7107
99,842,0.523291,1813,1494,0.824
842,99,0.523291,1813,1494,0.824
99,845,0.421189,1814,1408,0.7762
845,99,0.421189,1814,1408,0.7762
99,851,0.471861,1774,1444,0.814
851,99,0.471861,1774,1444,0.814
99,857,0.520344,1284,1081,0.8419
857,99,0.520344,1284,1081,0.8419
99,861,0.379587,1593,1189,0.7464
861,99,0.379587,1593,1189,0.7464
99,864,0.499492,1663,1342,0.807
864,99,0.499492,1663,1342,0.807
99,870,0.380784,1639,1235,0.7535
870,99,0.380784,1639,1235,0.7535
99,874,0.462844,1861,1478,0.7942
874,99,0.462844,1861,1478,0.7942
99,875,0.417138,1566,1230,0.7854
875,99,0.417138,1566,1230,0.7854
99,881,0.394307,1534,1146,0.7471
881,99,0.394307,1534,1146,0.7471
99,883,0.506207,1863,1526,0.8191
883,99,0.506207,1863,1526,0.8191
99,884,0.421877,1850,1419,0.767
884,99,0.421877,1850,1419,0.767
99,885,0.579562,1793,1515,0.845
885,99,0.579562,1793,1515,0.845
99,886,0.561691,1897,1605,0.8461
886,99,0.561691,1897,1605,0.8461
99,887,0.527638,1810,1531,0.8459
887,99,0.527638,1810,1531,0.8459
99,888,0.421289,1711,1335,0.7802
888,99,0.421289,1711,1335,0.7802
99,889,0.43555,1893,1460,0.7713
889,99,0.43555,1893,1460,0.7713
99,890,0.483564,1782,1412,0.7924
890,99,0.483564,1782,1412,0.7924
99,891,0.551099,1893,1606,0.8484
891,99,0.551099,1893,1606,0.8484
99,892,0.428834,1227,914,0.7449
892,99,0.428834,1227,914,0.7449
99,893,0.486222,1896,1531,0.8075
893,99,0.486222,1896,1531,0.8075
99,894,0.49239,1993,1627,0.8164
894,99,0.49239,1993,1627,0.8164
99,895,0.437297,1898,1482,0.7808
895,99,0.437297,1898,1482,0.7808
99,896,0.464767,1823,1431,0.785
896,99,0.464767,1823,1431,0.785
99,897,0.483664,1843,1490,0.8085
897,99,0.483664,1843,1490,0.8085
99,898,0.287171,1688,1114,0.66
898,99,0.287171,1688,1114,0.66
99,899,0.268209,1755,1225,0.698
899,99,0.268209,1755,1225,0.698
99,900,0.56697,1897,1589,0.8376
900,99,0.56697,1897,1589,0.8376
99,901,0.416669,1609,1197,0.7439
901,99,0.416669,1609,1197,0.7439
99,902,0.503727,1848,1525,0.8252
902,99,0.503727,1848,1525,0.8252
99,903,0.559922,1962,1652,0.842
903,99,0.559922,1962,1652,0.842
99,904,0.522764,1808,1489,0.8236
904,99,0.522764,1808,1489,0.8236
99,905,0.526268,1586,1296,0.8172
905,99,0.526268,1586,1296,0.8172
99,906,0.512058,1514,1211,0.7999
906,99,0.512058,1514,1211,0.7999
99,907,0.451204,1971,1587,0.8052
907,99,0.451204,1971,1587,0.8052
99,908,0.47533,1915,1542,0.8052
908,99,0.47533,1915,1542,0.8052
99,909,0.49665,1969,1606,0.8156
909,99,0.49665,1969,1606,0.8156
99,910,0.468658,1738,1383,0.7957
910,99,0.468658,1738,1383,0.7957
99,911,0.465456,1856,1466,0.7899
911,99,0.465456,1856,1466,0.7899
99,912,0.479401,1915,1546,0.8073
912,99,0.479401,1915,1546,0.8073
99,913,0.474082,1841,1478,0.8028
913,99,0.474082,1841,1478,0.8028
99,914,0.457498,1792,1407,0.7852
914,99,0.457498,1792,1407,0.7852
99,915,0.522037,1864,1531,0.8214
915,99,0.522037,1864,1531,0.8214
99,917,0.371154,1742,1324,0.76
917,99,0.371154,1742,1324,0.76
99,918,0.515316,1879,1542,0.8206
918,99,0.515316,1879,1542,0.8206
99,919,0.433748,1911,1482,0.7755
919,99,0.433748,1911,1482,0.7755
99,920,0.502284,1903,1566,0.8229
920,99,0.502284,1903,1566,0.8229
99,921,0.685777,1914,1714,0.8955
921,99,0.685777,1914,1714,0.8955
99,922,0.532729,1832,1510,0.8242
922,99,0.532729,1832,1510,0.8242
99,923,0.400255,1949,1542,0.7912
923,99,0.400255,1949,1542,0.7912
99,924,0.519925,1853,1542,0.8322
924,99,0.519925,1853,1542,0.8322
99,925,0.39925,1911,1518,0.7943
925,99,0.39925,1911,1518,0.7943
99,926,0.469945,1745,1455,0.8338
926,99,0.469945,1745,1455,0.8338
99,927,0.551154,1856,1565,0.8432
927,99,0.551154,1856,1565,0.8432
99,928,0.522388,1805,1488,0.8244
928,99,0.522388,1805,1488,0.8244
99,929,0.406762,1758,1385,0.7878
929,99,0.406762,1758,1385,0.7878
99,930,0.378951,1875,1405,0.7493
930,99,0.378951,1875,1405,0.7493
99,931,0.374539,1415,1065,0.7527
931,99,0.374539,1415,1065,0.7527
99,932,0.539333,1891,1561,0.8255
932,99,0.539333,1891,1561,0.8255
99,933,0.306323,1565,1113,0.7112
933,99,0.306323,1565,1113,0.7112
99,934,0.498856,1907,1555,0.8154
934,99,0.498856,1907,1555,0.8154
99,935,0.394597,1843,1359,0.7374
935,99,0.394597,1843,1359,0.7374
99,936,-0.206725,14,8,0.5714
936,99,-0.206725,14,8,0.5714
99,937,0.435668,1905,1487,0.7806
937,99,0.435668,1905,1487,0.7806
99,938,0.563503,312,270,0.8654
938,99,0.563503,312,270,0.8654
99,939,0.496645,1936,1559,0.8053
939,99,0.496645,1936,1559,0.8053
99,940,0.348654,1753,1312,0.7484
940,99,0.348654,1753,1312,0.7484
99,941,0.433892,1670,1306,0.782
941,99,0.433892,1670,1306,0.782
99,942,0.474818,1890,1501,0.7942
942,99,0.474818,1890,1501,0.7942
99,943,0.295768,1700,1145,0.6735
943,99,0.295768,1700,1145,0.6735
99,944,0.445041,1624,1235,0.7605
944,99,0.445041,1624,1235,0.7605
99,945,0.468522,1751,1379,0.7875
945,99,0.468522,1751,1379,0.7875
99,946,0.332228,1696,1196,0.7052
946,99,0.332228,1696,1196,0.7052
99,947,0.350876,1580,1163,0.7361
947,99,0.350876,1580,1163,0.7361
99,948,0.381208,1517,1146,0.7554
948,99,0.381208,1517,1146,0.7554
99,949,0.495312,1827,1467,0.803
949,99,0.495312,1827,1467,0.803
99,950,0.53533,1849,1534,0.8296
950,99,0.53533,1849,1534,0.8296
99,951,0.443091,1767,1378,0.7799
951,99,0.443091,1767,1378,0.7799
99,952,0.404443,1834,1410,0.7688
952,99,0.404443,1834,1410,0.7688
99,953,0.424295,1868,1508,0.8073
953,99,0.424295,1868,1508,0.8073
99,954,0.419965,1535,1159,0.755
954,99,0.419965,1535,1159,0.755
99,955,0.456606,1752,1366,0.7797
955,99,0.456606,1752,1366,0.7797
99,956,0.415238,1787,1386,0.7756
956,99,0.415238,1787,1386,0.7756
99,957,0.455242,1870,1498,0.8011
957,99,0.455242,1870,1498,0.8011
99,958,0.408808,1751,1359,0.7761
958,99,0.408808,1751,1359,0.7761
99,959,0.487031,1919,1550,0.8077
959,99,0.487031,1919,1550,0.8077
99,960,0.463141,1828,1445,0.7905
960,99,0.463141,1828,1445,0.7905
99,961,0.44767,1760,1399,0.7949
961,99,0.44767,1760,1399,0.7949
99,962,0.3146,1665,1135,0.6817
962,99,0.3146,1665,1135,0.6817
99,963,0.551146,1803,1505,0.8347
963,99,0.551146,1803,1505,0.8347
99,964,0.431773,1742,1350,0.775
964,99,0.431773,1742,1350,0.775
99,965,0.428363,1817,1397,0.7688
965,99,0.428363,1817,1397,0.7688
99,966,0.293642,1643,1092,0.6646
966,99,0.293642,1643,1092,0.6646
99,967,0.517822,1823,1503,0.8245
967,99,0.517822,1823,1503,0.8245
99,969,0.587991,1935,1663,0.8594
969,99,0.587991,1935,1663,0.8594
99,970,0.424574,1781,1435,0.8057
970,99,0.424574,1781,1435,0.8057
99,971,0.541589,1794,1495,0.8333
971,99,0.541589,1794,1495,0.8333
99,972,0.5113,1796,1469,0.8179
972,99,0.5113,1796,1469,0.8179
99,973,0.223091,1244,792,0.6367
973,99,0.223091,1244,792,0.6367
99,974,0.48282,1701,1370,0.8054
974,99,0.48282,1701,1370,0.8054
99,976,0.423052,1691,1279,0.7564
976,99,0.423052,1691,1279,0.7564
99,977,0.46369,1921,1531,0.797
977,99,0.46369,1921,1531,0.797
99,978,0.476611,1624,1301,0.8011
978,99,0.476611,1624,1301,0.8011
99,979,0.138409,64,56,0.875
979,99,0.138409,64,56,0.875
100,117,0.440019,1712,1384,0.8084
117,100,0.440019,1712,1384,0.8084
100,122,0.340918,1440,1083,0.7521
122,100,0.340918,1440,1083,0.7521
100,126,0.31482,1871,1478,0.79
126,100,0.31482,1871,1478,0.79
100,127,0.300985,1875,1356,0.7232
127,100,0.300985,1875,1356,0.7232
100,128,0.469353,1539,1266,0.8226
128,100,0.469353,1539,1266,0.8226
100,130,0.450224,1679,1310,0.7802
130,100,0.450224,1679,1310,0.7802
100,135,0.503265,1910,1599,0.8372
135,100,0.503265,1910,1599,0.8372
100,154,0.347901,1862,1363,0.732
154,100,0.347901,1862,1363,0.732
100,155,0.435043,1922,1534,0.7981
155,100,0.435043,1922,1534,0.7981
100,160,0.277244,1896,1417,0.7474
160,100,0.277244,1896,1417,0.7474
100,179,0.319526,1277,830,0.65
179,100,0.319526,1277,830,0.65
100,247,0.414709,1881,1465,0.7788
247,100,0.414709,1881,1465,0.7788
100,770,0.215557,1870,1125,0.6016
770,100,0.215557,1870,1125,0.6016
100,772,0.439594,1670,1318,0.7892
772,100,0.439594,1670,1318,0.7892
100,774,0.24982,1585,1105,0.6972
774,100,0.24982,1585,1105,0.6972
100,776,0.21869,1767,1131,0.6401
776,100,0.21869,1767,1131,0.6401
100,777,0.376235,1984,1490,0.751
777,100,0.376235,1984,1490,0.751
100,780,0.406383,1817,1350,0.743
780,100,0.406383,1817,1350,0.743
100,781,0.437659,1500,1173,0.782
781,100,0.437659,1500,1173,0.782
100,782,0.161702,2035,1366,0.6713
782,100,0.161702,2035,1366,0.6713
100,785,0.4637,1163,890,0.7653
785,100,0.4637,1163,890,0.7653
100,787,0.511016,2214,1840,0.8311
787,100,0.511016,2214,1840,0.8311
100,788,0.507185,1900,1550,0.8158
788,100,0.507185,1900,1550,0.8158
100,789,0.245894,1732,1223,0.7061
789,100,0.245894,1732,1223,0.7061
100,790,0.408307,1759,1344,0.7641
790,100,0.408307,1759,1344,0.7641
100,791,0.46713,1978,1611,0.8145
791,100,0.46713,1978,1611,0.8145
100,793,0.512116,1893,1526,0.8061
793,100,0.512116,1893,1526,0.8061
100,796,0.413779,2059,1631,0.7921
796,100,0.413779,2059,1631,0.7921
100,801,0.359,1908,1463,0.7668
801,100,0.359,1908,1463,0.7668
100,802,0.420376,2001,1623,0.8111
802,100,0.420376,2001,1623,0.8111
100,806,0.589767,2031,1745,0.8592
806,100,0.589767,2031,1745,0.8592
100,809,0.439426,1200,953,0.7942
809,100,0.439426,1200,953,0.7942
100,811,0.377921,1800,1363,0.7572
811,100,0.377921,1800,1363,0.7572
100,818,0.461468,2003,1614,0.8058
818,100,0.461468,2003,1614,0.8058
100,819,0.490677,1608,1287,0.8004
819,100,0.490677,1608,1287,0.8004
100,822,0.327193,2016,1529,0.7584
822,100,0.327193,2016,1529,0.7584
100,826,0.362294,2128,1649,0.7749
826,100,0.362294,2128,1649,0.7749
100,828,0.369615,1868,1518,0.8126
828,100,0.369615,1868,1518,0.8126
100,829,0.49581,1973,1643,0.8327
829,100,0.49581,1973,1643,0.8327
100,831,0.376886,1965,1511,0.769
831,100,0.376886,1965,1511,0.769
100,834,0.391995,2044,1578,0.772
834,100,0.391995,2044,1578,0.772
100,840,0.39917,1838,1353,0.7361
840,100,0.39917,1838,1353,0.7361
100,842,0.436385,1955,1551,0.7934
842,100,0.436385,1955,1551,0.7934
100,845,0.423801,2039,1600,0.7847
845,100,0.423801,2039,1600,0.7847
100,851,0.348778,1978,1546,0.7816
851,100,0.348778,1978,1546,0.7816
100,857,0.48694,1483,1206,0.8132
857,100,0.48694,1483,1206,0.8132
100,861,0.339699,1848,1374,0.7435
861,100,0.339699,1848,1374,0.7435
100,864,0.428909,1861,1465,0.7872
864,100,0.428909,1861,1465,0.7872
100,870,0.486713,1838,1478,0.8041
870,100,0.486713,1838,1478,0.8041
100,874,0.352253,2036,1544,0.7583
874,100,0.352253,2036,1544,0.7583
100,875,0.332386,1762,1360,0.7719
875,100,0.332386,1762,1360,0.7719
100,881,0.306369,1706,1239,0.7263
881,100,0.306369,1706,1239,0.7263
100,883,0.481208,2109,1721,0.816
883,100,0.481208,2109,1721,0.816
100,884,0.372832,2073,1578,0.7612
884,100,0.372832,2073,1578,0.7612
100,885,0.539089,1983,1652,0.8331
885,100,0.539089,1983,1652,0.8331
100,886,0.466369,2100,1704,0.8114
886,100,0.466369,2100,1704,0.8114
100,887,0.392657,2067,1683,0.8142
887,100,0.392657,2067,1683,0.8142
100,888,0.376751,1852,1430,0.7721
888,100,0.376751,1852,1430,0.7721
100,889,0.399066,2088,1589,0.761
889,100,0.399066,2088,1589,0.761
100,890,0.433823,1994,1545,0.7748
890,100,0.433823,1994,1545,0.7748
100,891,0.404594,2123,1717,0.8088
891,100,0.404594,2123,1717,0.8088
100,892,0.39075,1315,969,0.7369
892,100,0.39075,1315,969,0.7369
100,893,0.431163,2121,1685,0.7944
893,100,0.431163,2121,1685,0.7944
100,894,0.398552,2242,1764,0.7868
894,100,0.398552,2242,1764,0.7868
100,895,0.378844,2130,1622,0.7615
895,100,0.378844,2130,1622,0.7615
100,896,0.370135,2084,1562,0.7495
896,100,0.370135,2084,1562,0.7495
100,897,0.420417,2044,1618,0.7916
897,100,0.420417,2044,1618,0.7916
100,898,0.312217,1810,1229,0.679
898,100,0.312217,1810,1229,0.679
100,899,0.281186,2019,1448,0.7172
899,100,0.281186,2019,1448,0.7172
100,900,0.505768,2094,1719,0.8209
900,100,0.505768,2094,1719,0.8209
100,901,0.366684,1760,1282,0.7284
901,100,0.366684,1760,1282,0.7284
100,902,0.427536,2095,1695,0.8091
902,100,0.427536,2095,1695,0.8091
100,903,0.516918,2224,1851,0.8323
903,100,0.516918,2224,1851,0.8323
100,904,0.493472,2001,1644,0.8216
904,100,0.493472,2001,1644,0.8216
100,905,0.423011,1691,1326,0.7842
905,100,0.423011,1691,1326,0.7842
100,906,0.441779,1709,1328,0.7771
906,100,0.441779,1709,1328,0.7771
100,907,0.337742,2149,1657,0.7711
907,100,0.337742,2149,1657,0.7711
100,908,0.403245,2145,1680,0.7832
908,100,0.403245,2145,1680,0.7832
100,909,0.416658,2203,1744,0.7916
909,100,0.416658,2203,1744,0.7916
100,910,0.392339,1938,1496,0.7719
910,100,0.392339,1938,1496,0.7719
100,911,0.41086,2068,1598,0.7727
911,100,0.41086,2068,1598,0.7727
100,912,0.420747,2152,1701,0.7904
912,100,0.420747,2152,1701,0.7904
100,913,0.423031,2018,1601,0.7934
913,100,0.423031,2018,1601,0.7934
100,914,0.359157,2010,1507,0.7498
914,100,0.359157,2010,1507,0.7498
100,915,0.435118,2110,1678,0.7953
915,100,0.435118,2110,1678,0.7953
100,917,0.489023,2003,1593,0.7953
917,100,0.489023,2003,1593,0.7953
100,918,0.448422,2084,1673,0.8028
918,100,0.448422,2084,1673,0.8028
100,919,0.406315,2172,1683,0.7749
919,100,0.406315,2172,1683,0.7749
100,920,0.602917,2135,1844,0.8637
920,100,0.602917,2135,1844,0.8637
100,921,0.434575,1944,1593,0.8194
921,100,0.434575,1944,1593,0.8194
100,922,0.510756,2091,1720,0.8226
922,100,0.510756,2091,1720,0.8226
100,923,0.417906,2208,1784,0.808
923,100,0.417906,2208,1784,0.808
100,924,0.483085,2110,1737,0.8232
924,100,0.483085,2110,1737,0.8232
100,925,0.396539,2145,1725,0.8042
925,100,0.396539,2145,1725,0.8042
100,926,0.38105,1876,1533,0.8172
926,100,0.38105,1876,1533,0.8172
100,927,0.49496,2081,1728,0.8304
927,100,0.49496,2081,1728,0.8304
100,928,0.476868,1997,1632,0.8172
928,100,0.476868,1997,1632,0.8172
100,929,0.318099,1959,1490,0.7606
929,100,0.318099,1959,1490,0.7606
100,930,0.317518,2114,1529,0.7233
930,100,0.317518,2114,1529,0.7233
100,931,0.337977,1574,1169,0.7427
931,100,0.337977,1574,1169,0.7427
100,932,0.475754,2121,1723,0.8124
932,100,0.475754,2121,1723,0.8124
100,933,0.418098,1706,1301,0.7626
933,100,0.418098,1706,1301,0.7626
100,934,0.403549,2126,1674,0.7874
934,100,0.403549,2126,1674,0.7874
100,935,0.329979,2050,1460,0.7122
935,100,0.329979,2050,1460,0.7122
100,936,-0.213201,12,7,0.5833
936,100,-0.213201,12,7,0.5833
100,937,0.378208,2094,1598,0.7631
937,100,0.378208,2094,1598,0.7631
100,938,0.543138,340,286,0.8412
938,100,0.543138,340,286,0.8412
100,939,0.494625,2183,1767,0.8094
939,100,0.494625,2183,1767,0.8094
100,940,0.49604,1970,1595,0.8096
940,100,0.49604,1970,1595,0.8096
100,941,0.594829,1883,1597,0.8481
941,100,0.594829,1883,1597,0.8481
100,942,0.415517,2109,1627,0.7715
942,100,0.415517,2109,1627,0.7715
100,943,0.349449,1957,1389,0.7098
943,100,0.349449,1957,1389,0.7098
100,944,0.406052,1858,1400,0.7535
944,100,0.406052,1858,1400,0.7535
100,945,0.461465,1954,1553,0.7948
945,100,0.461465,1954,1553,0.7948
100,946,0.348298,1871,1340,0.7162
946,100,0.348298,1871,1340,0.7162
100,947,0.269539,1805,1309,0.7252
947,100,0.269539,1805,1309,0.7252
100,948,0.330931,1710,1256,0.7345
948,100,0.330931,1710,1256,0.7345
100,949,0.514657,2012,1638,0.8141
949,100,0.514657,2012,1638,0.8141
100,950,0.415041,2055,1625,0.7908
950,100,0.415041,2055,1625,0.7908
100,951,0.383089,1960,1488,0.7592
951,100,0.383089,1960,1488,0.7592
100,952,0.372961,1990,1517,0.7623
952,100,0.372961,1990,1517,0.7623
100,953,0.536188,2102,1793,0.853
953,100,0.536188,2102,1793,0.853
100,954,0.380801,1739,1305,0.7504
954,100,0.380801,1739,1305,0.7504
100,955,0.386278,1965,1473,0.7496
955,100,0.386278,1965,1473,0.7496
100,956,0.36028,2002,1539,0.7687
956,100,0.36028,2002,1539,0.7687
100,957,0.39806,2033,1594,0.7841
957,100,0.39806,2033,1594,0.7841
100,958,0.425835,1910,1513,0.7921
958,100,0.425835,1910,1513,0.7921
100,959,0.399533,2130,1662,0.7803
959,100,0.399533,2130,1662,0.7803
100,960,0.417649,2064,1607,0.7786
960,100,0.417649,2064,1607,0.7786
100,961,0.443846,2021,1628,0.8055
961,100,0.443846,2021,1628,0.8055
100,962,0.298124,1907,1319,0.6917
962,100,0.298124,1907,1319,0.6917
100,963,0.401692,2019,1600,0.7925
963,100,0.401692,2019,1600,0.7925
100,964,0.386556,1934,1481,0.7658
964,100,0.386556,1934,1481,0.7658
100,965,0.41089,2033,1573,0.7737
965,100,0.41089,2033,1573,0.7737
100,966,0.311541,1885,1304,0.6918
966,100,0.311541,1885,1304,0.6918
100,967,0.444946,2021,1626,0.8046
967,100,0.444946,2021,1626,0.8046
100,969,0.407596,2182,1762,0.8075
969,100,0.407596,2182,1762,0.8075
100,970,0.375327,2006,1615,0.8051
970,100,0.375327,2006,1615,0.8051
100,971,0.435834,2020,1619,0.8015
971,100,0.435834,2020,1619,0.8015
100,972,0.488303,1990,1632,0.8201
972,100,0.488303,1990,1632,0.8201
100,973,0.152953,1313,812,0.6184
973,100,0.152953,1313,812,0.6184
100,974,0.448755,1838,1474,0.802
974,100,0.448755,1838,1474,0.802
100,976,0.372897,1933,1430,0.7398
976,100,0.372897,1933,1430,0.7398
100,977,0.377521,2156,1660,0.7699
977,100,0.377521,2156,1660,0.7699
100,978,0.368005,1846,1423,0.7709
978,100,0.368005,1846,1423,0.7709
100,979,0.363887,68,58,0.8529
979,100,0.363887,68,58,0.8529
117,122,0.514871,1385,1131,0.8166
122,117,0.514871,1385,1131,0.8166
117,126,0.298735,1616,1247,0.7717
126,117,0.298735,1616,1247,0.7717
117,127,0.287254,1570,1091,0.6949
127,117,0.287254,1570,1091,0.6949
117,128,0.397529,1424,1121,0.7872
128,117,0.397529,1424,1121,0.7872
117,130,0.390599,1454,1081,0.7435
130,117,0.390599,1454,1081,0.7435
117,135,0.483959,1566,1279,0.8167
135,117,0.483959,1566,1279,0.8167
117,154,0.328635,1649,1177,0.7138
154,117,0.328635,1649,1177,0.7138
117,155,0.391327,1582,1230,0.7775
155,117,0.391327,1582,1230,0.7775
117,160,0.273287,1557,1126,0.7232
160,117,0.273287,1557,1126,0.7232
117,179,0.238718,1144,683,0.597
179,117,0.238718,1144,683,0.597
117,247,0.40185,1581,1203,0.7609
247,117,0.40185,1581,1203,0.7609
117,770,0.233332,1650,984,0.5964
770,117,0.233332,1650,984,0.5964
117,772,0.435255,1542,1211,0.7853
772,117,0.435255,1542,1211,0.7853
117,774,0.233053,1468,1003,0.6832
774,117,0.233053,1468,1003,0.6832
117,776,0.232179,1607,1010,0.6285
776,117,0.232179,1607,1010,0.6285
117,777,0.329065,1672,1187,0.7099
777,117,0.329065,1672,1187,0.7099
117,780,0.393168,1570,1151,0.7331
780,117,0.393168,1570,1151,0.7331
117,781,0.37563,1327,986,0.743
781,117,0.37563,1327,986,0.743
117,782,0.178736,1700,1109,0.6524
782,117,0.178736,1700,1109,0.6524
117,785,0.393175,1168,857,0.7337
785,117,0.393175,1168,857,0.7337
117,787,0.430847,1838,1448,0.7878
787,117,0.430847,1838,1448,0.7878
117,788,0.404237,1643,1261,0.7675
788,117,0.404237,1643,1261,0.7675
117,789,0.276282,1431,1012,0.7072
789,117,0.276282,1431,1012,0.7072
117,790,0.374298,1582,1172,0.7408
790,117,0.374298,1582,1172,0.7408
117,791,0.497537,1655,1342,0.8109
791,117,0.497537,1655,1342,0.8109
117,793,0.425161,1620,1244,0.7679
793,117,0.425161,1620,1244,0.7679
117,796,0.460032,1753,1403,0.8003
796,117,0.460032,1753,1403,0.8003
117,801,0.389918,1684,1285,0.7631
801,117,0.389918,1684,1285,0.7631
117,802,0.479286,1686,1377,0.8167
802,117,0.479286,1686,1377,0.8167
117,806,0.480852,1713,1382,0.8068
806,117,0.480852,1713,1382,0.8068
117,809,0.406801,1093,846,0.774
809,117,0.406801,1093,846,0.774
117,811,0.396117,1532,1147,0.7487
811,117,0.396117,1532,1147,0.7487
117,818,0.444082,1773,1404,0.7919
818,117,0.444082,1773,1404,0.7919
117,819,0.440879,1490,1158,0.7772
819,117,0.440879,1490,1158,0.7772
117,822,0.324179,1672,1226,0.7333
822,117,0.324179,1672,1226,0.7333
117,826,0.387647,1777,1365,0.7681
826,117,0.387647,1777,1365,0.7681
117,828,0.354988,1533,1209,0.7886
828,117,0.354988,1533,1209,0.7886
117,829,0.467263,1654,1343,0.812
829,117,0.467263,1654,1343,0.812
117,831,0.394787,1710,1308,0.7649
831,117,0.394787,1710,1308,0.7649
117,834,0.387459,1712,1314,0.7675
834,117,0.387459,1712,1314,0.7675
117,840,0.330894,1514,1033,0.6823
840,117,0.330894,1514,1033,0.6823
117,842,0.445873,1744,1386,0.7947
842,117,0.445873,1744,1386,0.7947
117,845,0.417673,1704,1312,0.77
845,117,0.417673,1704,1312,0.77
117,851,0.374555,1626,1271,0.7817
851,117,0.374555,1626,1271,0.7817
117,857,0.466744,1202,966,0.8037
857,117,0.466744,1202,966,0.8037
117,861,0.285831,1555,1107,0.7119
861,117,0.285831,1555,1107,0.7119
117,864,0.466068,1605,1272,0.7925
864,117,0.466068,1605,1272,0.7925
117,870,0.37746,1549,1164,0.7515
870,117,0.37746,1549,1164,0.7515
117,874,0.381603,1794,1362,0.7592
874,117,0.381603,1794,1362,0.7592
117,875,0.355378,1498,1149,0.767
875,117,0.355378,1498,1149,0.767
117,881,0.336192,1462,1047,0.7161
881,117,0.336192,1462,1047,0.7161
117,883,0.429761,1759,1378,0.7834
883,117,0.429761,1759,1378,0.7834
117,884,0.362366,1741,1281,0.7358
884,117,0.362366,1741,1281,0.7358
117,885,0.489763,1685,1354,0.8036
885,117,0.489763,1685,1354,0.8036
117,886,0.411635,1760,1372,0.7795
886,117,0.411635,1760,1372,0.7795
117,887,0.416457,1690,1354,0.8012
887,117,0.416457,1690,1354,0.8012
117,888,0.364439,1643,1242,0.7559
888,117,0.364439,1643,1242,0.7559
117,889,0.352542,1741,1285,0.7381
889,117,0.352542,1741,1285,0.7381
117,890,0.414335,1697,1292,0.7613
890,117,0.414335,1697,1292,0.7613
117,891,0.46824,1782,1458,0.8182
891,117,0.46824,1782,1458,0.8182
117,892,0.384347,1172,848,0.7235
892,117,0.384347,1172,848,0.7235
117,893,0.429694,1797,1414,0.7869
893,117,0.429694,1797,1414,0.7869
117,894,0.400393,1859,1454,0.7821
894,117,0.400393,1859,1454,0.7821
117,895,0.346797,1775,1320,0.7437
895,117,0.346797,1775,1320,0.7437
117,896,0.373773,1709,1279,0.7484
896,117,0.373773,1709,1279,0.7484
117,897,0.413419,1732,1349,0.7789
897,117,0.413419,1732,1349,0.7789
117,898,0.314368,1612,1070,0.6638
898,117,0.314368,1612,1070,0.6638
117,899,0.218389,1704,1147,0.6731
899,117,0.218389,1704,1147,0.6731
117,900,0.486649,1797,1443,0.803
900,117,0.486649,1797,1443,0.803
117,901,0.371411,1576,1141,0.724
901,117,0.371411,1576,1141,0.724
117,902,0.442773,1736,1395,0.8036
902,117,0.442773,1736,1395,0.8036
117,903,0.479298,1831,1469,0.8023
903,117,0.479298,1831,1469,0.8023
117,904,0.4378,1739,1374,0.7901
904,117,0.4378,1739,1374,0.7901
117,905,0.493872,1492,1196,0.8016
905,117,0.493872,1492,1196,0.8016
117,906,0.448328,1559,1213,0.7781
906,117,0.448328,1559,1213,0.7781
117,907,0.365826,1824,1412,0.7741
907,117,0.365826,1824,1412,0.7741
117,908,0.382358,1770,1357,0.7667
908,117,0.382358,1770,1357,0.7667
117,909,0.393741,1837,1432,0.7795
909,117,0.393741,1837,1432,0.7795
117,910,0.380596,1645,1253,0.7617
910,117,0.380596,1645,1253,0.7617
117,911,0.38578,1727,1309,0.758
911,117,0.38578,1727,1309,0.758
117,912,0.395953,1776,1376,0.7748
912,117,0.395953,1776,1376,0.7748
117,913,0.399955,1666,1291,0.7749
913,117,0.399955,1666,1291,0.7749
117,914,0.377074,1712,1299,0.7588
914,117,0.377074,1712,1299,0.7588
117,915,0.461338,1771,1403,0.7922
915,117,0.461338,1771,1403,0.7922
117,917,0.389835,1626,1226,0.754
917,117,0.389835,1626,1226,0.754
117,918,0.430729,1821,1433,0.7869
918,117,0.430729,1821,1433,0.7869
117,919,0.416354,1815,1396,0.7691
919,117,0.416354,1815,1396,0.7691
117,920,0.471955,1739,1404,0.8074
920,117,0.471955,1739,1404,0.8074
117,921,0.519625,1709,1434,0.8391
921,117,0.519625,1709,1434,0.8391
117,922,0.438638,1715,1343,0.7831
922,117,0.438638,1715,1343,0.7831
117,923,0.443433,1827,1465,0.8019
923,117,0.443433,1827,1465,0.8019
117,924,0.413222,1744,1375,0.7884
924,117,0.413222,1744,1375,0.7884
117,925,0.402386,1814,1442,0.7949
925,117,0.402386,1814,1442,0.7949
117,926,0.434548,1619,1335,0.8246
926,117,0.434548,1619,1335,0.8246
117,927,0.467736,1753,1418,0.8089
927,117,0.467736,1753,1418,0.8089
117,928,0.445373,1762,1406,0.798
928,117,0.445373,1762,1406,0.798
117,929,0.378332,1637,1269,0.7752
929,117,0.378332,1637,1269,0.7752
117,930,0.359695,1815,1342,0.7394
930,117,0.359695,1815,1342,0.7394
117,931,0.38499,1371,1033,0.7535
931,117,0.38499,1371,1033,0.7535
117,932,0.450429,1788,1411,0.7891
932,117,0.450429,1788,1411,0.7891
117,933,0.328606,1559,1123,0.7203
933,117,0.328606,1559,1123,0.7203
117,934,0.404725,1757,1375,0.7826
934,117,0.404725,1757,1375,0.7826
117,935,0.340052,1735,1244,0.717
935,117,0.340052,1735,1244,0.717
117,936,-0.090909,12,10,0.8333
936,117,-0.090909,12,10,0.8333
117,937,0.394243,1779,1355,0.7617
937,117,0.394243,1779,1355,0.7617
117,938,0.461219,201,161,0.801
938,117,0.461219,201,161,0.801
117,939,0.45367,1794,1407,0.7843
939,117,0.45367,1794,1407,0.7843
117,940,0.375987,1662,1256,0.7557
940,117,0.375987,1662,1256,0.7557
117,941,0.475596,1583,1256,0.7934
941,117,0.475596,1583,1256,0.7934
117,942,0.42814,1765,1361,0.7711
942,117,0.42814,1765,1361,0.7711
117,943,0.314,1592,1068,0.6709
943,117,0.314,1592,1068,0.6709
117,944,0.360273,1524,1100,0.7218
944,117,0.360273,1524,1100,0.7218
117,945,0.411043,1646,1246,0.757
945,117,0.411043,1646,1246,0.757
117,946,0.319096,1667,1159,0.6953
946,117,0.319096,1667,1159,0.6953
117,947,0.265129,1460,1026,0.7027
947,117,0.265129,1460,1026,0.7027
117,948,0.3801,1491,1113,0.7465
948,117,0.3801,1491,1113,0.7465
117,949,0.436215,1688,1309,0.7755
949,117,0.436215,1688,1309,0.7755
117,950,0.486061,1734,1399,0.8068
950,117,0.486061,1734,1399,0.8068
117,951,0.361737,1646,1221,0.7418
951,117,0.361737,1646,1221,0.7418
117,952,0.317112,1742,1279,0.7342
952,117,0.317112,1742,1279,0.7342
117,953,0.43612,1774,1437,0.81
953,117,0.43612,1774,1437,0.81
117,954,0.355846,1533,1122,0.7319
954,117,0.355846,1533,1122,0.7319
117,955,0.386056,1684,1256,0.7458
955,117,0.386056,1684,1256,0.7458
117,956,0.356495,1664,1244,0.7476
956,117,0.356495,1664,1244,0.7476
117,957,0.387165,1744,1337,0.7666
957,117,0.387165,1744,1337,0.7666
117,958,0.425823,1609,1262,0.7843
958,117,0.425823,1609,1262,0.7843
117,959,0.394872,1791,1382,0.7716
959,117,0.394872,1791,1382,0.7716
117,960,0.354144,1746,1299,0.744
960,117,0.354144,1746,1299,0.744
117,961,0.403385,1698,1315,0.7744
961,117,0.403385,1698,1315,0.7744
117,962,0.302827,1631,1099,0.6738
962,117,0.302827,1631,1099,0.6738
117,963,0.479405,1739,1402,0.8062
963,117,0.479405,1739,1402,0.8062
117,964,0.328605,1644,1200,0.7299
964,117,0.328605,1644,1200,0.7299
117,965,0.347703,1714,1259,0.7345
965,117,0.347703,1714,1259,0.7345
117,966,0.297787,1599,1060,0.6629
966,117,0.297787,1599,1060,0.6629
117,967,0.441124,1708,1352,0.7916
967,117,0.441124,1708,1352,0.7916
117,969,0.483194,1836,1504,0.8192
969,117,0.483194,1836,1504,0.8192
117,970,0.381748,1647,1300,0.7893
970,117,0.381748,1647,1300,0.7893
117,971,0.45951,1693,1353,0.7992
971,117,0.45951,1693,1353,0.7992
117,972,0.433995,1759,1390,0.7902
972,117,0.433995,1759,1390,0.7902
117,973,0.15505,1177,708,0.6015
973,117,0.15505,1177,708,0.6015
117,974,0.409534,1663,1295,0.7787
974,117,0.409534,1663,1295,0.7787
117,976,0.42453,1645,1242,0.755
976,117,0.42453,1645,1242,0.755
117,977,0.341495,1790,1341,0.7492
977,117,0.341495,1790,1341,0.7492
117,978,0.375926,1604,1233,0.7687
978,117,0.375926,1604,1233,0.7687
117,979,0.264381,43,38,0.8837
979,117,0.264381,43,38,0.8837
122,126,0.254853,1394,1023,0.7339
126,122,0.254853,1394,1023,0.7339
122,127,0.217718,1358,896,0.6598
127,122,0.217718,1358,896,0.6598
122,128,0.324196,1266,950,0.7504
128,122,0.324196,1266,950,0.7504
122,130,0.322708,1220,862,0.7066
130,122,0.322708,1220,862,0.7066
122,135,0.369104,1403,1071,0.7634
135,122,0.369104,1403,1071,0.7634
122,154,0.254707,1374,931,0.6776
154,122,0.254707,1374,931,0.6776
122,155,0.314742,1442,1053,0.7302
155,122,0.314742,1442,1053,0.7302
122,160,0.233218,1366,956,0.6999
160,122,0.233218,1366,956,0.6999
122,179,0.254357,970,603,0.6216
179,122,0.254357,970,603,0.6216
122,247,0.321645,1311,936,0.714
247,122,0.321645,1311,936,0.714
122,770,0.216098,1388,838,0.6037
770,122,0.216098,1388,838,0.6037
122,772,0.294702,1364,976,0.7155
772,122,0.294702,1364,976,0.7155
122,774,0.197377,1175,767,0.6528
774,122,0.197377,1175,767,0.6528
122,776,0.145206,1372,807,0.5882
776,122,0.145206,1372,807,0.5882
122,777,0.239841,1433,956,0.6671
777,122,0.239841,1433,956,0.6671
122,780,0.257364,1322,885,0.6694
780,122,0.257364,1322,885,0.6694
122,781,0.256601,1221,834,0.683
781,122,0.256601,1221,834,0.683
122,782,0.114186,1423,880,0.6184
782,122,0.114186,1423,880,0.6184
122,785,0.317513,1073,750,0.699
785,122,0.317513,1073,750,0.699
122,787,0.318456,1545,1119,0.7243
787,122,0.318456,1545,1119,0.7243
122,788,0.343596,1377,1006,0.7306
788,122,0.343596,1377,1006,0.7306
122,789,0.224365,1200,805,0.6708
789,122,0.224365,1200,805,0.6708
122,790,0.301965,1376,967,0.7028
790,122,0.301965,1376,967,0.7028
122,791,0.34679,1458,1086,0.7449
791,122,0.34679,1458,1086,0.7449
122,793,0.347561,1369,989,0.7224
793,122,0.347561,1369,989,0.7224
122,796,0.328156,1463,1074,0.7341
796,122,0.328156,1463,1074,0.7341
122,801,0.290571,1376,985,0.7158
801,122,0.290571,1376,985,0.7158
122,802,0.330369,1388,1037,0.7471
802,122,0.330369,1388,1037,0.7471
122,806,0.392812,1461,1111,0.7604
806,122,0.392812,1461,1111,0.7604
122,809,0.306848,960,709,0.7385
809,122,0.306848,960,709,0.7385
122,811,0.29503,1357,952,0.7015
811,122,0.29503,1357,952,0.7015
122,818,0.313965,1539,1115,0.7245
818,122,0.313965,1539,1115,0.7245
122,819,0.32041,1283,914,0.7124
819,122,0.32041,1283,914,0.7124
122,822,0.237548,1443,988,0.6847
822,122,0.237548,1443,988,0.6847
122,826,0.295304,1538,1111,0.7224
826,122,0.295304,1538,1111,0.7224
122,828,0.263308,1372,1019,0.7427
828,122,0.263308,1372,1019,0.7427
122,829,0.346771,1474,1107,0.751
829,122,0.346771,1474,1107,0.751
122,831,0.332595,1439,1046,0.7269
831,122,0.332595,1439,1046,0.7269
122,834,0.322317,1484,1080,0.7278
834,122,0.322317,1484,1080,0.7278
122,840,0.280666,1403,938,0.6686
840,122,0.280666,1403,938,0.6686
122,842,0.303072,1426,1027,0.7202
842,122,0.303072,1426,1027,0.7202
122,845,0.34321,1479,1080,0.7302
845,122,0.34321,1479,1080,0.7302
122,851,0.295428,1380,1019,0.7384
851,122,0.295428,1380,1019,0.7384
122,857,0.360869,949,697,0.7345
857,122,0.360869,949,697,0.7345
122,861,0.294611,1406,1003,0.7134
861,122,0.294611,1406,1003,0.7134
122,864,0.34161,1367,1007,0.7366
864,122,0.34161,1367,1007,0.7366
122,870,0.331496,1369,1001,0.7312
870,122,0.331496,1369,1001,0.7312
122,874,0.242091,1523,1052,0.6907
874,122,0.242091,1523,1052,0.6907
122,875,0.264941,1252,891,0.7117
875,122,0.264941,1252,891,0.7117
122,881,0.238287,1302,879,0.6751
881,122,0.238287,1302,879,0.6751
122,883,0.303756,1502,1081,0.7197
883,122,0.303756,1502,1081,0.7197
122,884,0.264053,1455,996,0.6845
884,122,0.264053,1455,996,0.6845
122,885,0.331504,1437,1049,0.73
885,122,0.331504,1437,1049,0.73
122,886,0.281211,1481,1049,0.7083
886,122,0.281211,1481,1049,0.7083
122,887,0.239965,1414,1021,0.7221
887,122,0.239965,1414,1021,0.7221
122,888,0.254928,1383,964,0.697
888,122,0.254928,1383,964,0.697
122,889,0.305184,1473,1044,0.7088
889,122,0.305184,1473,1044,0.7088
122,890,0.337049,1448,1038,0.7169
890,122,0.337049,1448,1038,0.7169
122,891,0.275669,1521,1108,0.7285
891,122,0.275669,1521,1108,0.7285
122,892,0.274829,1073,724,0.6747
892,122,0.274829,1073,724,0.6747
122,893,0.382148,1506,1137,0.755
893,122,0.382148,1506,1137,0.755
122,894,0.322643,1574,1150,0.7306
894,122,0.322643,1574,1150,0.7306
122,895,0.31183,1558,1117,0.7169
895,122,0.31183,1558,1117,0.7169
122,896,0.284994,1454,1018,0.7001
896,122,0.284994,1454,1018,0.7001
122,897,0.324166,1423,1033,0.7259
897,122,0.324166,1423,1033,0.7259
122,898,0.28531,1326,866,0.6531
898,122,0.28531,1326,866,0.6531
122,899,0.19978,1434,943,0.6576
899,122,0.19978,1434,943,0.6576
122,900,0.342866,1536,1127,0.7337
900,122,0.342866,1536,1127,0.7337
122,901,0.307759,1402,972,0.6933
901,122,0.307759,1402,972,0.6933
122,902,0.316382,1469,1080,0.7352
902,122,0.316382,1469,1080,0.7352
122,903,0.33051,1545,1128,0.7301
903,122,0.33051,1545,1128,0.7301
122,904,0.291525,1442,1029,0.7136
904,122,0.291525,1442,1029,0.7136
122,905,0.327965,1372,1003,0.731
905,122,0.327965,1372,1003,0.731
122,906,0.329372,1319,945,0.7165
906,122,0.329372,1319,945,0.7165
122,907,0.217788,1565,1088,0.6952
907,122,0.217788,1565,1088,0.6952
122,908,0.296286,1522,1093,0.7181
908,122,0.296286,1522,1093,0.7181
122,909,0.322154,1551,1133,0.7305
909,122,0.322154,1551,1133,0.7305
122,910,0.330352,1371,990,0.7221
910,122,0.330352,1371,990,0.7221
122,911,0.340263,1480,1071,0.7236
911,122,0.340263,1480,1071,0.7236
122,912,0.302818,1530,1102,0.7203
912,122,0.302818,1530,1102,0.7203
122,913,0.318328,1447,1062,0.7339
913,122,0.318328,1447,1062,0.7339
122,914,0.342369,1466,1079,0.736
914,122,0.342369,1466,1079,0.736
122,915,0.360835,1500,1107,0.738
915,122,0.360835,1500,1107,0.738
122,917,0.285244,1362,955,0.7012
917,122,0.285244,1362,955,0.7012
122,918,0.302205,1540,1109,0.7201
918,122,0.302205,1540,1109,0.7201
122,919,0.281304,1536,1077,0.7012
919,122,0.281304,1536,1077,0.7012
122,920,0.351378,1497,1112,0.7428
920,122,0.351378,1497,1112,0.7428
122,921,0.366095,1431,1097,0.7666
921,122,0.366095,1431,1097,0.7666
122,922,0.324577,1418,1017,0.7172
922,122,0.324577,1418,1017,0.7172
122,923,0.342039,1542,1151,0.7464
923,122,0.342039,1542,1151,0.7464
122,924,0.298475,1463,1056,0.7218
924,122,0.298475,1463,1056,0.7218
122,925,0.300382,1536,1129,0.735
925,122,0.300382,1536,1129,0.735
122,926,0.305692,1348,1024,0.7596
926,122,0.305692,1348,1024,0.7596
122,927,0.328063,1502,1109,0.7383
927,122,0.328063,1502,1109,0.7383
122,928,0.292789,1490,1071,0.7188
928,122,0.292789,1490,1071,0.7188
122,929,0.27757,1362,982,0.721
929,122,0.27757,1362,982,0.721
122,930,0.26238,1528,1045,0.6839
930,122,0.26238,1528,1045,0.6839
122,931,0.283425,1094,768,0.702
931,122,0.283425,1094,768,0.702
122,932,0.302732,1521,1083,0.712
932,122,0.302732,1521,1083,0.712
122,933,0.257425,1323,903,0.6825
933,122,0.257425,1323,903,0.6825
122,934,0.314852,1495,1091,0.7298
934,122,0.314852,1495,1091,0.7298
122,935,0.262426,1451,985,0.6788
935,122,0.262426,1451,985,0.6788
122,936,-1.0,11,10,0.9091
936,122,-1.0,11,10,0.9091
122,937,0.320605,1503,1092,0.7265
937,122,0.320605,1503,1092,0.7265
122,938,0.467206,205,166,0.8098
938,122,0.467206,205,166,0.8098
122,939,0.324483,1532,1101,0.7187
939,122,0.324483,1532,1101,0.7187
122,940,0.352984,1417,1041,0.7347
940,122,0.352984,1417,1041,0.7347
122,941,0.376866,1359,1011,0.7439
941,122,0.376866,1359,1011,0.7439
122,942,0.342522,1485,1071,0.7212
942,122,0.342522,1485,1071,0.7212
122,943,0.264278,1388,912,0.6571
943,122,0.264278,1388,912,0.6571
122,944,0.307045,1321,912,0.6904
944,122,0.307045,1321,912,0.6904
122,945,0.316506,1401,990,0.7066
945,122,0.316506,1401,990,0.7066
122,946,0.273561,1405,944,0.6719
946,122,0.273561,1405,944,0.6719
122,947,0.18666,1252,813,0.6494
947,122,0.18666,1252,813,0.6494
122,948,0.329862,1368,985,0.72
948,122,0.329862,1368,985,0.72
122,949,0.32041,1461,1053,0.7207
949,122,0.32041,1461,1053,0.7207
122,950,0.337626,1487,1093,0.735
950,122,0.337626,1487,1093,0.735
122,951,0.337973,1434,1039,0.7245
951,122,0.337973,1434,1039,0.7245
122,952,0.26445,1449,1009,0.6963
952,122,0.26445,1449,1009,0.6963
122,953,0.353608,1481,1117,0.7542
953,122,0.353608,1481,1117,0.7542
122,954,0.268492,1334,912,0.6837
954,122,0.268492,1334,912,0.6837
122,955,0.272346,1423,979,0.688
955,122,0.272346,1423,979,0.688
122,956,0.243914,1436,989,0.6887
956,122,0.243914,1436,989,0.6887
122,957,0.286581,1510,1078,0.7139
957,122,0.286581,1510,1078,0.7139
122,958,0.335742,1440,1063,0.7382
958,122,0.335742,1440,1063,0.7382
122,959,0.319044,1528,1112,0.7277
959,122,0.319044,1528,1112,0.7277
122,960,0.322665,1485,1082,0.7286
960,122,0.322665,1485,1082,0.7286
122,961,0.303117,1432,1031,0.72
961,122,0.303117,1432,1031,0.72
122,962,0.249602,1393,907,0.6511
962,122,0.249602,1393,907,0.6511
122,963,0.309173,1473,1072,0.7278
963,122,0.309173,1473,1072,0.7278
122,964,0.276787,1394,970,0.6958
964,122,0.276787,1394,970,0.6958
122,965,0.226194,1469,988,0.6726
965,122,0.226194,1469,988,0.6726
122,966,0.234896,1385,890,0.6426
966,122,0.234896,1385,890,0.6426
122,967,0.304891,1460,1059,0.7253
967,122,0.304891,1460,1059,0.7253
122,969,0.296188,1544,1125,0.7286
969,122,0.296188,1544,1125,0.7286
122,970,0.269366,1448,1057,0.73
970,122,0.269366,1448,1057,0.73
122,971,0.316094,1413,1028,0.7275
971,122,0.316094,1413,1028,0.7275
122,972,0.308513,1445,1043,0.7218
972,122,0.308513,1445,1043,0.7218
122,973,0.184271,1016,625,0.6152
973,122,0.184271,1016,625,0.6152
122,974,0.289628,1406,1003,0.7134
974,122,0.289628,1406,1003,0.7134
122,976,0.254816,1417,957,0.6754
976,122,0.254816,1417,957,0.6754
122,977,0.298675,1523,1095,0.719
977,122,0.298675,1523,1095,0.719
122,978,0.26922,1347,947,0.703
978,122,0.26922,1347,947,0.703
122,979,0.051713,63,50,0.7937
979,122,0.051713,63,50,0.7937
126,127,0.160101,1745,1186,0.6797
127,126,0.160101,1745,1186,0.6797
126,128,0.251819,1512,1147,0.7586
128,126,0.251819,1512,1147,0.7586
126,130,0.216299,1550,1081,0.6974
130,126,0.216299,1550,1081,0.6974
126,135,0.289261,1713,1323,0.7723
135,126,0.289261,1713,1323,0.7723
126,154,0.200244,1690,1156,0.684
154,126,0.200244,1690,1156,0.684
126,155,0.267049,1784,1326,0.7433
155,126,0.267049,1784,1326,0.7433
126,160,0.176861,1708,1197,0.7008
160,126,0.176861,1708,1197,0.7008
126,179,0.14786,1171,682,0.5824
179,126,0.14786,1171,682,0.5824
126,247,0.201688,1700,1190,0.7
247,126,0.201688,1700,1190,0.7
126,770,0.138628,1766,997,0.5646
770,126,0.138628,1766,997,0.5646
126,772,0.206875,1638,1179,0.7198
772,126,0.206875,1638,1179,0.7198
126,774,0.129333,1446,962,0.6653
774,126,0.129333,1446,962,0.6653
126,776,0.12394,1641,984,0.5996
776,126,0.12394,1641,984,0.5996
126,777,0.186865,1846,1270,0.688
777,126,0.186865,1846,1270,0.688
126,780,0.232761,1688,1157,0.6854
780,126,0.232761,1688,1157,0.6854
126,781,0.217048,1374,965,0.7023
781,126,0.217048,1374,965,0.7023
126,782,0.107675,1831,1201,0.6559
782,126,0.107675,1831,1201,0.6559
126,785,0.187025,1145,773,0.6751
785,126,0.187025,1145,773,0.6751
126,787,0.289695,1990,1508,0.7578
787,126,0.289695,1990,1508,0.7578
126,788,0.258488,1778,1296,0.7289
788,126,0.258488,1778,1296,0.7289
126,789,0.147044,1497,996,0.6653
789,126,0.147044,1497,996,0.6653
126,790,0.264731,1667,1190,0.7139
790,126,0.264731,1667,1190,0.7139
126,791,0.250985,1791,1337,0.7465
791,126,0.250985,1791,1337,0.7465
126,793,0.259299,1717,1239,0.7216
793,126,0.259299,1717,1239,0.7216
126,796,0.229776,1888,1384,0.7331
796,126,0.229776,1888,1384,0.7331
126,801,0.241614,1770,1273,0.7192
801,126,0.241614,1770,1273,0.7192
126,802,0.30798,1868,1437,0.7693
802,126,0.30798,1868,1437,0.7693
126,806,0.263527,1857,1395,0.7512
806,126,0.263527,1857,1395,0.7512
126,809,0.202607,1105,781,0.7068
809,126,0.202607,1105,781,0.7068
126,811,0.480309,1722,1370,0.7956
811,126,0.480309,1722,1370,0.7956
126,818,0.247842,1843,1347,0.7309
818,126,0.247842,1843,1347,0.7309
126,819,0.254494,1480,1068,0.7216
819,126,0.254494,1480,1068,0.7216
126,822,0.159706,1839,1307,0.7107
822,126,0.159706,1839,1307,0.7107
126,826,0.202866,1917,1382,0.7209
826,126,0.202866,1917,1382,0.7209
126,828,0.272907,1686,1313,0.7788
828,126,0.272907,1686,1313,0.7788
126,829,0.302256,1816,1404,0.7731
829,126,0.302256,1816,1404,0.7731
126,831,0.282003,1869,1384,0.7405
831,126,0.282003,1869,1384,0.7405
126,834,0.273209,1919,1437,0.7488
834,126,0.273209,1919,1437,0.7488
126,840,0.156216,1738,1112,0.6398
840,126,0.156216,1738,1112,0.6398
126,842,0.199508,1782,1277,0.7166
842,126,0.199508,1782,1277,0.7166
126,845,0.21803,1894,1356,0.7159
845,126,0.21803,1894,1356,0.7159
126,851,0.270232,1762,1332,0.756
851,126,0.270232,1762,1332,0.756
126,857,0.310385,1276,960,0.7524
857,126,0.310385,1276,960,0.7524
126,861,0.225531,1640,1156,0.7049
861,126,0.225531,1640,1156,0.7049
126,864,0.228426,1741,1256,0.7214
864,126,0.228426,1741,1256,0.7214
126,870,0.225768,1690,1218,0.7207
870,126,0.225768,1690,1218,0.7207
126,874,0.31272,1887,1411,0.7477
874,126,0.31272,1887,1411,0.7477
126,875,0.189863,1605,1149,0.7159
875,126,0.189863,1605,1149,0.7159
126,881,0.199512,1568,1075,0.6856
881,126,0.199512,1568,1075,0.6856
126,883,0.203746,1927,1381,0.7167
883,126,0.203746,1927,1381,0.7167
126,884,0.212948,1895,1342,0.7082
884,126,0.212948,1895,1342,0.7082
126,885,0.275445,1823,1361,0.7466
885,126,0.275445,1823,1361,0.7466
126,886,0.223953,1838,1336,0.7269
886,126,0.223953,1838,1336,0.7269
126,887,0.236528,1872,1421,0.7591
887,126,0.236528,1872,1421,0.7591
126,888,0.14738,1703,1181,0.6935
888,126,0.14738,1703,1181,0.6935
126,889,0.264132,1925,1396,0.7252
889,126,0.264132,1925,1396,0.7252
126,890,0.24059,1826,1288,0.7054
890,126,0.24059,1826,1288,0.7054
126,891,0.231066,1921,1455,0.7574
891,126,0.231066,1921,1455,0.7574
126,892,0.111886,1154,728,0.6308
892,126,0.111886,1154,728,0.6308
126,893,0.260731,1905,1402,0.736
893,126,0.260731,1905,1402,0.736
126,894,0.295493,2004,1524,0.7605
894,126,0.295493,2004,1524,0.7605
126,895,0.267787,1915,1404,0.7332
895,126,0.267787,1915,1404,0.7332
126,896,0.246086,1852,1319,0.7122
896,126,0.246086,1852,1319,0.7122
126,897,0.279208,1859,1392,0.7488
897,126,0.279208,1859,1392,0.7488
126,898,0.148165,1643,1003,0.6105
898,126,0.148165,1643,1003,0.6105
126,899,0.174549,1805,1230,0.6814
899,126,0.174549,1805,1230,0.6814
126,900,0.279474,1895,1406,0.742
900,126,0.279474,1895,1406,0.742
126,901,0.250755,1671,1146,0.6858
901,126,0.250755,1671,1146,0.6858
126,902,0.254754,1911,1450,0.7588
902,126,0.254754,1911,1450,0.7588
126,903,0.248779,1979,1463,0.7393
903,126,0.248779,1979,1463,0.7393
126,904,0.23484,1802,1315,0.7297
904,126,0.23484,1802,1315,0.7297
126,905,0.248054,1561,1139,0.7297
905,126,0.248054,1561,1139,0.7297
126,906,0.269331,1556,1116,0.7172
906,126,0.269331,1556,1116,0.7172
126,907,0.183997,1909,1373,0.7192
907,126,0.183997,1909,1373,0.7192
126,908,0.283152,1975,1484,0.7514
908,126,0.283152,1975,1484,0.7514
126,909,0.288752,1970,1494,0.7584
909,126,0.288752,1970,1494,0.7584
126,910,0.260691,1779,1322,0.7431
910,126,0.260691,1779,1322,0.7431
126,911,0.266905,1912,1390,0.727
911,126,0.266905,1912,1390,0.727
126,912,0.273699,1983,1478,0.7453
912,126,0.273699,1983,1478,0.7453
126,913,0.295852,1850,1405,0.7595
913,126,0.295852,1850,1405,0.7595
126,914,0.291248,1901,1397,0.7349
914,126,0.291248,1901,1397,0.7349
126,915,0.240449,1920,1401,0.7297
915,126,0.240449,1920,1401,0.7297
126,917,0.213787,1749,1199,0.6855
917,126,0.213787,1749,1199,0.6855
126,918,0.252378,1896,1395,0.7358
918,126,0.252378,1896,1395,0.7358
126,919,0.214885,1971,1388,0.7042
919,126,0.214885,1971,1388,0.7042
126,920,0.285658,1906,1444,0.7576
920,126,0.285658,1906,1444,0.7576
126,921,0.372413,1820,1459,0.8016
921,126,0.372413,1820,1459,0.8016
126,922,0.220259,1830,1320,0.7213
922,126,0.220259,1830,1320,0.7213
126,923,0.254034,1983,1496,0.7544
923,126,0.254034,1983,1496,0.7544
126,924,0.253429,1882,1398,0.7428
924,126,0.253429,1882,1398,0.7428
126,925,0.277434,1964,1511,0.7693
925,126,0.277434,1964,1511,0.7693
126,926,0.239818,1702,1316,0.7732
926,126,0.239818,1702,1316,0.7732
126,927,0.214992,1904,1409,0.74
927,126,0.214992,1904,1409,0.74
126,928,0.215357,1810,1318,0.7282
928,126,0.215357,1810,1318,0.7282
126,929,0.164078,1801,1288,0.7152
929,126,0.164078,1801,1288,0.7152
126,930,0.224075,1907,1322,0.6932
930,126,0.224075,1907,1322,0.6932
126,931,0.188554,1424,966,0.6784
931,126,0.188554,1424,966,0.6784
126,932,0.260616,1941,1426,0.7347
932,126,0.260616,1941,1426,0.7347
126,933,0.206498,1596,1097,0.6873
933,126,0.206498,1596,1097,0.6873
126,934,0.285768,1918,1446,0.7539
934,126,0.285768,1918,1446,0.7539
126,935,0.233077,1881,1280,0.6805
935,126,0.233077,1881,1280,0.6805
126,936,-0.395285,9,3,0.3333
936,126,-0.395285,9,3,0.3333
126,937,0.25546,1931,1408,0.7292
937,126,0.25546,1931,1408,0.7292
126,938,0.394634,236,184,0.7797
938,126,0.394634,236,184,0.7797
126,939,0.232297,1966,1405,0.7146
939,126,0.232297,1966,1405,0.7146
126,940,0.266893,1804,1309,0.7256
940,126,0.266893,1804,1309,0.7256
126,941,0.277333,1705,1265,0.7419
941,126,0.277333,1705,1265,0.7419
126,942,0.221226,1914,1349,0.7048
942,126,0.221226,1914,1349,0.7048
126,943,0.166449,1741,1122,0.6445
943,126,0.166449,1741,1122,0.6445
126,944,0.198075,1638,1110,0.6777
944,126,0.198075,1638,1110,0.6777
126,945,0.240281,1773,1279,0.7214
945,126,0.240281,1773,1279,0.7214
126,946,0.16056,1686,1092,0.6477
946,126,0.16056,1686,1092,0.6477
126,947,0.159923,1565,1076,0.6875
947,126,0.159923,1565,1076,0.6875
126,948,0.244326,1565,1112,0.7105
948,126,0.244326,1565,1112,0.7105
126,949,0.223513,1835,1295,0.7057
949,126,0.223513,1835,1295,0.7057
126,950,0.244919,1886,1395,0.7397
950,126,0.244919,1886,1395,0.7397
126,951,0.275652,1846,1345,0.7286
951,126,0.275652,1846,1345,0.7286
126,952,0.155864,1814,1253,0.6907
952,126,0.155864,1814,1253,0.6907
126,953,0.29422,1862,1452,0.7798
953,126,0.29422,1862,1452,0.7798
126,954,0.202639,1571,1073,0.683
954,126,0.202639,1571,1073,0.683
126,955,0.198819,1801,1220,0.6774
955,126,0.198819,1801,1220,0.6774
126,956,0.209879,1841,1330,0.7224
956,126,0.209879,1841,1330,0.7224
126,957,0.26484,1858,1377,0.7411
957,126,0.26484,1858,1377,0.7411
126,958,0.319168,1837,1400,0.7621
958,126,0.319168,1837,1400,0.7621
126,959,0.286529,1937,1452,0.7496
959,126,0.286529,1937,1452,0.7496
126,960,0.256859,1906,1391,0.7298
960,126,0.256859,1906,1391,0.7298
126,961,0.230044,1845,1359,0.7366
961,126,0.230044,1845,1359,0.7366
126,962,0.155506,1723,1094,0.6349
962,126,0.155506,1723,1094,0.6349
126,963,0.238915,1868,1378,0.7377
963,126,0.238915,1868,1378,0.7377
126,964,0.218385,1764,1254,0.7109
964,126,0.218385,1764,1254,0.7109
126,965,0.174147,1890,1311,0.6937
965,126,0.174147,1890,1311,0.6937
126,966,0.186254,1715,1091,0.6362
966,126,0.186254,1715,1091,0.6362
126,967,0.231776,1854,1363,0.7352
967,126,0.231776,1854,1363,0.7352
126,969,0.236586,1975,1492,0.7554
969,126,0.236586,1975,1492,0.7554
126,970,0.244039,1864,1414,0.7586
970,126,0.244039,1864,1414,0.7586
126,971,0.219338,1817,1333,0.7336
971,126,0.219338,1817,1333,0.7336
126,972,0.249823,1823,1343,0.7367
972,126,0.249823,1823,1343,0.7367
126,973,0.044849,1200,695,0.5792
973,126,0.044849,1200,695,0.5792
126,974,0.172136,1734,1232,0.7105
974,126,0.172136,1734,1232,0.7105
126,976,0.194178,1748,1176,0.6728
976,126,0.194178,1748,1176,0.6728
126,977,0.252768,1934,1420,0.7342
977,126,0.252768,1934,1420,0.7342
126,978,0.278779,1744,1305,0.7483
978,126,0.278779,1744,1305,0.7483
126,979,0.311872,54,47,0.8704
979,126,0.311872,54,47,0.8704
127,128,0.290918,1473,1024,0.6952
128,127,0.290918,1473,1024,0.6952
127,130,0.602978,1590,1319,0.8296
130,127,0.602978,1590,1319,0.8296
127,135,0.307616,1760,1264,0.7182
135,127,0.307616,1760,1264,0.7182
127,154,0.317782,1715,1199,0.6991
154,127,0.317782,1715,1199,0.6991
127,155,0.110415,1734,1076,0.6205
155,127,0.110415,1734,1076,0.6205
127,160,0.182472,1706,1120,0.6565
160,127,0.182472,1706,1120,0.6565
127,179,0.591832,1245,990,0.7952
179,127,0.591832,1245,990,0.7952
127,247,0.395502,1728,1279,0.7402
247,127,0.395502,1728,1279,0.7402
127,770,0.620766,1824,1467,0.8043
770,127,0.620766,1824,1467,0.8043
127,772,0.517682,1631,1291,0.7915
772,127,0.517682,1631,1291,0.7915
127,774,0.573397,1585,1284,0.8101
774,127,0.573397,1585,1284,0.8101
127,776,0.611567,1775,1448,0.8158
776,127,0.611567,1775,1448,0.8158
127,777,0.668488,1924,1657,0.8612
777,127,0.668488,1924,1657,0.8612
127,780,0.591403,1792,1463,0.8164
780,127,0.591403,1792,1463,0.8164
127,781,0.670125,1492,1278,0.8566
781,127,0.670125,1492,1278,0.8566
127,782,0.623803,1928,1621,0.8408
782,127,0.623803,1928,1621,0.8408
127,785,0.543231,1196,951,0.7952
785,127,0.543231,1196,951,0.7952
127,787,0.489803,2011,1594,0.7926
787,127,0.489803,2011,1594,0.7926
127,788,0.486573,1726,1351,0.7827
788,127,0.486573,1726,1351,0.7827
127,789,0.403611,1545,1142,0.7392
789,127,0.403611,1545,1142,0.7392
127,790,0.431312,1640,1229,0.7494
790,127,0.431312,1640,1229,0.7494
127,791,0.455859,1814,1405,0.7745
791,127,0.455859,1814,1405,0.7745
127,793,0.458074,1756,1346,0.7665
793,127,0.458074,1756,1346,0.7665
127,796,0.447182,1859,1428,0.7682
796,127,0.447182,1859,1428,0.7682
127,801,0.42778,1765,1338,0.7581
801,127,0.42778,1765,1338,0.7581
127,802,0.459157,1841,1443,0.7838
802,127,0.459157,1841,1443,0.7838
127,806,0.362464,1876,1394,0.7431
806,127,0.362464,1876,1394,0.7431
127,809,0.557304,1077,864,0.8022
809,127,0.557304,1077,864,0.8022
127,811,0.361593,1660,1205,0.7259
811,127,0.361593,1660,1205,0.7259
127,818,0.538261,1814,1457,0.8032
818,127,0.538261,1814,1457,0.8032
127,819,0.426563,1523,1126,0.7393
819,127,0.426563,1523,1126,0.7393
127,822,0.685888,1910,1670,0.8743
822,127,0.685888,1910,1670,0.8743
127,826,0.431414,1931,1472,0.7623
826,127,0.431414,1931,1472,0.7623
127,828,0.345665,1697,1259,0.7419
828,127,0.345665,1697,1259,0.7419
127,829,0.329336,1810,1312,0.7249
829,127,0.329336,1810,1312,0.7249
127,831,0.124581,1815,1139,0.6275
831,127,0.124581,1815,1139,0.6275
127,834,0.113105,1843,1151,0.6245
834,127,0.113105,1843,1151,0.6245
127,840,0.502024,1698,1318,0.7762
840,127,0.502024,1698,1318,0.7762
127,842,0.446919,1775,1355,0.7634
842,127,0.446919,1775,1355,0.7634
127,845,0.41423,1893,1426,0.7533
845,127,0.41423,1893,1426,0.7533
127,851,0.30187,1816,1317,0.7252
851,127,0.30187,1816,1317,0.7252
127,857,0.145244,1278,847,0.6628
857,127,0.145244,1278,847,0.6628
127,861,0.149236,1705,1063,0.6235
861,127,0.149236,1705,1063,0.6235
127,864,0.416493,1735,1309,0.7545
864,127,0.416493,1735,1309,0.7545
127,870,0.345727,1715,1256,0.7324
870,127,0.345727,1715,1256,0.7324
127,874,0.383121,1890,1397,0.7392
874,127,0.383121,1890,1397,0.7392
127,875,0.404778,1602,1195,0.7459
875,127,0.404778,1602,1195,0.7459
127,881,0.625198,1723,1445,0.8387
881,127,0.625198,1723,1445,0.8387
127,883,0.482365,1899,1491,0.7852
883,127,0.482365,1899,1491,0.7852
127,884,0.650087,1990,1701,0.8548
884,127,0.650087,1990,1701,0.8548
127,885,0.460917,1856,1439,0.7753
885,127,0.460917,1856,1439,0.7753
127,886,0.406876,1868,1404,0.7516
886,127,0.406876,1868,1404,0.7516
127,887,0.49638,1907,1526,0.8002
887,127,0.49638,1907,1526,0.8002
127,888,0.381597,1725,1267,0.7345
888,127,0.381597,1725,1267,0.7345
127,889,0.107393,1914,1174,0.6134
889,127,0.107393,1914,1174,0.6134
127,890,0.436246,1847,1402,0.7591
890,127,0.436246,1847,1402,0.7591
127,891,0.49347,1934,1536,0.7942
891,127,0.49347,1934,1536,0.7942
127,892,0.461058,1229,918,0.7469
892,127,0.461058,1229,918,0.7469
127,893,0.331592,1959,1412,0.7208
893,127,0.331592,1959,1412,0.7208
127,894,0.119848,2010,1273,0.6333
894,127,0.119848,2010,1273,0.6333
127,895,0.106655,1941,1190,0.6131
895,127,0.106655,1941,1190,0.6131
127,896,0.103324,1867,1129,0.6047
896,127,0.103324,1867,1129,0.6047
127,897,0.115221,1855,1161,0.6259
897,127,0.115221,1855,1161,0.6259
127,898,0.614335,1629,1327,0.8146
898,127,0.614335,1629,1327,0.8146
127,899,0.150998,1856,1169,0.6298
899,127,0.150998,1856,1169,0.6298
127,900,0.518154,1931,1540,0.7975
900,127,0.518154,1931,1540,0.7975
127,901,0.563624,1745,1404,0.8046
901,127,0.563624,1745,1404,0.8046
127,902,0.462185,1934,1515,0.7834
902,127,0.462185,1934,1515,0.7834
127,903,0.475759,2013,1580,0.7849
903,127,0.475759,2013,1580,0.7849
127,904,0.560102,1838,1498,0.815
904,127,0.560102,1838,1498,0.815
127,905,0.476483,1584,1232,0.7778
905,127,0.476483,1584,1232,0.7778
127,906,0.330093,1672,1179,0.7051
906,127,0.330093,1672,1179,0.7051
127,907,0.394129,1937,1452,0.7496
907,127,0.394129,1937,1452,0.7496
127,908,0.123122,1979,1253,0.6331
908,127,0.123122,1979,1253,0.6331
127,909,0.123083,1980,1254,0.6333
909,127,0.123083,1980,1254,0.6333
127,910,0.12247,1778,1117,0.6282
910,127,0.12247,1778,1117,0.6282
127,911,0.164021,1906,1218,0.639
911,127,0.164021,1906,1218,0.639
127,912,0.119111,1938,1229,0.6342
912,127,0.119111,1938,1229,0.6342
127,913,0.105682,1845,1162,0.6298
913,127,0.105682,1845,1162,0.6298
127,914,0.100146,1817,1107,0.6092
914,127,0.100146,1817,1107,0.6092
127,915,0.451865,1934,1492,0.7715
915,127,0.451865,1934,1492,0.7715
127,917,0.369104,1783,1313,0.7364
917,127,0.369104,1783,1313,0.7364
127,918,0.56215,1912,1565,0.8185
918,127,0.56215,1912,1565,0.8185
127,919,0.528845,1972,1579,0.8007
919,127,0.528845,1972,1579,0.8007
127,920,0.413709,1934,1472,0.7611
920,127,0.413709,1934,1472,0.7611
127,921,0.306365,1813,1301,0.7176
921,127,0.306365,1813,1301,0.7176
127,922,0.465362,1876,1460,0.7783
922,127,0.465362,1876,1460,0.7783
127,923,0.323443,2007,1462,0.7285
923,127,0.323443,2007,1462,0.7285
127,924,0.477714,1884,1479,0.785
924,127,0.477714,1884,1479,0.785
127,925,0.262978,1932,1360,0.7039
925,127,0.262978,1932,1360,0.7039
127,926,0.388139,1714,1296,0.7561
926,127,0.388139,1714,1296,0.7561
127,927,0.537144,1932,1571,0.8131
927,127,0.537144,1932,1571,0.8131
127,928,0.454333,1856,1433,0.7721
928,127,0.454333,1856,1433,0.7721
127,929,0.343785,1837,1348,0.7338
929,127,0.343785,1837,1348,0.7338
127,930,0.155043,1912,1195,0.625
930,127,0.155043,1912,1195,0.625
127,931,0.256036,1450,989,0.6821
931,127,0.256036,1450,989,0.6821
127,932,0.501849,1942,1537,0.7915
932,127,0.501849,1942,1537,0.7915
127,933,0.498939,1653,1290,0.7804
933,127,0.498939,1653,1290,0.7804
127,934,0.118492,1918,1211,0.6314
934,127,0.118492,1918,1211,0.6314
127,935,0.087429,1871,1097,0.5863
935,127,0.087429,1871,1097,0.5863
127,936,-0.438529,14,3,0.2143
936,127,-0.438529,14,3,0.2143
127,937,0.122658,1909,1188,0.6223
937,127,0.122658,1909,1188,0.6223
127,938,0.11525,312,210,0.6731
938,127,0.11525,312,210,0.6731
127,939,0.519861,1966,1567,0.797
939,127,0.519861,1966,1567,0.797
127,940,0.361901,1883,1385,0.7355
940,127,0.361901,1883,1385,0.7355
127,941,0.425632,1790,1370,0.7654
941,127,0.425632,1790,1370,0.7654
127,942,0.420011,1928,1446,0.75
942,127,0.420011,1928,1446,0.75
127,943,0.698728,1840,1589,0.8636
943,127,0.698728,1840,1589,0.8636
127,944,0.686159,1714,1479,0.8629
944,127,0.686159,1714,1479,0.8629
127,945,0.692853,1877,1640,0.8737
945,127,0.692853,1877,1640,0.8737
127,946,0.57161,1728,1398,0.809
946,127,0.57161,1728,1398,0.809
127,947,0.760495,1704,1535,0.9008
947,127,0.760495,1704,1535,0.9008
127,948,0.181524,1613,1042,0.646
948,127,0.181524,1613,1042,0.646
127,949,0.472449,1821,1410,0.7743
949,127,0.472449,1821,1410,0.7743
127,950,0.489169,1952,1546,0.792
950,127,0.489169,1952,1546,0.792
127,951,0.100511,1792,1096,0.6116
951,127,0.100511,1792,1096,0.6116
127,952,0.503339,1808,1433,0.7926
952,127,0.503339,1808,1433,0.7926
127,953,0.371531,1893,1416,0.748
953,127,0.371531,1893,1416,0.748
127,954,0.658916,1750,1494,0.8537
954,127,0.658916,1750,1494,0.8537
127,955,0.467841,1796,1376,0.7661
955,127,0.467841,1796,1376,0.7661
127,956,0.711539,1924,1702,0.8846
956,127,0.711539,1924,1702,0.8846
127,957,0.439898,1884,1440,0.7643
957,127,0.439898,1884,1440,0.7643
127,958,0.276748,1805,1266,0.7014
958,127,0.276748,1805,1266,0.7014
127,959,0.105139,1929,1198,0.621
959,127,0.105139,1929,1198,0.621
127,960,0.121737,1869,1161,0.6212
960,127,0.121737,1869,1161,0.6212
127,961,0.494055,1876,1489,0.7937
961,127,0.494055,1876,1489,0.7937
127,962,0.693572,1876,1611,0.8587
962,127,0.693572,1876,1611,0.8587
127,963,0.518218,1848,1477,0.7992
963,127,0.518218,1848,1477,0.7992
127,964,0.597067,1812,1504,0.83
964,127,0.597067,1812,1504,0.83
127,965,0.585674,1871,1547,0.8268
965,127,0.585674,1871,1547,0.8268
127,966,0.679977,1838,1562,0.8498
966,127,0.679977,1838,1562,0.8498
127,967,0.480495,1883,1479,0.7854
967,127,0.480495,1883,1479,0.7854
127,969,0.460616,1989,1556,0.7823
969,127,0.460616,1989,1556,0.7823
127,970,0.434834,1829,1421,0.7769
970,127,0.434834,1829,1421,0.7769
127,971,0.431956,1854,1418,0.7648
971,127,0.431956,1854,1418,0.7648
127,972,0.541318,1802,1454,0.8069
972,127,0.541318,1802,1454,0.8069
127,973,0.664651,1313,1106,0.8423
973,127,0.664651,1313,1106,0.8423
127,974,0.433583,1760,1341,0.7619
974,127,0.433583,1760,1341,0.7619
127,976,0.537218,1724,1372,0.7958
976,127,0.537218,1724,1372,0.7958
127,977,0.11411,1917,1203,0.6275
977,127,0.11411,1917,1203,0.6275
127,978,0.125478,1651,1030,0.6239
978,127,0.125478,1651,1030,0.6239
127,979,0.313205,55,48,0.8727
979,127,0.313205,55,48,0.8727
128,130,0.422897,1357,1028,0.7576
130,128,0.422897,1357,1028,0.7576
128,135,0.587952,1551,1336,0.8614
135,128,0.587952,1551,1336,0.8614
128,154,0.382864,1469,1095,0.7454
154,128,0.382864,1469,1095,0.7454
128,155,0.47086,1509,1211,0.8025
155,128,0.47086,1509,1211,0.8025
128,160,0.34623,1386,1043,0.7525
160,128,0.34623,1386,1043,0.7525
128,179,0.290475,1019,631,0.6192
179,128,0.290475,1019,631,0.6192
128,247,0.419699,1475,1133,0.7681
247,128,0.419699,1475,1133,0.7681
128,770,0.208188,1467,843,0.5746
770,128,0.208188,1467,843,0.5746
128,772,0.42072,1460,1137,0.7788
772,128,0.42072,1460,1137,0.7788
128,774,0.251185,1297,904,0.697
774,128,0.251185,1297,904,0.697
128,776,0.193053,1419,848,0.5976
776,128,0.193053,1419,848,0.5976
128,777,0.317225,1550,1100,0.7097
777,128,0.317225,1550,1100,0.7097
128,780,0.372442,1445,1043,0.7218
780,128,0.372442,1445,1043,0.7218
128,781,0.398911,1176,876,0.7449
781,128,0.398911,1176,876,0.7449
128,782,0.169055,1527,997,0.6529
782,128,0.169055,1527,997,0.6529
128,785,0.415797,1078,812,0.7532
785,128,0.415797,1078,812,0.7532
128,787,0.44341,1655,1310,0.7915
787,128,0.44341,1655,1310,0.7915
128,788,0.434108,1504,1170,0.7779
788,128,0.434108,1504,1170,0.7779
128,789,0.282694,1265,898,0.7099
789,128,0.282694,1265,898,0.7099
128,790,0.417887,1449,1107,0.764
790,128,0.417887,1449,1107,0.764
128,791,0.450127,1531,1222,0.7982
791,128,0.450127,1531,1222,0.7982
128,793,0.445757,1524,1176,0.7717
793,128,0.445757,1524,1176,0.7717
128,796,0.468414,1584,1273,0.8037
796,128,0.468414,1584,1273,0.8037
128,801,0.379177,1453,1094,0.7529
801,128,0.379177,1453,1094,0.7529
128,802,0.444921,1493,1197,0.8017
802,128,0.444921,1493,1197,0.8017
128,806,0.489401,1553,1257,0.8094
806,128,0.489401,1553,1257,0.8094
128,809,0.451578,997,780,0.7823
809,128,0.451578,997,780,0.7823
128,811,0.401258,1387,1042,0.7513
811,128,0.401258,1387,1042,0.7513
128,818,0.47208,1597,1273,0.7971
818,128,0.47208,1597,1273,0.7971
128,819,0.471399,1354,1080,0.7976
819,128,0.471399,1354,1080,0.7976
128,822,0.321225,1540,1134,0.7364
822,128,0.321225,1540,1134,0.7364
128,826,0.399056,1644,1271,0.7731
826,128,0.399056,1644,1271,0.7731
128,828,0.415714,1497,1213,0.8103
828,128,0.415714,1497,1213,0.8103
128,829,0.556676,1601,1361,0.8501
829,128,0.556676,1601,1361,0.8501
128,831,0.488667,1503,1204,0.8011
831,128,0.488667,1503,1204,0.8011
128,834,0.460896,1572,1254,0.7977
834,128,0.460896,1572,1254,0.7977
128,840,0.365541,1493,1047,0.7013
840,128,0.365541,1493,1047,0.7013
128,842,0.481129,1529,1226,0.8018
842,128,0.481129,1529,1226,0.8018
128,845,0.414504,1550,1198,0.7729
845,128,0.414504,1550,1198,0.7729
128,851,0.439582,1458,1175,0.8059
851,128,0.439582,1458,1175,0.8059
128,857,0.510533,1010,834,0.8257
857,128,0.510533,1010,834,0.8257
128,861,0.403089,1429,1083,0.7579
861,128,0.403089,1429,1083,0.7579
128,864,0.44984,1464,1151,0.7862
864,128,0.44984,1464,1151,0.7862
128,870,0.452484,1372,1086,0.7915
870,128,0.452484,1372,1086,0.7915
128,874,0.398163,1587,1216,0.7662
874,128,0.398163,1587,1216,0.7662
128,875,0.372715,1351,1037,0.7676
875,128,0.372715,1351,1037,0.7676
128,881,0.360381,1400,1022,0.73
881,128,0.360381,1400,1022,0.73
128,883,0.43236,1617,1269,0.7848
883,128,0.43236,1617,1269,0.7848
128,884,0.356161,1568,1150,0.7334
884,128,0.356161,1568,1150,0.7334
128,885,0.480623,1544,1236,0.8005
885,128,0.480623,1544,1236,0.8005
128,886,0.490114,1584,1288,0.8131
886,128,0.490114,1584,1288,0.8131
128,887,0.4189,1551,1257,0.8104
887,128,0.4189,1551,1257,0.8104
128,888,0.363303,1398,1044,0.7468
888,128,0.363303,1398,1044,0.7468
128,889,0.465291,1574,1237,0.7859
889,128,0.465291,1574,1237,0.7859
128,890,0.425069,1518,1159,0.7635
890,128,0.425069,1518,1159,0.7635
128,891,0.411097,1599,1275,0.7974
891,128,0.411097,1599,1275,0.7974
128,892,0.385594,1135,827,0.7286
892,128,0.385594,1135,827,0.7286
128,893,0.478828,1618,1299,0.8028
893,128,0.478828,1618,1299,0.8028
128,894,0.494511,1665,1354,0.8132
894,128,0.494511,1665,1354,0.8132
128,895,0.444485,1634,1285,0.7864
895,128,0.444485,1634,1285,0.7864
128,896,0.42694,1571,1207,0.7683
896,128,0.42694,1571,1207,0.7683
128,897,0.47922,1562,1260,0.8067
897,128,0.47922,1562,1260,0.8067
128,898,0.358967,1420,968,0.6817
898,128,0.358967,1420,968,0.6817
128,899,0.254713,1541,1065,0.6911
899,128,0.254713,1541,1065,0.6911
128,900,0.483111,1625,1298,0.7988
900,128,0.483111,1625,1298,0.7988
128,901,0.37119,1385,1000,0.722
901,128,0.37119,1385,1000,0.722
128,902,0.50789,1614,1341,0.8309
902,128,0.50789,1614,1341,0.8309
128,903,0.484257,1656,1336,0.8068
903,128,0.484257,1656,1336,0.8068
128,904,0.46999,1532,1219,0.7957
904,128,0.46999,1532,1219,0.7957
128,905,0.465459,1385,1104,0.7971
905,128,0.465459,1385,1104,0.7971
128,906,0.481062,1431,1131,0.7904
906,128,0.481062,1431,1131,0.7904
128,907,0.397535,1590,1240,0.7799
907,128,0.397535,1590,1240,0.7799
128,908,0.490287,1621,1317,0.8125
908,128,0.490287,1621,1317,0.8125
128,909,0.482272,1663,1344,0.8082
909,128,0.482272,1663,1344,0.8082
128,910,0.472283,1483,1188,0.8011
910,128,0.472283,1483,1188,0.8011
128,911,0.430791,1570,1217,0.7752
911,128,0.430791,1570,1217,0.7752
128,912,0.482171,1637,1319,0.8057
912,128,0.482171,1637,1319,0.8057
128,913,0.491915,1588,1295,0.8155
913,128,0.491915,1588,1295,0.8155
128,914,0.452756,1550,1217,0.7852
914,128,0.452756,1550,1217,0.7852
128,915,0.462558,1586,1255,0.7913
915,128,0.462558,1586,1255,0.7913
128,917,0.395056,1436,1068,0.7437
917,128,0.395056,1436,1068,0.7437
128,918,0.463395,1593,1264,0.7935
918,128,0.463395,1593,1264,0.7935
128,919,0.405261,1643,1246,0.7584
919,128,0.405261,1643,1246,0.7584
128,920,0.51453,1571,1293,0.823
920,128,0.51453,1571,1293,0.823
128,921,0.450719,1500,1216,0.8107
921,128,0.450719,1500,1216,0.8107
128,922,0.483594,1577,1268,0.8041
922,128,0.483594,1577,1268,0.8041
128,923,0.431056,1673,1341,0.8016
923,128,0.431056,1673,1341,0.8016
128,924,0.442033,1557,1239,0.7958
924,128,0.442033,1557,1239,0.7958
128,925,0.445748,1638,1323,0.8077
925,128,0.445748,1638,1323,0.8077
128,926,0.49241,1452,1225,0.8437
926,128,0.49241,1452,1225,0.8437
128,927,0.484521,1615,1316,0.8149
927,128,0.484521,1615,1316,0.8149
128,928,0.490205,1578,1283,0.8131
928,128,0.490205,1578,1283,0.8131
128,929,0.440868,1459,1173,0.804
929,128,0.440868,1459,1173,0.804
128,930,0.385139,1631,1219,0.7474
930,128,0.385139,1631,1219,0.7474
128,931,0.418514,1225,938,0.7657
931,128,0.418514,1225,938,0.7657
128,932,0.48137,1628,1299,0.7979
932,128,0.48137,1628,1299,0.7979
128,933,0.330054,1394,1002,0.7188
933,128,0.330054,1394,1002,0.7188
128,934,0.497469,1562,1273,0.815
934,128,0.497469,1562,1273,0.815
128,935,0.408939,1552,1155,0.7442
935,128,0.408939,1552,1155,0.7442
128,936,1.0,14,14,1.0
936,128,1.0,14,14,1.0
128,937,0.457487,1612,1271,0.7885
937,128,0.457487,1612,1271,0.7885
128,938,0.674848,190,170,0.8947
938,128,0.674848,190,170,0.8947
128,939,0.453153,1617,1259,0.7786
939,128,0.453153,1617,1259,0.7786
128,940,0.416084,1483,1134,0.7647
940,128,0.416084,1483,1134,0.7647
128,941,0.436573,1470,1148,0.781
941,128,0.436573,1470,1148,0.781
128,942,0.451984,1565,1213,0.7751
942,128,0.451984,1565,1213,0.7751
128,943,0.29135,1455,980,0.6735
943,128,0.29135,1455,980,0.6735
128,944,0.387389,1367,995,0.7279
944,128,0.387389,1367,995,0.7279
128,945,0.414696,1478,1126,0.7618
945,128,0.414696,1478,1126,0.7618
128,946,0.347812,1436,1019,0.7096
946,128,0.347812,1436,1019,0.7096
128,947,0.261046,1339,936,0.699
947,128,0.261046,1339,936,0.699
128,948,0.331176,1325,965,0.7283
948,128,0.331176,1325,965,0.7283
128,949,0.449994,1590,1235,0.7767
949,128,0.449994,1590,1235,0.7767
128,950,0.450071,1578,1254,0.7947
950,128,0.450071,1578,1254,0.7947
128,951,0.467604,1454,1153,0.793
951,128,0.467604,1454,1153,0.793
128,952,0.360926,1522,1135,0.7457
952,128,0.360926,1522,1135,0.7457
128,953,0.458704,1564,1272,0.8133
953,128,0.458704,1564,1272,0.8133
128,954,0.337938,1339,958,0.7155
954,128,0.337938,1339,958,0.7155
128,955,0.351346,1472,1054,0.716
955,128,0.351346,1472,1054,0.716
128,956,0.324392,1508,1114,0.7387
956,128,0.324392,1508,1114,0.7387
128,957,0.413569,1552,1213,0.7816
957,128,0.413569,1552,1213,0.7816
128,958,0.347975,1524,1149,0.7539
958,128,0.347975,1524,1149,0.7539
128,959,0.484079,1636,1325,0.8099
959,128,0.484079,1636,1325,0.8099
128,960,0.488498,1590,1281,0.8057
960,128,0.488498,1590,1281,0.8057
128,961,0.432679,1546,1218,0.7878
961,128,0.432679,1546,1218,0.7878
128,962,0.282705,1484,980,0.6604
962,128,0.282705,1484,980,0.6604
128,963,0.400916,1576,1231,0.7811
963,128,0.400916,1576,1231,0.7811
128,964,0.381164,1454,1085,0.7462
964,128,0.381164,1454,1085,0.7462
128,965,0.359392,1586,1168,0.7364
965,128,0.359392,1586,1168,0.7364
128,966,0.282725,1436,947,0.6595
966,128,0.282725,1436,947,0.6595
128,967,0.446199,1567,1245,0.7945
967,128,0.446199,1567,1245,0.7945
128,969,0.450845,1652,1336,0.8087
969,128,0.450845,1652,1336,0.8087
128,970,0.377931,1470,1160,0.7891
970,128,0.377931,1470,1160,0.7891
128,971,0.45146,1553,1238,0.7972
971,128,0.45146,1553,1238,0.7972
128,972,0.448911,1509,1183,0.784
972,128,0.448911,1509,1183,0.784
128,973,0.192695,1068,657,0.6152
973,128,0.192695,1068,657,0.6152
128,974,0.386722,1515,1157,0.7637
974,128,0.386722,1515,1157,0.7637
128,976,0.386903,1538,1123,0.7302
976,128,0.386903,1538,1123,0.7302
128,977,0.431678,1587,1240,0.7813
977,128,0.431678,1587,1240,0.7813
128,978,0.468741,1447,1152,0.7961
978,128,0.468741,1447,1152,0.7961
128,979,-0.050572,52,45,0.8654
979,128,-0.050572,52,45,0.8654
130,135,0.506276,1578,1261,0.7991
135,130,0.506276,1578,1261,0.7991
130,154,0.455105,1439,1085,0.754
154,130,0.455105,1439,1085,0.754
130,155,0.290176,1567,1103,0.7039
155,130,0.290176,1567,1103,0.7039
130,160,0.248891,1501,1042,0.6942
160,130,0.248891,1501,1042,0.6942
130,179,0.513295,1086,819,0.7541
179,130,0.513295,1086,819,0.7541
130,247,0.561256,1532,1242,0.8107
247,130,0.561256,1532,1242,0.8107
130,770,0.469028,1608,1166,0.7251
770,130,0.469028,1608,1166,0.7251
130,772,0.678083,1432,1234,0.8617
772,130,0.678083,1432,1234,0.8617
130,774,0.505592,1395,1088,0.7799
774,130,0.505592,1395,1088,0.7799
130,776,0.481241,1484,1115,0.7513
776,130,0.481241,1484,1115,0.7513
130,777,0.688998,1677,1458,0.8694
777,130,0.688998,1677,1458,0.8694
130,780,0.707779,1560,1357,0.8699
780,130,0.707779,1560,1357,0.8699
130,781,0.767283,1311,1174,0.8955
781,130,0.767283,1311,1174,0.8955
130,782,0.510575,1641,1296,0.7898
782,130,0.510575,1641,1296,0.7898
130,785,0.640143,1151,968,0.841
785,130,0.640143,1151,968,0.841
130,787,0.696097,1772,1551,0.8753
787,130,0.696097,1772,1551,0.8753
130,788,0.670872,1595,1372,0.8602
788,130,0.670872,1595,1372,0.8602
130,789,0.461778,1348,1033,0.7663
789,130,0.461778,1348,1033,0.7663
130,790,0.606476,1492,1237,0.8291
790,130,0.606476,1492,1237,0.8291
130,791,0.611165,1636,1372,0.8386
791,130,0.611165,1636,1372,0.8386
130,793,0.658567,1606,1368,0.8518
793,130,0.658567,1606,1368,0.8518
130,796,0.580561,1691,1396,0.8255
796,130,0.580561,1691,1396,0.8255
130,801,0.513118,1537,1226,0.7977
801,130,0.513118,1537,1226,0.7977
130,802,0.615143,1589,1347,0.8477
802,130,0.615143,1589,1347,0.8477
130,806,0.5223,1646,1321,0.8026
806,130,0.5223,1646,1321,0.8026
130,809,0.62955,1034,867,0.8385
809,130,0.62955,1034,867,0.8385
130,811,0.441706,1433,1076,0.7509
811,130,0.441706,1433,1076,0.7509
130,818,0.73303,1614,1431,0.8866
818,130,0.73303,1614,1431,0.8866
130,819,0.661531,1347,1143,0.8486
819,130,0.661531,1347,1143,0.8486
130,822,0.664714,1691,1460,0.8634
822,130,0.664714,1691,1460,0.8634
130,826,0.499365,1683,1332,0.7914
826,130,0.499365,1683,1332,0.7914
130,828,0.467103,1486,1186,0.7981
828,130,0.467103,1486,1186,0.7981
130,829,0.486136,1577,1241,0.7869
829,130,0.486136,1577,1241,0.7869
130,831,0.28335,1621,1129,0.6965
831,130,0.28335,1621,1129,0.6965
130,834,0.276772,1677,1167,0.6959
834,130,0.276772,1677,1167,0.6959
130,840,0.547263,1529,1213,0.7933
840,130,0.547263,1529,1213,0.7933
130,842,0.623476,1620,1363,0.8414
842,130,0.623476,1620,1363,0.8414
130,845,0.550662,1667,1348,0.8086
845,130,0.550662,1667,1348,0.8086
130,851,0.400268,1592,1217,0.7644
851,130,0.400268,1592,1217,0.7644
130,857,0.358368,1178,892,0.7572
857,130,0.358368,1178,892,0.7572
130,861,0.234967,1454,955,0.6568
861,130,0.234967,1454,955,0.6568
130,864,0.59599,1589,1320,0.8307
864,130,0.59599,1589,1320,0.8307
130,870,0.483422,1424,1107,0.7774
870,130,0.483422,1424,1107,0.7774
130,874,0.495227,1667,1309,0.7852
874,130,0.495227,1667,1309,0.7852
130,875,0.503262,1410,1131,0.8021
875,130,0.503262,1410,1131,0.8021
130,881,0.625967,1541,1291,0.8378
881,130,0.625967,1541,1291,0.8378
130,883,0.638194,1717,1458,0.8492
883,130,0.638194,1717,1458,0.8492
130,884,0.701641,1730,1515,0.8757
884,130,0.701641,1730,1515,0.8757
130,885,0.661871,1575,1348,0.8559
885,130,0.661871,1575,1348,0.8559
130,886,0.581797,1708,1410,0.8255
886,130,0.581797,1708,1410,0.8255
130,887,0.644934,1622,1399,0.8625
887,130,0.644934,1622,1399,0.8625
130,888,0.514382,1499,1188,0.7925
888,130,0.514382,1499,1188,0.7925
130,889,0.263604,1674,1139,0.6804
889,130,0.263604,1674,1139,0.6804
130,890,0.597653,1679,1390,0.8279
890,130,0.597653,1679,1390,0.8279
130,891,0.561569,1705,1402,0.8223
891,130,0.561569,1705,1402,0.8223
130,892,0.578274,1134,910,0.8025
892,130,0.578274,1134,910,0.8025
130,893,0.4569,1672,1287,0.7697
893,130,0.4569,1672,1287,0.7697
130,894,0.31017,1765,1263,0.7156
894,130,0.31017,1765,1263,0.7156
130,895,0.286515,1680,1166,0.694
895,130,0.286515,1680,1166,0.694
130,896,0.320216,1693,1195,0.7058
896,130,0.320216,1693,1195,0.7058
130,897,0.302284,1622,1146,0.7065
897,130,0.302284,1622,1146,0.7065
130,898,0.635873,1526,1266,0.8296
898,130,0.635873,1526,1266,0.8296
130,899,0.181593,1645,1055,0.6413
899,130,0.181593,1645,1055,0.6413
130,900,0.700695,1670,1458,0.8731
900,130,0.700695,1670,1458,0.8731
130,901,0.647596,1514,1271,0.8395
901,130,0.647596,1514,1271,0.8395
130,902,0.585777,1680,1397,0.8315
902,130,0.585777,1680,1397,0.8315
130,903,0.676763,1777,1541,0.8672
903,130,0.676763,1777,1541,0.8672
130,904,0.734886,1628,1446,0.8882
904,130,0.734886,1628,1446,0.8882
130,905,0.633286,1429,1201,0.8404
905,130,0.633286,1429,1201,0.8404
130,906,0.486026,1426,1098,0.77
906,130,0.486026,1426,1098,0.77
130,907,0.533825,1698,1373,0.8086
907,130,0.533825,1698,1373,0.8086
130,908,0.274004,1709,1191,0.6969
908,130,0.274004,1709,1191,0.6969
130,909,0.318358,1752,1259,0.7186
909,130,0.318358,1752,1259,0.7186
130,910,0.288626,1613,1126,0.6981
910,130,0.288626,1613,1126,0.6981
130,911,0.332361,1659,1186,0.7149
911,130,0.332361,1659,1186,0.7149
130,912,0.283344,1719,1212,0.7051
912,130,0.283344,1719,1212,0.7051
130,913,0.284782,1676,1184,0.7064
913,130,0.284782,1676,1184,0.7064
130,914,0.298824,1646,1154,0.7011
914,130,0.298824,1646,1154,0.7011
130,915,0.626955,1710,1444,0.8444
915,130,0.626955,1710,1444,0.8444
130,917,0.503925,1547,1220,0.7886
917,130,0.503925,1547,1220,0.7886
130,918,0.747516,1675,1496,0.8931
918,130,0.747516,1675,1496,0.8931
130,919,0.739118,1733,1541,0.8892
919,130,0.739118,1733,1541,0.8892
130,920,0.584141,1700,1410,0.8294
920,130,0.584141,1700,1410,0.8294
130,921,0.456277,1594,1245,0.7811
921,130,0.456277,1594,1245,0.7811
130,922,0.652558,1682,1436,0.8537
922,130,0.652558,1682,1436,0.8537
130,923,0.412307,1735,1324,0.7631
923,130,0.412307,1735,1324,0.7631
130,924,0.684933,1646,1433,0.8706
924,130,0.684933,1646,1433,0.8706
130,925,0.354234,1709,1270,0.7431
925,130,0.354234,1709,1270,0.7431
130,926,0.490728,1496,1206,0.8061
926,130,0.490728,1496,1206,0.8061
130,927,0.696066,1687,1478,0.8761
927,130,0.696066,1687,1478,0.8761
130,928,0.641086,1624,1378,0.8485
928,130,0.641086,1624,1378,0.8485
130,929,0.487243,1569,1252,0.798
929,130,0.487243,1569,1252,0.798
130,930,0.263252,1685,1130,0.6706
930,130,0.263252,1685,1130,0.6706
130,931,0.371031,1326,962,0.7255
931,130,0.371031,1326,962,0.7255
130,932,0.685385,1708,1482,0.8677
932,130,0.685385,1708,1482,0.8677
130,933,0.550346,1437,1156,0.8045
933,130,0.550346,1437,1156,0.8045
130,934,0.317334,1711,1232,0.72
934,130,0.317334,1711,1232,0.72
130,935,0.264195,1663,1110,0.6675
935,130,0.264195,1663,1110,0.6675
130,936,-0.395285,9,3,0.3333
936,130,-0.395285,9,3,0.3333
130,937,0.245209,1680,1134,0.675
937,130,0.245209,1680,1134,0.675
130,938,0.266707,240,179,0.7458
938,130,0.266707,240,179,0.7458
130,939,0.669759,1721,1479,0.8594
939,130,0.669759,1721,1479,0.8594
130,940,0.469164,1581,1226,0.7755
940,130,0.469164,1581,1226,0.7755
130,941,0.534213,1570,1260,0.8025
941,130,0.534213,1570,1260,0.8025
130,942,0.608462,1676,1396,0.8329
942,130,0.608462,1676,1396,0.8329
130,943,0.62673,1556,1295,0.8323
943,130,0.62673,1556,1295,0.8323
130,944,0.719664,1594,1398,0.877
944,130,0.719664,1594,1398,0.877
130,945,0.781846,1654,1503,0.9087
945,130,0.781846,1654,1503,0.9087
130,946,0.669162,1644,1403,0.8534
946,130,0.669162,1644,1403,0.8534
130,947,0.633267,1495,1261,0.8435
947,130,0.633267,1495,1261,0.8435
130,948,0.342828,1387,990,0.7138
948,130,0.342828,1387,990,0.7138
130,949,0.62619,1676,1408,0.8401
949,130,0.62619,1676,1408,0.8401
130,950,0.612725,1668,1399,0.8387
950,130,0.612725,1668,1399,0.8387
130,951,0.259362,1617,1097,0.6784
951,130,0.259362,1617,1097,0.6784
130,952,0.609767,1583,1323,0.8358
952,130,0.609767,1583,1323,0.8358
130,953,0.509394,1668,1335,0.8004
953,130,0.509394,1668,1335,0.8004
130,954,0.702324,1472,1280,0.8696
954,130,0.702324,1472,1280,0.8696
130,955,0.590065,1589,1292,0.8131
955,130,0.590065,1589,1292,0.8131
130,956,0.722795,1679,1489,0.8868
956,130,0.722795,1679,1489,0.8868
130,957,0.585187,1650,1362,0.8255
957,130,0.585187,1650,1362,0.8255
130,958,0.332454,1610,1169,0.7261
958,130,0.332454,1610,1169,0.7261
130,959,0.287485,1688,1186,0.7026
959,130,0.287485,1688,1186,0.7026
130,960,0.295439,1660,1165,0.7018
960,130,0.295439,1660,1165,0.7018
130,961,0.65723,1635,1403,0.8581
961,130,0.65723,1635,1403,0.8581
130,962,0.584116,1603,1292,0.806
962,130,0.584116,1603,1292,0.806
130,963,0.611449,1635,1372,0.8391
963,130,0.611449,1635,1372,0.8391
130,964,0.768889,1669,1505,0.9017
964,130,0.768889,1669,1505,0.9017
130,965,0.706166,1594,1398,0.877
965,130,0.706166,1594,1398,0.877
130,966,0.545277,1603,1253,0.7817
966,130,0.545277,1603,1253,0.7817
130,967,0.628702,1662,1405,0.8454
967,130,0.628702,1662,1405,0.8454
130,969,0.609133,1720,1446,0.8407
969,130,0.609133,1720,1446,0.8407
130,970,0.548669,1565,1291,0.8249
970,130,0.548669,1565,1291,0.8249
130,971,0.610219,1621,1361,0.8396
971,130,0.610219,1621,1361,0.8396
130,972,0.743488,1623,1447,0.8916
972,130,0.743488,1623,1447,0.8916
130,973,0.475427,1170,879,0.7513
973,130,0.475427,1170,879,0.7513
130,974,0.589245,1546,1277,0.826
974,130,0.589245,1546,1277,0.826
130,976,0.634527,1576,1320,0.8376
976,130,0.634527,1576,1320,0.8376
130,977,0.281487,1707,1193,0.6989
977,130,0.281487,1707,1193,0.6989
130,978,0.299834,1487,1047,0.7041
978,130,0.299834,1487,1047,0.7041
130,979,0.218218,56,47,0.8393
979,130,0.218218,56,47,0.8393
135,154,0.488806,1652,1293,0.7827
154,135,0.488806,1652,1293,0.7827
135,155,0.510477,1746,1435,0.8219
155,135,0.510477,1746,1435,0.8219
135,160,0.404335,1721,1344,0.7809
160,135,0.404335,1721,1344,0.7809
135,179,0.258465,1158,706,0.6097
179,135,0.258465,1158,706,0.6097
135,247,0.530887,1764,1440,0.8163
247,135,0.530887,1764,1440,0.8163
135,770,0.205331,1703,1006,0.5907
770,135,0.205331,1703,1006,0.5907
135,772,0.538148,1605,1321,0.8231
772,135,0.538148,1605,1321,0.8231
135,774,0.266161,1456,1016,0.6978
774,135,0.266161,1456,1016,0.6978
135,776,0.197615,1639,1008,0.615
776,135,0.197615,1639,1008,0.615
135,777,0.394292,1833,1378,0.7518
777,135,0.394292,1833,1378,0.7518
135,780,0.437984,1702,1285,0.755
780,135,0.437984,1702,1285,0.755
135,781,0.49258,1384,1100,0.7948
781,135,0.49258,1384,1100,0.7948
135,782,0.203475,1836,1246,0.6786
782,135,0.203475,1836,1246,0.6786
135,785,0.495799,1116,870,0.7796
785,135,0.495799,1116,870,0.7796
135,787,0.532114,1981,1650,0.8329
787,135,0.532114,1981,1650,0.8329
135,788,0.525462,1719,1403,0.8162
788,135,0.525462,1719,1403,0.8162
135,789,0.337116,1532,1123,0.733
789,135,0.337116,1532,1123,0.733
135,790,0.487855,1647,1303,0.7911
790,135,0.487855,1647,1303,0.7911
135,791,0.559276,1855,1564,0.8431
791,135,0.559276,1855,1564,0.8431
135,793,0.53076,1747,1413,0.8088
793,135,0.53076,1747,1413,0.8088
135,796,0.554383,1810,1516,0.8376
796,135,0.554383,1810,1516,0.8376
135,801,0.506078,1721,1396,0.8112
801,135,0.506078,1721,1396,0.8112
135,802,0.575053,1778,1519,0.8543
802,135,0.575053,1778,1519,0.8543
135,806,0.535921,1853,1546,0.8343
806,135,0.535921,1853,1546,0.8343
135,809,0.602409,1081,911,0.8427
809,135,0.602409,1081,911,0.8427
135,811,0.439434,1659,1287,0.7758
811,135,0.439434,1659,1287,0.7758
135,818,0.572874,1791,1504,0.8398
818,135,0.572874,1791,1504,0.8398
135,819,0.581502,1552,1297,0.8357
819,135,0.581502,1552,1297,0.8357
135,822,0.363207,1850,1416,0.7654
822,135,0.363207,1850,1416,0.7654
135,826,0.49105,1956,1597,0.8165
826,135,0.49105,1956,1597,0.8165
135,828,0.511666,1767,1509,0.854
828,135,0.511666,1767,1509,0.854
135,829,0.653204,1963,1736,0.8844
829,135,0.653204,1963,1736,0.8844
135,831,0.472104,1791,1431,0.799
831,135,0.472104,1791,1431,0.799
135,834,0.47588,1837,1476,0.8035
834,135,0.47588,1837,1476,0.8035
135,840,0.444175,1724,1290,0.7483
840,135,0.444175,1724,1290,0.7483
135,842,0.576019,1739,1466,0.843
842,135,0.576019,1739,1466,0.843
135,845,0.529504,1856,1519,0.8184
845,135,0.529504,1856,1519,0.8184
135,851,0.490057,1773,1468,0.828
851,135,0.490057,1773,1468,0.828
135,857,0.542786,1352,1136,0.8402
857,135,0.542786,1352,1136,0.8402
135,861,0.442661,1704,1334,0.7829
861,135,0.442661,1704,1334,0.7829
135,864,0.524594,1682,1374,0.8169
864,135,0.524594,1682,1374,0.8169
135,870,0.445522,1653,1300,0.7864
870,135,0.445522,1653,1300,0.7864
135,874,0.446427,1837,1450,0.7893
874,135,0.446427,1837,1450,0.7893
135,875,0.448384,1578,1264,0.801
875,135,0.448384,1578,1264,0.801
135,881,0.361364,1634,1211,0.7411
881,135,0.361364,1634,1211,0.7411
135,883,0.542789,1915,1598,0.8345
883,135,0.542789,1915,1598,0.8345
135,884,0.434337,1913,1486,0.7768
884,135,0.434337,1913,1486,0.7768
135,885,0.612681,1838,1578,0.8585
885,135,0.612681,1838,1578,0.8585
135,886,0.57807,1895,1609,0.8491
886,135,0.57807,1895,1609,0.8491
135,887,0.533168,1890,1612,0.8529
887,135,0.533168,1890,1612,0.8529
135,888,0.413463,1679,1307,0.7784
888,135,0.413463,1679,1307,0.7784
135,889,0.452388,1860,1454,0.7817
889,135,0.452388,1860,1454,0.7817
135,890,0.511325,1821,1465,0.8045
890,135,0.511325,1821,1465,0.8045
135,891,0.531108,1943,1642,0.8451
891,135,0.531108,1943,1642,0.8451
135,892,0.491226,1254,975,0.7775
892,135,0.491226,1254,975,0.7775
135,893,0.534017,1931,1597,0.827
893,135,0.534017,1931,1597,0.827
135,894,0.495235,2022,1656,0.819
894,135,0.495235,2022,1656,0.819
135,895,0.447014,1972,1552,0.787
895,135,0.447014,1972,1552,0.787
135,896,0.458139,1912,1496,0.7824
896,135,0.458139,1912,1496,0.7824
135,897,0.503568,1868,1528,0.818
897,135,0.503568,1868,1528,0.818
135,898,0.374706,1613,1128,0.6993
898,135,0.374706,1613,1128,0.6993
135,899,0.327885,1845,1359,0.7366
899,135,0.327885,1845,1359,0.7366
135,900,0.599242,1919,1632,0.8504
900,135,0.599242,1919,1632,0.8504
135,901,0.447034,1639,1239,0.7559
901,135,0.447034,1639,1239,0.7559
135,902,0.555508,1924,1635,0.8498
902,135,0.555508,1924,1635,0.8498
135,903,0.593916,1992,1701,0.8539
903,135,0.593916,1992,1701,0.8539
135,904,0.566563,1800,1511,0.8394
904,135,0.566563,1800,1511,0.8394
135,905,0.563747,1627,1364,0.8384
905,135,0.563747,1627,1364,0.8384
135,906,0.6013,1651,1379,0.8353
906,135,0.6013,1651,1379,0.8353
135,907,0.482394,1923,1568,0.8154
907,135,0.482394,1923,1568,0.8154
135,908,0.480997,1932,1561,0.808
908,135,0.480997,1932,1561,0.808
135,909,0.508226,1981,1629,0.8223
909,135,0.508226,1981,1629,0.8223
135,910,0.49295,1802,1462,0.8113
910,135,0.49295,1802,1462,0.8113
135,911,0.449143,1893,1489,0.7866
911,135,0.449143,1893,1489,0.7866
135,912,0.498824,1935,1580,0.8165
912,135,0.498824,1935,1580,0.8165
135,913,0.492276,1868,1528,0.818
913,135,0.492276,1868,1528,0.818
135,914,0.451012,1830,1437,0.7852
914,135,0.451012,1830,1437,0.7852
135,915,0.568687,1898,1590,0.8377
915,135,0.568687,1898,1590,0.8377
135,917,0.435674,1770,1370,0.774
917,135,0.435674,1770,1370,0.774
135,918,0.551867,1858,1546,0.8321
918,135,0.551867,1858,1546,0.8321
135,919,0.485497,1938,1540,0.7946
919,135,0.485497,1938,1540,0.7946
135,920,0.607227,1894,1632,0.8617
920,135,0.607227,1894,1632,0.8617
135,921,0.503018,1772,1479,0.8347
921,135,0.503018,1772,1479,0.8347
135,922,0.588024,1871,1581,0.845
922,135,0.588024,1871,1581,0.845
135,923,0.503925,2010,1671,0.8313
923,135,0.503925,2010,1671,0.8313
135,924,0.560577,1872,1585,0.8467
924,135,0.560577,1872,1585,0.8467
135,925,0.492193,1967,1635,0.8312
925,135,0.492193,1967,1635,0.8312
135,926,0.568919,1707,1491,0.8735
926,135,0.568919,1707,1491,0.8735
135,927,0.572275,1944,1659,0.8534
927,135,0.572275,1944,1659,0.8534
135,928,0.564014,1809,1526,0.8436
928,135,0.564014,1809,1526,0.8436
135,929,0.474155,1778,1448,0.8144
929,135,0.474155,1778,1448,0.8144
135,930,0.389185,1938,1449,0.7477
930,135,0.389185,1938,1449,0.7477
135,931,0.483464,1430,1131,0.7909
931,135,0.483464,1430,1131,0.7909
135,932,0.564498,1945,1629,0.8375
932,135,0.564498,1945,1629,0.8375
135,933,0.354701,1613,1185,0.7347
933,135,0.354701,1613,1185,0.7347
135,934,0.492263,1924,1573,0.8176
934,135,0.492263,1924,1573,0.8176
135,935,0.406768,1870,1392,0.7444
935,135,0.406768,1870,1392,0.7444
135,936,1.0,14,14,1.0
936,135,1.0,14,14,1.0
135,937,0.457933,1935,1531,0.7912
937,135,0.457933,1935,1531,0.7912
135,938,0.569347,299,257,0.8595
938,135,0.569347,299,257,0.8595
135,939,0.529867,1949,1585,0.8132
939,135,0.529867,1949,1585,0.8132
135,940,0.431036,1787,1393,0.7795
940,135,0.431036,1787,1393,0.7795
135,941,0.487289,1768,1425,0.806
941,135,0.487289,1768,1425,0.806
135,942,0.51803,1901,1525,0.8022
942,135,0.51803,1901,1525,0.8022
135,943,0.319182,1800,1258,0.6989
943,135,0.319182,1800,1258,0.6989
135,944,0.440007,1657,1258,0.7592
944,135,0.440007,1657,1258,0.7592
135,945,0.490713,1788,1429,0.7992
945,135,0.490713,1788,1429,0.7992
135,946,0.39515,1686,1244,0.7378
946,135,0.39515,1686,1244,0.7378
135,947,0.327982,1640,1205,0.7348
947,135,0.327982,1640,1205,0.7348
135,948,0.436139,1522,1176,0.7727
948,135,0.436139,1522,1176,0.7727
135,949,0.539286,1866,1526,0.8178
949,135,0.539286,1866,1526,0.8178
135,950,0.558058,1897,1592,0.8392
950,135,0.558058,1897,1592,0.8392
135,951,0.471994,1779,1410,0.7926
951,135,0.471994,1779,1410,0.7926
135,952,0.431182,1851,1445,0.7807
952,135,0.431182,1851,1445,0.7807
135,953,0.519412,1875,1581,0.8432
953,135,0.519412,1875,1581,0.8432
135,954,0.431325,1597,1221,0.7646
954,135,0.431325,1597,1221,0.7646
135,955,0.450516,1766,1352,0.7656
955,135,0.450516,1766,1352,0.7656
135,956,0.392047,1829,1413,0.7726
956,135,0.392047,1829,1413,0.7726
135,957,0.476096,1836,1478,0.805
957,135,0.476096,1836,1478,0.805
135,958,0.433019,1786,1415,0.7923
958,135,0.433019,1786,1415,0.7923
135,959,0.477993,1956,1579,0.8073
959,135,0.477993,1956,1579,0.8073
135,960,0.475438,1900,1527,0.8037
960,135,0.475438,1900,1527,0.8037
135,961,0.512668,1819,1493,0.8208
961,135,0.512668,1819,1493,0.8208
135,962,0.284094,1753,1182,0.6743
962,135,0.284094,1753,1182,0.6743
135,963,0.519636,1847,1531,0.8289
963,135,0.519636,1847,1531,0.8289
135,964,0.420709,1729,1333,0.771
964,135,0.420709,1729,1333,0.771
135,965,0.433379,1860,1444,0.7763
965,135,0.433379,1860,1444,0.7763
135,966,0.304694,1716,1164,0.6783
966,135,0.304694,1716,1164,0.6783
135,967,0.518341,1872,1546,0.8259
967,135,0.518341,1872,1546,0.8259
135,969,0.572065,1987,1705,0.8581
969,135,0.572065,1987,1705,0.8581
135,970,0.4661,1791,1475,0.8236
970,135,0.4661,1791,1475,0.8236
135,971,0.57246,1855,1573,0.848
971,135,0.57246,1855,1573,0.848
135,972,0.548687,1785,1484,0.8314
972,135,0.548687,1785,1484,0.8314
135,973,0.23668,1239,802,0.6473
973,135,0.23668,1239,802,0.6473
135,974,0.499347,1673,1358,0.8117
974,135,0.499347,1673,1358,0.8117
135,976,0.436773,1755,1323,0.7538
976,135,0.436773,1755,1323,0.7538
135,977,0.451167,1917,1522,0.7939
977,135,0.451167,1917,1522,0.7939
135,978,0.460223,1673,1336,0.7986
978,135,0.460223,1673,1336,0.7986
135,979,0.207514,60,54,0.9
979,135,0.207514,60,54,0.9
154,155,0.297127,1743,1221,0.7005
155,154,0.297127,1743,1221,0.7005
154,160,0.267147,1744,1198,0.6869
160,154,0.267147,1744,1198,0.6869
154,179,0.295722,1325,862,0.6506
179,154,0.295722,1325,862,0.6506
154,247,0.453726,1738,1328,0.7641
247,154,0.453726,1738,1328,0.7641
154,770,0.219521,1745,1069,0.6126
770,154,0.219521,1745,1069,0.6126
154,772,0.486737,1554,1210,0.7786
772,154,0.486737,1554,1210,0.7786
154,774,0.37358,1522,1088,0.7148
774,154,0.37358,1522,1088,0.7148
154,776,0.23304,1680,1067,0.6351
776,154,0.23304,1680,1067,0.6351
154,777,0.400509,1792,1321,0.7372
777,154,0.400509,1792,1321,0.7372
154,780,0.423405,1653,1215,0.735
780,154,0.423405,1653,1215,0.735
154,781,0.445601,1433,1077,0.7516
781,154,0.445601,1433,1077,0.7516
154,782,0.278956,1843,1248,0.6772
782,154,0.278956,1843,1248,0.6772
154,785,0.434367,1113,818,0.735
785,154,0.434367,1113,818,0.735
154,787,0.459277,1999,1543,0.7719
787,154,0.459277,1999,1543,0.7719
154,788,0.466285,1712,1319,0.7704
788,154,0.466285,1712,1319,0.7704
154,789,0.357331,1616,1152,0.7129
789,154,0.357331,1616,1152,0.7129
154,790,0.433313,1648,1238,0.7512
790,154,0.433313,1648,1238,0.7512
154,791,0.50099,1754,1379,0.7862
791,154,0.50099,1754,1379,0.7862
154,793,0.499671,1654,1292,0.7811
793,154,0.499671,1654,1292,0.7811
154,796,0.470629,1853,1432,0.7728
796,154,0.470629,1853,1432,0.7728
154,801,0.414859,1783,1337,0.7499
801,154,0.414859,1783,1337,0.7499
154,802,0.488111,1845,1455,0.7886
802,154,0.488111,1845,1455,0.7886
154,806,0.416902,1815,1371,0.7554
806,154,0.416902,1815,1371,0.7554
154,809,0.530891,1159,910,0.7852
809,154,0.530891,1159,910,0.7852
154,811,0.383209,1690,1226,0.7254
811,154,0.383209,1690,1226,0.7254
154,818,0.510296,1868,1476,0.7901
818,154,0.510296,1868,1476,0.7901
154,819,0.471821,1536,1175,0.765
819,154,0.471821,1536,1175,0.765
154,822,0.380154,1822,1334,0.7322
822,154,0.380154,1822,1334,0.7322
154,826,0.442393,1918,1462,0.7623
826,154,0.442393,1918,1462,0.7623
154,828,0.431386,1725,1324,0.7675
828,154,0.431386,1725,1324,0.7675
154,829,0.426732,1795,1358,0.7565
829,154,0.426732,1795,1358,0.7565
154,831,0.294846,1806,1263,0.6993
831,154,0.294846,1806,1263,0.6993
154,834,0.300579,1844,1292,0.7007
834,154,0.300579,1844,1292,0.7007
154,840,0.400347,1635,1184,0.7242
840,154,0.400347,1635,1184,0.7242
154,842,0.467529,1855,1428,0.7698
842,154,0.467529,1855,1428,0.7698
154,845,0.488732,1854,1444,0.7789
845,154,0.488732,1854,1444,0.7789
154,851,0.351063,1836,1330,0.7244
851,154,0.351063,1836,1330,0.7244
154,857,0.282685,1311,941,0.7178
857,154,0.282685,1311,941,0.7178
154,861,0.254951,1739,1160,0.6671
861,154,0.254951,1739,1160,0.6671
154,864,0.471665,1681,1292,0.7686
864,154,0.471665,1681,1292,0.7686
154,870,0.402391,1735,1280,0.7378
870,154,0.402391,1735,1280,0.7378
154,874,0.336113,1921,1377,0.7168
874,154,0.336113,1921,1377,0.7168
154,875,0.393103,1616,1199,0.742
875,154,0.393103,1616,1199,0.742
154,881,0.41739,1566,1157,0.7388
881,154,0.41739,1566,1157,0.7388
154,883,0.436676,1895,1433,0.7562
883,154,0.436676,1895,1433,0.7562
154,884,0.414214,1880,1394,0.7415
884,154,0.414214,1880,1394,0.7415
154,885,0.485925,1810,1415,0.7818
885,154,0.485925,1810,1415,0.7818
154,886,0.457426,1914,1475,0.7706
886,154,0.457426,1914,1475,0.7706
154,887,0.549202,1915,1551,0.8099
887,154,0.549202,1915,1551,0.8099
154,888,0.394359,1700,1246,0.7329
888,154,0.394359,1700,1246,0.7329
154,889,0.287751,1872,1287,0.6875
889,154,0.287751,1872,1287,0.6875
154,890,0.403165,1809,1334,0.7374
890,154,0.403165,1809,1334,0.7374
154,891,0.43587,1926,1472,0.7643
891,154,0.43587,1926,1472,0.7643
154,892,0.469097,1233,927,0.7518
892,154,0.469097,1233,927,0.7518
154,893,0.373276,1963,1434,0.7305
893,154,0.373276,1963,1434,0.7305
154,894,0.279736,2051,1424,0.6943
894,154,0.279736,2051,1424,0.6943
154,895,0.298064,1954,1356,0.694
895,154,0.298064,1954,1356,0.694
154,896,0.264939,1857,1256,0.6764
896,154,0.264939,1857,1256,0.6764
154,897,0.322638,1874,1329,0.7092
897,154,0.322638,1874,1329,0.7092
154,898,0.309397,1739,1168,0.6717
898,154,0.309397,1739,1168,0.6717
154,899,0.20228,1851,1200,0.6483
899,154,0.20228,1851,1200,0.6483
154,900,0.50254,1941,1526,0.7862
900,154,0.50254,1941,1526,0.7862
154,901,0.430284,1650,1219,0.7388
901,154,0.430284,1650,1219,0.7388
154,902,0.55247,1917,1555,0.8112
902,154,0.55247,1917,1555,0.8112
154,903,0.456029,2017,1550,0.7685
903,154,0.456029,2017,1550,0.7685
154,904,0.482852,1885,1460,0.7745
904,154,0.482852,1885,1460,0.7745
154,905,0.470436,1591,1226,0.7706
905,154,0.470436,1591,1226,0.7706
154,906,0.421437,1636,1221,0.7463
906,154,0.421437,1636,1221,0.7463
154,907,0.490641,2013,1573,0.7814
907,154,0.490641,2013,1573,0.7814
154,908,0.295832,1952,1375,0.7044
908,154,0.295832,1952,1375,0.7044
154,909,0.284278,2007,1399,0.6971
909,154,0.284278,2007,1399,0.6971
154,910,0.289643,1755,1216,0.6929
910,154,0.289643,1755,1216,0.6929
154,911,0.292877,1850,1287,0.6957
911,154,0.292877,1850,1287,0.6957
154,912,0.297603,1962,1378,0.7023
912,154,0.297603,1962,1378,0.7023
154,913,0.316436,1867,1326,0.7102
913,154,0.316436,1867,1326,0.7102
154,914,0.278948,1813,1248,0.6884
914,154,0.278948,1813,1248,0.6884
154,915,0.48595,1916,1498,0.7818
915,154,0.48595,1916,1498,0.7818
154,917,0.354056,1798,1303,0.7247
917,154,0.354056,1798,1303,0.7247
154,918,0.461489,1986,1529,0.7699
918,154,0.461489,1986,1529,0.7699
154,919,0.435282,1980,1496,0.7556
919,154,0.435282,1980,1496,0.7556
154,920,0.45957,1903,1470,0.7725
920,154,0.45957,1903,1470,0.7725
154,921,0.345179,1739,1262,0.7257
921,154,0.345179,1739,1262,0.7257
154,922,0.472491,1858,1442,0.7761
922,154,0.472491,1858,1442,0.7761
154,923,0.482715,2024,1578,0.7796
923,154,0.482715,2024,1578,0.7796
154,924,0.490293,1929,1520,0.788
924,154,0.490293,1929,1520,0.788
154,925,0.281925,1922,1359,0.7071
925,154,0.281925,1922,1359,0.7071
154,926,0.526548,1817,1440,0.7925
926,154,0.526548,1817,1440,0.7925
154,927,0.519005,1878,1496,0.7966
927,154,0.519005,1878,1496,0.7966
154,928,0.458611,1905,1465,0.769
928,154,0.458611,1905,1465,0.769
154,929,0.478351,1860,1442,0.7753
929,154,0.478351,1860,1442,0.7753
154,930,0.378606,1946,1409,0.724
930,154,0.378606,1946,1409,0.724
154,931,0.41331,1446,1076,0.7441
931,154,0.41331,1446,1076,0.7441
154,932,0.482083,1934,1506,0.7787
932,154,0.482083,1934,1506,0.7787
154,933,0.307322,1622,1126,0.6942
933,154,0.307322,1622,1126,0.6942
154,934,0.306961,1910,1352,0.7079
934,154,0.306961,1910,1352,0.7079
154,935,0.257557,1863,1239,0.6651
935,154,0.257557,1863,1239,0.6651
154,936,1.0,9,9,1.0
936,154,1.0,9,9,1.0
154,937,0.305822,1892,1324,0.6998
937,154,0.305822,1892,1324,0.6998
154,938,0.334404,269,195,0.7249
938,154,0.334404,269,195,0.7249
154,939,0.465905,1955,1507,0.7708
939,154,0.465905,1955,1507,0.7708
154,940,0.302344,1794,1256,0.7001
940,154,0.302344,1794,1256,0.7001
154,941,0.411693,1697,1268,0.7472
941,154,0.411693,1697,1268,0.7472
154,942,0.442001,1919,1447,0.754
942,154,0.442001,1919,1447,0.754
154,943,0.342702,1773,1229,0.6932
943,154,0.342702,1773,1229,0.6932
154,944,0.407433,1668,1220,0.7314
944,154,0.407433,1668,1220,0.7314
154,945,0.460599,1756,1341,0.7637
945,154,0.460599,1756,1341,0.7637
154,946,0.333164,1722,1196,0.6945
946,154,0.333164,1722,1196,0.6945
154,947,0.349211,1608,1151,0.7158
947,154,0.349211,1608,1151,0.7158
154,948,0.308599,1569,1092,0.696
948,154,0.308599,1569,1092,0.696
154,949,0.44529,1846,1401,0.7589
949,154,0.44529,1846,1401,0.7589
154,950,0.470046,1881,1463,0.7778
950,154,0.470046,1881,1463,0.7778
154,951,0.30428,1780,1242,0.6978
951,154,0.30428,1780,1242,0.6978
154,952,0.39189,1826,1341,0.7344
952,154,0.39189,1826,1341,0.7344
154,953,0.377104,1928,1422,0.7376
953,154,0.377104,1928,1422,0.7376
154,954,0.380515,1648,1199,0.7275
954,154,0.380515,1648,1199,0.7275
154,955,0.457007,1774,1343,0.757
955,154,0.457007,1774,1343,0.757
154,956,0.410843,1818,1354,0.7448
956,154,0.410843,1818,1354,0.7448
154,957,0.466254,1858,1428,0.7686
957,154,0.466254,1858,1428,0.7686
154,958,0.312419,1735,1232,0.7101
958,154,0.312419,1735,1232,0.7101
154,959,0.311358,1957,1380,0.7052
959,154,0.311358,1957,1380,0.7052
154,960,0.294417,1880,1309,0.6963
960,154,0.294417,1880,1309,0.6963
154,961,0.457133,1823,1408,0.7724
961,154,0.457133,1823,1408,0.7724
154,962,0.311834,1767,1208,0.6836
962,154,0.311834,1767,1208,0.6836
154,963,0.461322,1859,1425,0.7665
963,154,0.461322,1859,1425,0.7665
154,964,0.39359,1760,1298,0.7375
964,154,0.39359,1760,1298,0.7375
154,965,0.418664,1890,1412,0.7471
965,154,0.418664,1890,1412,0.7471
154,966,0.331828,1734,1195,0.6892
966,154,0.331828,1734,1195,0.6892
154,967,0.444487,1804,1385,0.7677
967,154,0.444487,1804,1385,0.7677
154,969,0.472113,1987,1546,0.7781
969,154,0.472113,1987,1546,0.7781
154,970,0.465398,1863,1456,0.7815
970,154,0.465398,1863,1456,0.7815
154,971,0.455916,1873,1434,0.7656
971,154,0.455916,1873,1434,0.7656
154,972,0.460056,1812,1390,0.7671
972,154,0.460056,1812,1390,0.7671
154,973,0.306329,1251,837,0.6691
973,154,0.306329,1251,837,0.6691
154,974,0.498058,1664,1307,0.7855
974,154,0.498058,1664,1307,0.7855
154,976,0.429586,1755,1316,0.7499
976,154,0.429586,1755,1316,0.7499
154,977,0.228319,1986,1327,0.6682
977,154,0.228319,1986,1327,0.6682
154,978,0.282382,1711,1185,0.6926
978,154,0.282382,1711,1185,0.6926
154,979,-0.046866,66,48,0.7273
979,154,-0.046866,66,48,0.7273
155,160,0.468745,1821,1459,0.8012
160,155,0.468745,1821,1459,0.8012
155,179,0.142806,1280,735,0.5742
179,155,0.142806,1280,735,0.5742
155,247,0.384476,1740,1314,0.7552
247,155,0.384476,1740,1314,0.7552
155,770,0.024133,1754,899,0.5125
770,155,0.024133,1754,899,0.5125
155,772,0.371689,1606,1206,0.7509
772,155,0.371689,1606,1206,0.7509
155,774,0.087819,1466,891,0.6078
774,155,0.087819,1466,891,0.6078
155,776,0.0337,1631,883,0.5414
776,155,0.0337,1631,883,0.5414
155,777,0.1863,1884,1244,0.6603
777,155,0.1863,1884,1244,0.6603
155,780,0.273537,1752,1197,0.6832
780,155,0.273537,1752,1197,0.6832
155,781,0.233,1460,992,0.6795
781,155,0.233,1460,992,0.6795
155,782,0.017071,1880,1092,0.5809
782,155,0.017071,1880,1092,0.5809
155,785,0.268233,1217,831,0.6828
785,155,0.268233,1217,831,0.6828
155,787,0.341249,2049,1542,0.7526
787,155,0.341249,2049,1542,0.7526
155,788,0.412133,1755,1367,0.7789
788,155,0.412133,1755,1367,0.7789
155,789,0.175276,1592,1061,0.6665
789,155,0.175276,1592,1061,0.6665
155,790,0.359327,1617,1182,0.731
790,155,0.359327,1617,1182,0.731
155,791,0.418026,1918,1507,0.7857
791,155,0.418026,1918,1507,0.7857
155,793,0.353043,1740,1279,0.7351
793,155,0.353043,1740,1279,0.7351
155,796,0.441415,1901,1505,0.7917
796,155,0.441415,1901,1505,0.7917
155,801,0.390081,1778,1360,0.7649
801,155,0.390081,1778,1360,0.7649
155,802,0.461333,1886,1526,0.8091
802,155,0.461333,1886,1526,0.8091
155,806,0.446113,1871,1487,0.7948
806,155,0.446113,1871,1487,0.7948
155,809,0.435823,1235,970,0.7854
809,155,0.435823,1235,970,0.7854
155,811,0.258472,1642,1129,0.6876
811,155,0.258472,1642,1129,0.6876
155,818,0.354021,1879,1404,0.7472
818,155,0.354021,1879,1404,0.7472
155,819,0.345606,1472,1078,0.7323
819,155,0.345606,1472,1078,0.7323
155,822,0.161354,1884,1264,0.6709
822,155,0.161354,1884,1264,0.6709
155,826,0.414991,1967,1533,0.7794
826,155,0.414991,1967,1533,0.7794
155,828,0.449914,1762,1437,0.8156
828,155,0.449914,1762,1437,0.8156
155,829,0.476765,1876,1523,0.8118
829,155,0.476765,1876,1523,0.8118
155,831,0.828587,1890,1764,0.9333
831,155,0.828587,1890,1764,0.9333
155,834,0.891377,1949,1867,0.9579
834,155,0.891377,1949,1867,0.9579
155,840,0.222281,1838,1212,0.6594
840,155,0.222281,1838,1212,0.6594
155,842,0.422594,1838,1434,0.7802
842,155,0.422594,1838,1434,0.7802
155,845,0.331289,1924,1424,0.7401
845,155,0.331289,1924,1424,0.7401
155,851,0.444405,1835,1461,0.7962
851,155,0.444405,1835,1461,0.7962
155,857,0.617559,1310,1122,0.8565
857,155,0.617559,1310,1122,0.8565
155,861,0.586378,1778,1480,0.8324
861,155,0.586378,1778,1480,0.8324
155,864,0.391234,1768,1345,0.7607
864,155,0.391234,1768,1345,0.7607
155,870,0.368214,1691,1261,0.7457
870,155,0.368214,1691,1261,0.7457
155,874,0.333021,1910,1403,0.7346
874,155,0.333021,1910,1403,0.7346
155,875,0.302934,1625,1198,0.7372
875,155,0.302934,1625,1198,0.7372
155,881,0.148696,1653,1058,0.64
881,155,0.148696,1653,1058,0.64
155,883,0.362777,2032,1542,0.7589
883,155,0.362777,2032,1542,0.7589
155,884,0.204497,1947,1317,0.6764
884,155,0.204497,1947,1317,0.6764
155,885,0.489228,1814,1459,0.8043
885,155,0.489228,1814,1459,0.8043
155,886,0.435049,1914,1502,0.7847
886,155,0.435049,1914,1502,0.7847
155,887,0.354825,1935,1503,0.7767
887,155,0.354825,1935,1503,0.7767
155,888,0.296941,1754,1275,0.7269
888,155,0.296941,1754,1275,0.7269
155,889,0.813763,1957,1805,0.9223
889,155,0.813763,1957,1805,0.9223
155,890,0.380098,1900,1420,0.7474
890,155,0.380098,1900,1420,0.7474
155,891,0.396203,1994,1570,0.7874
891,155,0.396203,1994,1570,0.7874
155,892,0.30453,1221,845,0.6921
892,155,0.30453,1221,845,0.6921
155,893,0.424939,1989,1545,0.7768
893,155,0.424939,1989,1545,0.7768
155,894,0.857576,2106,1994,0.9468
894,155,0.857576,2106,1994,0.9468
155,895,0.827972,1985,1848,0.931
895,155,0.827972,1985,1848,0.931
155,896,0.749717,1999,1793,0.8969
896,155,0.749717,1999,1793,0.8969
155,897,0.920188,1953,1894,0.9698
897,155,0.920188,1953,1894,0.9698
155,898,0.168749,1676,1027,0.6128
898,155,0.168749,1676,1027,0.6128
155,899,0.406498,1907,1448,0.7593
899,155,0.406498,1907,1448,0.7593
155,900,0.400989,1958,1498,0.7651
900,155,0.400989,1958,1498,0.7651
155,901,0.232118,1681,1113,0.6621
901,155,0.232118,1681,1113,0.6621
155,902,0.413746,1963,1543,0.786
902,155,0.413746,1963,1543,0.786
155,903,0.433871,2055,1620,0.7883
903,155,0.433871,2055,1620,0.7883
155,904,0.354644,1863,1403,0.7531
904,155,0.354644,1863,1403,0.7531
155,905,0.35819,1588,1184,0.7456
905,155,0.35819,1588,1184,0.7456
155,906,0.430327,1584,1202,0.7588
906,155,0.430327,1584,1202,0.7588
155,907,0.398175,2025,1571,0.7758
907,155,0.398175,2025,1571,0.7758
155,908,0.89268,2016,1934,0.9593
908,155,0.89268,2016,1934,0.9593
155,909,0.859921,2048,1940,0.9473
909,155,0.859921,2048,1940,0.9473
155,910,0.871574,1836,1744,0.9499
910,155,0.871574,1836,1744,0.9499
155,911,0.758322,1955,1764,0.9023
911,155,0.758322,1955,1764,0.9023
155,912,0.882899,2059,1966,0.9548
912,155,0.882899,2059,1966,0.9548
155,913,0.883116,1957,1872,0.9566
913,155,0.883116,1957,1872,0.9566
155,914,0.771323,1871,1697,0.907
914,155,0.771323,1871,1697,0.907
155,915,0.434374,1977,1549,0.7835
915,155,0.434374,1977,1549,0.7835
155,917,0.305916,1827,1300,0.7115
917,155,0.305916,1827,1300,0.7115
155,918,0.350994,1931,1446,0.7488
918,155,0.350994,1931,1446,0.7488
155,919,0.296096,2017,1451,0.7194
919,155,0.296096,2017,1451,0.7194
155,920,0.443892,1937,1540,0.795
920,155,0.443892,1937,1540,0.795
155,921,0.496812,1799,1477,0.821
921,155,0.496812,1799,1477,0.821
155,922,0.401643,1891,1450,0.7668
922,155,0.401643,1891,1450,0.7668
155,923,0.428567,2071,1642,0.7929
923,155,0.428567,2071,1642,0.7929
155,924,0.363717,1953,1494,0.765
924,155,0.363717,1953,1494,0.765
155,925,0.529851,2019,1678,0.8311
925,155,0.529851,2019,1678,0.8311
155,926,0.451396,1770,1452,0.8203
926,155,0.451396,1770,1452,0.8203
155,927,0.366958,1944,1490,0.7665
927,155,0.366958,1944,1490,0.7665
155,928,0.382253,1847,1415,0.7661
928,155,0.382253,1847,1415,0.7661
155,929,0.342139,1867,1407,0.7536
929,155,0.342139,1867,1407,0.7536
155,930,0.398317,1966,1460,0.7426
930,155,0.398317,1966,1460,0.7426
155,931,0.334648,1420,1022,0.7197
931,155,0.334648,1420,1022,0.7197
155,932,0.388953,2008,1540,0.7669
932,155,0.388953,2008,1540,0.7669
155,933,0.21207,1593,1056,0.6629
933,155,0.21207,1593,1056,0.6629
155,934,0.835914,1988,1865,0.9381
934,155,0.835914,1988,1865,0.9381
155,935,0.639405,1914,1603,0.8375
935,155,0.639405,1914,1603,0.8375
155,936,1.0,14,14,1.0
936,155,1.0,14,14,1.0
155,937,0.825469,1964,1828,0.9308
937,155,0.825469,1964,1828,0.9308
155,938,0.891885,259,248,0.9575
938,155,0.891885,259,248,0.9575
155,939,0.363142,2007,1502,0.7484
939,155,0.363142,2007,1502,0.7484
155,940,0.332301,1794,1305,0.7274
940,155,0.332301,1794,1305,0.7274
155,941,0.350522,1739,1290,0.7418
941,155,0.350522,1739,1290,0.7418
155,942,0.415972,1936,1482,0.7655
942,155,0.415972,1936,1482,0.7655
155,943,0.093334,1824,1084,0.5943
943,155,0.093334,1824,1084,0.5943
155,944,0.211728,1702,1125,0.661
944,155,0.211728,1702,1125,0.661
155,945,0.248653,1824,1264,0.693
945,155,0.248653,1824,1264,0.693
155,946,0.184763,1734,1115,0.643
946,155,0.184763,1734,1115,0.643
155,947,0.077482,1600,980,0.6125
947,155,0.077482,1600,980,0.6125
155,948,0.364392,1635,1209,0.7394
948,155,0.364392,1635,1209,0.7394
155,949,0.35176,1922,1424,0.7409
949,155,0.35176,1922,1424,0.7409
155,950,0.323896,1925,1425,0.7403
950,155,0.323896,1925,1425,0.7403
155,951,0.819576,1915,1775,0.9269
951,155,0.819576,1915,1775,0.9269
155,952,0.255954,1860,1311,0.7048
952,155,0.255954,1860,1311,0.7048
155,953,0.355522,1949,1503,0.7712
953,155,0.355522,1949,1503,0.7712
155,954,0.184297,1592,1032,0.6482
954,155,0.184297,1592,1032,0.6482
155,955,0.250361,1847,1257,0.6806
955,155,0.250361,1847,1257,0.6806
155,956,0.183232,1869,1271,0.68
956,155,0.183232,1869,1271,0.68
155,957,0.323032,1896,1405,0.741
957,155,0.323032,1896,1405,0.741
155,958,0.325017,1838,1358,0.7388
958,155,0.325017,1838,1358,0.7388
155,959,0.890101,2006,1921,0.9576
959,155,0.890101,2006,1921,0.9576
155,960,0.849618,1964,1852,0.943
960,155,0.849618,1964,1852,0.943
155,961,0.28517,1884,1374,0.7293
961,155,0.28517,1884,1374,0.7293
155,962,0.099677,1767,1045,0.5914
962,155,0.099677,1767,1045,0.5914
155,963,0.358412,1920,1459,0.7599
963,155,0.358412,1920,1459,0.7599
155,964,0.258309,1782,1247,0.6998
964,155,0.258309,1782,1247,0.6998
155,965,0.242714,1904,1315,0.6907
965,155,0.242714,1904,1315,0.6907
155,966,0.082499,1752,1011,0.5771
966,155,0.082499,1752,1011,0.5771
155,967,0.310663,1885,1385,0.7347
967,155,0.310663,1885,1385,0.7347
155,969,0.362323,2065,1596,0.7729
969,155,0.362323,2065,1596,0.7729
155,970,0.308021,1867,1418,0.7595
970,155,0.308021,1867,1418,0.7595
155,971,0.428981,1893,1488,0.7861
971,155,0.428981,1893,1488,0.7861
155,972,0.367606,1850,1405,0.7595
972,155,0.367606,1850,1405,0.7595
155,973,0.004515,1309,709,0.5416
973,155,0.004515,1309,709,0.5416
155,974,0.337812,1734,1282,0.7393
974,155,0.337812,1734,1282,0.7393
155,976,0.253791,1806,1229,0.6805
976,155,0.253791,1806,1229,0.6805
155,977,0.851692,2015,1903,0.9444
977,155,0.851692,2015,1903,0.9444
155,978,0.790357,1768,1626,0.9197
978,155,0.790357,1768,1626,0.9197
155,979,0.164992,17,12,0.7059
979,155,0.164992,17,12,0.7059
160,179,0.186956,1246,765,0.614
179,160,0.186956,1246,765,0.614
160,247,0.332716,1698,1258,0.7409
247,160,0.332716,1698,1258,0.7409
160,770,0.147751,1659,975,0.5877
770,160,0.147751,1659,975,0.5877
160,772,0.308608,1573,1136,0.7222
772,160,0.308608,1573,1136,0.7222
160,774,0.200122,1429,919,0.6431
774,160,0.200122,1429,919,0.6431
160,776,0.183724,1582,993,0.6277
776,160,0.183724,1582,993,0.6277
160,777,0.202484,1834,1229,0.6701
777,160,0.202484,1834,1229,0.6701
160,780,0.164735,1640,1046,0.6378
780,160,0.164735,1640,1046,0.6378
160,781,0.324243,1355,985,0.7269
781,160,0.324243,1355,985,0.7269
160,782,0.109592,1828,1123,0.6143
782,160,0.109592,1828,1123,0.6143
160,785,0.221549,1149,759,0.6606
785,160,0.221549,1149,759,0.6606
160,787,0.279257,2048,1500,0.7324
787,160,0.279257,2048,1500,0.7324
160,788,0.290743,1704,1237,0.7259
788,160,0.290743,1704,1237,0.7259
160,789,0.193754,1612,1062,0.6588
789,160,0.193754,1612,1062,0.6588
160,790,0.305706,1565,1129,0.7214
790,160,0.305706,1565,1129,0.7214
160,791,0.330354,1841,1379,0.749
791,160,0.330354,1841,1379,0.749
160,793,0.29629,1689,1212,0.7176
793,160,0.29629,1689,1212,0.7176
160,796,0.387073,1908,1468,0.7694
796,160,0.387073,1908,1468,0.7694
160,801,0.378535,1852,1392,0.7516
801,160,0.378535,1852,1392,0.7516
160,802,0.36366,1962,1494,0.7615
802,160,0.36366,1962,1494,0.7615
160,806,0.314064,1846,1374,0.7443
806,160,0.314064,1846,1374,0.7443
160,809,0.446022,1235,963,0.7798
809,160,0.446022,1235,963,0.7798
160,811,0.270118,1646,1154,0.7011
811,160,0.270118,1646,1154,0.7011
160,818,0.369436,1843,1412,0.7661
818,160,0.369436,1843,1412,0.7661
160,819,0.317355,1476,1069,0.7243
819,160,0.317355,1476,1069,0.7243
160,822,0.205315,1874,1284,0.6852
822,160,0.205315,1874,1284,0.6852
160,826,0.420864,1971,1544,0.7834
826,160,0.420864,1971,1544,0.7834
160,828,0.405748,1849,1460,0.7896
828,160,0.405748,1849,1460,0.7896
160,829,0.322179,1870,1418,0.7583
829,160,0.322179,1870,1418,0.7583
160,831,0.411801,1838,1420,0.7726
831,160,0.411801,1838,1420,0.7726
160,834,0.426775,1892,1476,0.7801
834,160,0.426775,1892,1476,0.7801
160,840,0.289222,1697,1176,0.693
840,160,0.289222,1697,1176,0.693
160,842,0.358326,1806,1363,0.7547
842,160,0.358326,1806,1363,0.7547
160,845,0.293883,1910,1383,0.7241
845,160,0.293883,1910,1383,0.7241
160,851,0.332589,1933,1440,0.745
851,160,0.332589,1933,1440,0.745
160,857,0.335059,1286,1005,0.7815
857,160,0.335059,1286,1005,0.7815
160,861,0.451114,1747,1370,0.7842
861,160,0.451114,1747,1370,0.7842
160,864,0.303874,1724,1259,0.7303
864,160,0.303874,1724,1259,0.7303
160,870,0.206243,1722,1192,0.6922
870,160,0.206243,1722,1192,0.6922
160,874,0.265957,1884,1342,0.7123
874,160,0.265957,1884,1342,0.7123
160,875,0.325534,1711,1262,0.7376
875,160,0.325534,1711,1262,0.7376
160,881,0.187243,1561,1028,0.6586
881,160,0.187243,1561,1028,0.6586
160,883,0.292836,1996,1472,0.7375
883,160,0.292836,1996,1472,0.7375
160,884,0.214065,1929,1318,0.6833
884,160,0.214065,1929,1318,0.6833
160,885,0.399468,1803,1395,0.7737
885,160,0.399468,1803,1395,0.7737
160,886,0.401463,1929,1502,0.7786
886,160,0.401463,1929,1502,0.7786
160,887,0.344126,2031,1538,0.7573
887,160,0.344126,2031,1538,0.7573
160,888,0.291958,1742,1254,0.7199
888,160,0.291958,1742,1254,0.7199
160,889,0.379337,1953,1466,0.7506
889,160,0.379337,1953,1466,0.7506
160,890,0.337544,1886,1389,0.7365
890,160,0.337544,1886,1389,0.7365
160,891,0.36323,1969,1512,0.7679
891,160,0.36323,1969,1512,0.7679
160,892,0.2919,1190,817,0.6866
892,160,0.2919,1190,817,0.6866
160,893,0.336616,2006,1494,0.7448
893,160,0.336616,2006,1494,0.7448
160,894,0.446016,2128,1690,0.7942
894,160,0.446016,2128,1690,0.7942
160,895,0.396345,1993,1522,0.7637
895,160,0.396345,1993,1522,0.7637
160,896,0.420707,1955,1509,0.7719
896,160,0.420707,1955,1509,0.7719
160,897,0.430648,1924,1508,0.7838
897,160,0.430648,1924,1508,0.7838
160,898,0.240168,1660,1106,0.6663
898,160,0.240168,1660,1106,0.6663
160,899,0.380796,1909,1441,0.7548
899,160,0.380796,1909,1441,0.7548
160,900,0.355753,1943,1470,0.7566
900,160,0.355753,1943,1470,0.7566
160,901,0.193988,1650,1072,0.6497
901,160,0.193988,1650,1072,0.6497
160,902,0.310247,1948,1446,0.7423
902,160,0.310247,1948,1446,0.7423
160,903,0.345212,2075,1577,0.76
903,160,0.345212,2075,1577,0.76
160,904,0.36498,1862,1422,0.7637
904,160,0.36498,1862,1422,0.7637
160,905,0.291263,1555,1119,0.7196
905,160,0.291263,1555,1119,0.7196
160,906,0.350821,1580,1166,0.738
906,160,0.350821,1580,1166,0.738
160,907,0.346449,2035,1543,0.7582
907,160,0.346449,2035,1543,0.7582
160,908,0.427927,2001,1570,0.7846
908,160,0.427927,2001,1570,0.7846
160,909,0.444241,2064,1635,0.7922
909,160,0.444241,2064,1635,0.7922
160,910,0.407783,1785,1372,0.7686
910,160,0.407783,1785,1372,0.7686
160,911,0.431535,1903,1481,0.7782
911,160,0.431535,1903,1481,0.7782
160,912,0.445585,2017,1595,0.7908
912,160,0.445585,2017,1595,0.7908
160,913,0.44641,1918,1524,0.7946
913,160,0.44641,1918,1524,0.7946
160,914,0.393651,1849,1404,0.7593
914,160,0.393651,1849,1404,0.7593
160,915,0.389869,1972,1515,0.7683
915,160,0.389869,1972,1515,0.7683
160,917,0.207064,1811,1246,0.688
917,160,0.207064,1811,1246,0.688
160,918,0.346024,1941,1479,0.762
918,160,0.346024,1941,1479,0.762
160,919,0.275908,2023,1455,0.7192
919,160,0.275908,2023,1455,0.7192
160,920,0.322846,1959,1469,0.7499
920,160,0.322846,1959,1469,0.7499
160,921,0.308294,1788,1330,0.7438
921,160,0.308294,1788,1330,0.7438
160,922,0.343086,1869,1398,0.748
922,160,0.343086,1869,1398,0.748
160,923,0.308105,2090,1565,0.7488
923,160,0.308105,2090,1565,0.7488
160,924,0.336426,1971,1500,0.761
924,160,0.336426,1971,1500,0.761
160,925,0.447341,1990,1599,0.8035
925,160,0.447341,1990,1599,0.8035
160,926,0.350253,1872,1442,0.7703
926,160,0.350253,1872,1442,0.7703
160,927,0.364235,1909,1458,0.7638
927,160,0.364235,1909,1458,0.7638
160,928,0.355442,1878,1435,0.7641
928,160,0.355442,1878,1435,0.7641
160,929,0.255162,1953,1373,0.703
929,160,0.255162,1953,1373,0.703
160,930,0.276401,1988,1380,0.6942
930,160,0.276401,1988,1380,0.6942
160,931,0.321075,1457,1046,0.7179
931,160,0.321075,1457,1046,0.7179
160,932,0.312874,1990,1472,0.7397
932,160,0.312874,1990,1472,0.7397
160,933,0.181989,1522,996,0.6544
933,160,0.181989,1522,996,0.6544
160,934,0.427951,1972,1551,0.7865
934,160,0.427951,1972,1551,0.7865
160,935,0.387839,1917,1420,0.7407
935,160,0.387839,1917,1420,0.7407
160,936,1.0,14,14,1.0
936,160,1.0,14,14,1.0
160,937,0.437499,1972,1541,0.7814
937,160,0.437499,1972,1541,0.7814
160,938,0.502979,350,289,0.8257
938,160,0.502979,350,289,0.8257
160,939,0.327536,2012,1491,0.7411
939,160,0.327536,2012,1491,0.7411
160,940,0.242723,1787,1262,0.7062
940,160,0.242723,1787,1262,0.7062
160,941,0.217258,1699,1172,0.6898
941,160,0.217258,1699,1172,0.6898
160,942,0.321381,1987,1457,0.7333
942,160,0.321381,1987,1457,0.7333
160,943,0.15678,1853,1164,0.6282
943,160,0.15678,1853,1164,0.6282
160,944,0.218769,1672,1136,0.6794
944,160,0.218769,1672,1136,0.6794
160,945,0.232799,1794,1244,0.6934
945,160,0.232799,1794,1244,0.6934
160,946,0.233356,1720,1161,0.675
946,160,0.233356,1720,1161,0.675
160,947,0.204509,1622,1091,0.6726
947,160,0.204509,1622,1091,0.6726
160,948,0.316785,1612,1178,0.7308
948,160,0.316785,1612,1178,0.7308
160,949,0.338716,1877,1392,0.7416
949,160,0.338716,1877,1392,0.7416
160,950,0.310876,1894,1390,0.7339
950,160,0.310876,1894,1390,0.7339
160,951,0.416107,1821,1401,0.7694
951,160,0.416107,1821,1401,0.7694
160,952,0.242072,1853,1303,0.7032
952,160,0.242072,1853,1303,0.7032
160,953,0.240021,1933,1407,0.7279
953,160,0.240021,1933,1407,0.7279
160,954,0.241318,1604,1097,0.6839
954,160,0.241318,1604,1097,0.6839
160,955,0.265362,1813,1263,0.6966
955,160,0.265362,1813,1263,0.6966
160,956,0.198899,1876,1283,0.6839
956,160,0.198899,1876,1283,0.6839
160,957,0.295827,1866,1346,0.7213
957,160,0.295827,1866,1346,0.7213
160,958,0.241164,1806,1269,0.7027
958,160,0.241164,1806,1269,0.7027
160,959,0.430967,1998,1566,0.7838
959,160,0.430967,1998,1566,0.7838
160,960,0.457667,1933,1536,0.7946
960,160,0.457667,1933,1536,0.7946
160,961,0.278006,1859,1352,0.7273
961,160,0.278006,1859,1352,0.7273
160,962,0.235114,1717,1152,0.6709
962,160,0.235114,1717,1152,0.6709
160,963,0.344276,1881,1410,0.7496
963,160,0.344276,1881,1410,0.7496
160,964,0.272897,1748,1250,0.7151
964,160,0.272897,1748,1250,0.7151
160,965,0.257712,1896,1344,0.7089
965,160,0.257712,1896,1344,0.7089
160,966,0.186132,1757,1113,0.6335
966,160,0.186132,1757,1113,0.6335
160,967,0.307674,1834,1344,0.7328
967,160,0.307674,1834,1344,0.7328
160,969,0.357058,2048,1566,0.7646
969,160,0.357058,2048,1566,0.7646
160,970,0.307112,1940,1443,0.7438
970,160,0.307112,1940,1443,0.7438
160,971,0.319473,1895,1416,0.7472
971,160,0.319473,1895,1416,0.7472
160,972,0.362081,1835,1398,0.7619
972,160,0.362081,1835,1398,0.7619
160,973,0.218573,1205,763,0.6332
973,160,0.218573,1205,763,0.6332
160,974,0.304872,1649,1196,0.7253
974,160,0.304872,1649,1196,0.7253
160,976,0.265505,1779,1235,0.6942
976,160,0.265505,1779,1235,0.6942
160,977,0.419415,2031,1584,0.7799
977,160,0.419415,2031,1584,0.7799
160,978,0.383879,1702,1303,0.7656
978,160,0.383879,1702,1303,0.7656
160,979,-0.080064,62,50,0.8065
979,160,-0.080064,62,50,0.8065
179,247,0.329549,1198,786,0.6561
247,179,0.329549,1198,786,0.6561
179,770,0.649644,1252,1032,0.8243
770,179,0.649644,1252,1032,0.8243
179,772,0.39134,1073,736,0.6859
772,179,0.39134,1073,736,0.6859
179,774,0.353864,1130,757,0.6699
774,179,0.353864,1130,757,0.6699
179,776,0.668585,1201,1003,0.8351
776,179,0.668585,1201,1003,0.8351
179,777,0.546978,1273,990,0.7777
777,179,0.546978,1273,990,0.7777
179,780,0.467742,1275,936,0.7341
780,179,0.467742,1275,936,0.7341
179,781,0.574778,1104,864,0.7826
781,179,0.574778,1104,864,0.7826
179,782,0.483126,1340,994,0.7418
782,179,0.483126,1340,994,0.7418
179,785,0.466039,854,620,0.726
785,179,0.466039,854,620,0.726
179,787,0.408882,1413,989,0.6999
787,179,0.408882,1413,989,0.6999
179,788,0.423918,1182,823,0.6963
788,179,0.423918,1182,823,0.6963
179,789,0.376601,1154,793,0.6872
789,179,0.376601,1154,793,0.6872
179,790,0.344283,1127,754,0.669
790,179,0.344283,1127,754,0.669
179,791,0.34911,1253,837,0.668
791,179,0.34911,1253,837,0.668
179,793,0.42037,1159,814,0.7023
793,179,0.42037,1159,814,0.7023
179,796,0.301735,1303,838,0.6431
796,179,0.301735,1303,838,0.6431
179,801,0.370147,1202,828,0.6889
801,179,0.370147,1202,828,0.6889
179,802,0.292236,1252,818,0.6534
802,179,0.292236,1252,818,0.6534
179,806,0.374195,1247,854,0.6848
806,179,0.374195,1247,854,0.6848
179,809,0.328145,846,559,0.6608
809,179,0.328145,846,559,0.6608
179,811,0.280196,1194,770,0.6449
811,179,0.280196,1194,770,0.6449
179,818,0.434172,1305,920,0.705
818,179,0.434172,1305,920,0.705
179,819,0.374341,1115,747,0.67
819,179,0.374341,1115,747,0.67
179,822,0.534604,1313,1007,0.7669
822,179,0.534604,1313,1007,0.7669
179,826,0.361876,1344,903,0.6719
826,179,0.361876,1344,903,0.6719
179,828,0.278431,1176,759,0.6454
828,179,0.278431,1176,759,0.6454
179,829,0.30119,1255,797,0.6351
829,179,0.30119,1255,797,0.6351
179,831,0.157639,1260,736,0.5841
831,179,0.157639,1260,736,0.5841
179,834,0.109644,1265,709,0.5605
834,179,0.109644,1265,709,0.5605
179,840,0.528915,1170,899,0.7684
840,179,0.528915,1170,899,0.7684
179,842,0.325627,1308,857,0.6552
842,179,0.325627,1308,857,0.6552
179,845,0.352174,1290,869,0.6736
845,179,0.352174,1290,869,0.6736
179,851,0.237946,1287,809,0.6286
851,179,0.237946,1287,809,0.6286
179,857,0.114481,950,528,0.5558
857,179,0.114481,950,528,0.5558
179,861,0.263004,1273,799,0.6277
861,179,0.263004,1273,799,0.6277
179,864,0.319903,1198,786,0.6561
864,179,0.319903,1198,786,0.6561
179,870,0.431097,1178,848,0.7199
870,179,0.431097,1178,848,0.7199
179,874,0.268428,1346,856,0.636
874,179,0.268428,1346,856,0.636
179,875,0.257073,1100,696,0.6327
875,179,0.257073,1100,696,0.6327
179,881,0.503833,1157,871,0.7528
881,179,0.503833,1157,871,0.7528
179,883,0.368943,1369,928,0.6779
883,179,0.368943,1369,928,0.6779
179,884,0.509371,1385,1040,0.7509
884,179,0.509371,1385,1040,0.7509
179,885,0.367775,1257,850,0.6762
885,179,0.367775,1257,850,0.6762
179,886,0.32164,1354,879,0.6492
886,179,0.32164,1354,879,0.6492
179,887,0.363168,1304,891,0.6833
887,179,0.363168,1304,891,0.6833
179,888,0.341838,1198,791,0.6603
888,179,0.341838,1198,791,0.6603
179,889,0.141797,1313,756,0.5758
889,179,0.141797,1313,756,0.5758
179,890,0.348404,1295,874,0.6749
890,179,0.348404,1295,874,0.6749
179,891,0.355323,1368,917,0.6703
891,179,0.355323,1368,917,0.6703
179,892,0.374334,934,622,0.666
892,179,0.374334,934,622,0.666
179,893,0.270645,1397,879,0.6292
893,179,0.270645,1397,879,0.6292
179,894,0.138404,1468,839,0.5715
894,179,0.138404,1468,839,0.5715
179,895,0.153926,1358,786,0.5788
895,179,0.153926,1358,786,0.5788
179,896,0.146775,1348,773,0.5734
896,179,0.146775,1348,773,0.5734
179,897,0.110415,1323,733,0.554
897,179,0.110415,1323,733,0.554
179,898,0.620391,1280,1035,0.8086
898,179,0.620391,1280,1035,0.8086
179,899,0.304655,1330,873,0.6564
899,179,0.304655,1330,873,0.6564
179,900,0.407628,1332,929,0.6974
900,179,0.407628,1332,929,0.6974
179,901,0.429661,1185,849,0.7165
901,179,0.429661,1185,849,0.7165
179,902,0.37146,1328,899,0.677
902,179,0.37146,1328,899,0.677
179,903,0.37558,1429,975,0.6823
903,179,0.37558,1429,975,0.6823
179,904,0.437362,1333,943,0.7074
904,179,0.437362,1333,943,0.7074
179,905,0.355199,1127,755,0.6699
905,179,0.355199,1127,755,0.6699
179,906,0.27796,1129,719,0.6368
906,179,0.27796,1129,719,0.6368
179,907,0.238271,1416,869,0.6137
907,179,0.238271,1416,869,0.6137
179,908,0.141946,1329,768,0.5779
908,179,0.141946,1329,768,0.5779
179,909,0.144158,1415,815,0.576
909,179,0.144158,1415,815,0.576
179,910,0.144854,1238,717,0.5792
910,179,0.144854,1238,717,0.5792
179,911,0.184558,1307,780,0.5968
911,179,0.184558,1307,780,0.5968
179,912,0.156276,1396,822,0.5888
912,179,0.156276,1396,822,0.5888
179,913,0.145374,1354,795,0.5871
913,179,0.145374,1354,795,0.5871
179,914,0.13873,1251,715,0.5715
914,179,0.13873,1251,715,0.5715
179,915,0.360638,1377,933,0.6776
915,179,0.360638,1377,933,0.6776
179,917,0.361491,1389,945,0.6803
917,179,0.361491,1389,945,0.6803
179,918,0.465907,1381,1001,0.7248
918,179,0.465907,1381,1001,0.7248
179,919,0.483986,1375,1019,0.7411
919,179,0.483986,1375,1019,0.7411
179,920,0.37206,1342,916,0.6826
920,179,0.37206,1342,916,0.6826
179,921,0.256582,1214,750,0.6178
921,179,0.256582,1214,750,0.6178
179,922,0.368478,1283,867,0.6758
922,179,0.368478,1283,867,0.6758
179,923,0.311128,1443,940,0.6514
923,179,0.311128,1443,940,0.6514
179,924,0.407373,1451,1011,0.6968
924,179,0.407373,1451,1011,0.6968
179,925,0.224516,1309,794,0.6066
925,179,0.224516,1309,794,0.6066
179,926,0.263228,1247,780,0.6255
926,179,0.263228,1247,780,0.6255
179,927,0.422353,1289,906,0.7029
927,179,0.422353,1289,906,0.7029
179,928,0.335467,1347,884,0.6563
928,179,0.335467,1347,884,0.6563
179,929,0.24713,1300,821,0.6315
929,179,0.24713,1300,821,0.6315
179,930,0.197879,1376,829,0.6025
930,179,0.197879,1376,829,0.6025
179,931,0.194581,944,568,0.6017
931,179,0.194581,944,568,0.6017
179,932,0.396441,1349,930,0.6894
932,179,0.396441,1349,930,0.6894
179,933,0.575712,1132,882,0.7792
933,179,0.575712,1132,882,0.7792
179,934,0.151328,1353,784,0.5795
934,179,0.151328,1353,784,0.5795
179,935,0.128015,1333,758,0.5686
935,179,0.128015,1333,758,0.5686
179,936,-0.395285,9,3,0.3333
936,179,-0.395285,9,3,0.3333
179,937,0.173748,1310,768,0.5863
937,179,0.173748,1310,768,0.5863
179,938,0.277932,221,160,0.724
938,179,0.277932,221,160,0.724
179,939,0.436328,1362,976,0.7166
939,179,0.436328,1362,976,0.7166
179,940,0.413969,1233,870,0.7056
940,179,0.413969,1233,870,0.7056
179,941,0.425625,1194,845,0.7077
941,179,0.425625,1194,845,0.7077
179,942,0.312076,1332,870,0.6532
942,179,0.312076,1332,870,0.6532
179,943,0.671746,1303,1092,0.8381
943,179,0.671746,1303,1092,0.8381
179,944,0.58559,1210,967,0.7992
944,179,0.58559,1210,967,0.7992
179,945,0.592384,1285,1024,0.7969
945,179,0.592384,1285,1024,0.7969
179,946,0.605591,1206,969,0.8035
946,179,0.605591,1206,969,0.8035
179,947,0.569776,1169,917,0.7844
947,179,0.569776,1169,917,0.7844
179,948,0.2711,1085,694,0.6396
948,179,0.2711,1085,694,0.6396
179,949,0.412124,1324,933,0.7047
949,179,0.412124,1324,933,0.7047
179,950,0.393269,1306,912,0.6983
950,179,0.393269,1306,912,0.6983
179,951,0.146369,1270,736,0.5795
951,179,0.146369,1270,736,0.5795
179,952,0.380829,1267,869,0.6859
952,179,0.380829,1267,869,0.6859
179,953,0.325424,1352,875,0.6472
953,179,0.325424,1352,875,0.6472
179,954,0.533812,1210,932,0.7702
954,179,0.533812,1210,932,0.7702
179,955,0.361474,1211,826,0.6821
955,179,0.361474,1211,826,0.6821
179,956,0.511203,1307,990,0.7575
956,179,0.511203,1307,990,0.7575
179,957,0.348532,1298,866,0.6672
957,179,0.348532,1298,866,0.6672
179,958,0.247526,1227,771,0.6284
958,179,0.247526,1227,771,0.6284
179,959,0.145831,1354,778,0.5746
959,179,0.145831,1354,778,0.5746
179,960,0.167021,1291,756,0.5856
960,179,0.167021,1291,756,0.5856
179,961,0.409426,1248,875,0.7011
961,179,0.409426,1248,875,0.7011
179,962,0.720922,1294,1114,0.8609
962,179,0.720922,1294,1114,0.8609
179,963,0.402654,1317,917,0.6963
963,179,0.402654,1317,917,0.6963
179,964,0.521506,1270,968,0.7622
964,179,0.521506,1270,968,0.7622
179,965,0.568089,1295,1013,0.7822
965,179,0.568089,1295,1013,0.7822
179,966,0.664221,1257,1050,0.8353
966,179,0.664221,1257,1050,0.8353
179,967,0.412746,1266,881,0.6959
967,179,0.412746,1266,881,0.6959
179,969,0.364802,1409,945,0.6707
969,179,0.364802,1409,945,0.6707
179,970,0.336175,1250,841,0.6728
970,179,0.336175,1250,841,0.6728
179,971,0.315027,1311,855,0.6522
971,179,0.315027,1311,855,0.6522
179,972,0.465426,1342,969,0.7221
972,179,0.465426,1342,969,0.7221
179,973,0.53611,973,743,0.7636
973,179,0.53611,973,743,0.7636
179,974,0.37243,1154,775,0.6716
974,179,0.37243,1154,775,0.6716
179,976,0.444337,1245,894,0.7181
976,179,0.444337,1245,894,0.7181
179,977,0.142827,1387,802,0.5782
977,179,0.142827,1387,802,0.5782
179,978,0.132518,1156,643,0.5562
978,179,0.132518,1156,643,0.5562
179,979,-0.138159,50,37,0.74
979,179,-0.138159,50,37,0.74
247,770,0.320671,1670,1078,0.6455
770,247,0.320671,1670,1078,0.6455
247,772,0.604773,1557,1305,0.8382
772,247,0.604773,1557,1305,0.8382
247,774,0.388454,1474,1082,0.7341
774,247,0.388454,1474,1082,0.7341
247,776,0.30974,1585,1052,0.6637
776,247,0.30974,1585,1052,0.6637
247,777,0.478092,1798,1397,0.777
777,247,0.478092,1798,1397,0.777
247,780,0.552779,1682,1347,0.8008
780,247,0.552779,1682,1347,0.8008
247,781,0.577535,1337,1090,0.8153
781,247,0.577535,1337,1090,0.8153
247,782,0.289799,1797,1247,0.6939
782,247,0.289799,1797,1247,0.6939
247,785,0.548992,1111,882,0.7939
785,247,0.548992,1111,882,0.7939
247,787,0.563078,1979,1642,0.8297
787,247,0.563078,1979,1642,0.8297
247,788,0.594032,1712,1427,0.8335
788,247,0.594032,1712,1427,0.8335
247,789,0.387695,1553,1150,0.7405
789,247,0.387695,1553,1150,0.7405
247,790,0.562217,1606,1305,0.8126
790,247,0.562217,1606,1305,0.8126
247,791,0.609977,1780,1503,0.8444
791,247,0.609977,1780,1503,0.8444
247,793,0.586528,1725,1427,0.8272
793,247,0.586528,1725,1427,0.8272
247,796,0.601337,1855,1565,0.8437
796,247,0.601337,1855,1565,0.8437
247,801,0.550962,1760,1446,0.8216
801,247,0.550962,1760,1446,0.8216
247,802,0.623484,1810,1557,0.8602
802,247,0.623484,1810,1557,0.8602
247,806,0.498092,1806,1447,0.8012
806,247,0.498092,1806,1447,0.8012
247,809,0.691338,1166,1019,0.8739
809,247,0.691338,1166,1019,0.8739
247,811,0.387346,1681,1241,0.7383
811,247,0.387346,1681,1241,0.7383
247,818,0.644338,1819,1559,0.8571
818,247,0.644338,1819,1559,0.8571
247,819,0.645209,1509,1283,0.8502
819,247,0.645209,1509,1283,0.8502
247,822,0.446513,1826,1415,0.7749
822,247,0.446513,1826,1415,0.7749
247,826,0.595643,1934,1625,0.8402
826,247,0.595643,1934,1625,0.8402
247,828,0.570035,1712,1449,0.8464
828,247,0.570035,1712,1449,0.8464
247,829,0.514949,1808,1468,0.8119
829,247,0.514949,1808,1468,0.8119
247,831,0.347532,1795,1316,0.7331
831,247,0.347532,1795,1316,0.7331
247,834,0.359056,1879,1396,0.7429
834,247,0.359056,1879,1396,0.7429
247,840,0.515067,1649,1282,0.7774
840,247,0.515067,1649,1282,0.7774
247,842,0.668932,1859,1614,0.8682
842,247,0.668932,1859,1614,0.8682
247,845,0.592208,1879,1566,0.8334
845,247,0.592208,1879,1566,0.8334
247,851,0.386956,1769,1362,0.7699
851,247,0.386956,1769,1362,0.7699
247,857,0.501072,1345,1095,0.8141
857,247,0.501072,1345,1095,0.8141
247,861,0.31838,1699,1210,0.7122
861,247,0.31838,1699,1210,0.7122
247,864,0.583673,1728,1435,0.8304
864,247,0.583673,1728,1435,0.8304
247,870,0.429174,1647,1258,0.7638
870,247,0.429174,1647,1258,0.7638
247,874,0.453433,1878,1462,0.7785
874,247,0.453433,1878,1462,0.7785
247,875,0.489031,1583,1269,0.8016
875,247,0.489031,1583,1269,0.8016
247,881,0.457291,1569,1200,0.7648
881,247,0.457291,1569,1200,0.7648
247,883,0.628687,1902,1623,0.8533
883,247,0.628687,1902,1623,0.8533
247,884,0.480552,1890,1481,0.7836
884,247,0.480552,1890,1481,0.7836
247,885,0.632416,1858,1584,0.8525
885,247,0.632416,1858,1584,0.8525
247,886,0.629566,1937,1660,0.857
886,247,0.629566,1937,1660,0.857
247,887,0.604021,1905,1636,0.8588
887,247,0.604021,1905,1636,0.8588
247,888,0.49677,1690,1346,0.7964
888,247,0.49677,1690,1346,0.7964
247,889,0.340057,1867,1347,0.7215
889,247,0.340057,1867,1347,0.7215
247,890,0.566134,1823,1490,0.8173
890,247,0.566134,1823,1490,0.8173
247,891,0.587349,1904,1601,0.8409
891,247,0.587349,1904,1601,0.8409
247,892,0.530001,1268,998,0.7871
892,247,0.530001,1268,998,0.7871
247,893,0.462128,1920,1507,0.7849
893,247,0.462128,1920,1507,0.7849
247,894,0.38278,2021,1534,0.759
894,247,0.38278,2021,1534,0.759
247,895,0.356572,1936,1422,0.7345
895,247,0.356572,1936,1422,0.7345
247,896,0.360627,1878,1377,0.7332
896,247,0.360627,1878,1377,0.7332
247,897,0.394464,1881,1427,0.7586
897,247,0.394464,1881,1427,0.7586
247,898,0.473697,1749,1310,0.749
898,247,0.473697,1749,1310,0.749
247,899,0.263301,1814,1239,0.683
899,247,0.263301,1814,1239,0.683
247,900,0.654831,1930,1664,0.8622
900,247,0.654831,1930,1664,0.8622
247,901,0.510863,1611,1255,0.779
901,247,0.510863,1611,1255,0.779
247,902,0.551826,1923,1592,0.8279
902,247,0.551826,1923,1592,0.8279
247,903,0.65524,1987,1720,0.8656
903,247,0.65524,1987,1720,0.8656
247,904,0.641769,1863,1597,0.8572
904,247,0.641769,1863,1597,0.8572
247,905,0.60939,1603,1350,0.8422
905,247,0.60939,1603,1350,0.8422
247,906,0.530545,1604,1282,0.7993
906,247,0.530545,1604,1282,0.7993
247,907,0.543047,1971,1623,0.8234
907,247,0.543047,1971,1623,0.8234
247,908,0.356716,1939,1442,0.7437
908,247,0.356716,1939,1442,0.7437
247,909,0.392456,1987,1513,0.7614
909,247,0.392456,1987,1513,0.7614
247,910,0.373652,1833,1366,0.7452
910,247,0.373652,1833,1366,0.7452
247,911,0.375087,1875,1397,0.7451
911,247,0.375087,1875,1397,0.7451
247,912,0.363243,1938,1447,0.7466
912,247,0.363243,1938,1447,0.7466
247,913,0.374792,1857,1394,0.7507
913,247,0.374792,1857,1394,0.7507
247,914,0.331364,1821,1317,0.7232
914,247,0.331364,1821,1317,0.7232
247,915,0.633201,1914,1632,0.8527
915,247,0.633201,1914,1632,0.8527
247,917,0.420755,1740,1321,0.7592
917,247,0.420755,1740,1321,0.7592
247,918,0.644713,1918,1648,0.8592
918,247,0.644713,1918,1648,0.8592
247,919,0.564622,1954,1605,0.8214
919,247,0.564622,1954,1605,0.8214
247,920,0.549862,1873,1542,0.8233
920,247,0.549862,1873,1542,0.8233
247,921,0.401021,1766,1364,0.7724
921,247,0.401021,1766,1364,0.7724
247,922,0.622613,1884,1601,0.8498
922,247,0.622613,1884,1601,0.8498
247,923,0.45511,2011,1595,0.7931
923,247,0.45511,2011,1595,0.7931
247,924,0.639446,1887,1623,0.8601
924,247,0.639446,1887,1623,0.8601
247,925,0.402126,1954,1516,0.7758
925,247,0.402126,1954,1516,0.7758
247,926,0.512054,1806,1501,0.8311
926,247,0.512054,1806,1501,0.8311
247,927,0.655515,1900,1648,0.8674
927,247,0.655515,1900,1648,0.8674
247,928,0.64936,1832,1580,0.8624
928,247,0.64936,1832,1580,0.8624
247,929,0.467537,1827,1464,0.8013
929,247,0.467537,1827,1464,0.8013
247,930,0.328861,1928,1375,0.7132
930,247,0.328861,1928,1375,0.7132
247,931,0.427831,1452,1111,0.7652
931,247,0.427831,1452,1111,0.7652
247,932,0.615204,1934,1636,0.8459
932,247,0.615204,1934,1636,0.8459
247,933,0.382219,1594,1166,0.7315
933,247,0.382219,1594,1166,0.7315
247,934,0.387234,1895,1439,0.7594
934,247,0.387234,1895,1439,0.7594
247,935,0.326503,1872,1326,0.7083
935,247,0.326503,1872,1326,0.7083
247,936,1.0,14,14,1.0
936,247,1.0,14,14,1.0
247,937,0.371768,1916,1420,0.7411
937,247,0.371768,1916,1420,0.7411
247,938,0.352986,280,214,0.7643
938,247,0.352986,280,214,0.7643
247,939,0.613025,1938,1631,0.8416
939,247,0.613025,1938,1631,0.8416
247,940,0.376505,1769,1314,0.7428
940,247,0.376505,1769,1314,0.7428
247,941,0.454673,1696,1319,0.7777
941,247,0.454673,1696,1319,0.7777
247,942,0.593153,1920,1593,0.8297
942,247,0.593153,1920,1593,0.8297
247,943,0.406558,1736,1253,0.7218
943,247,0.406558,1736,1253,0.7218
247,944,0.546328,1629,1296,0.7956
944,247,0.546328,1629,1296,0.7956
247,945,0.553913,1765,1436,0.8136
945,247,0.553913,1765,1436,0.8136
247,946,0.41677,1683,1233,0.7326
946,247,0.41677,1683,1233,0.7326
247,947,0.415013,1589,1191,0.7495
947,247,0.415013,1589,1191,0.7495
247,948,0.398,1530,1150,0.7516
948,247,0.398,1530,1150,0.7516
247,949,0.590197,1853,1539,0.8305
949,247,0.590197,1853,1539,0.8305
247,950,0.58425,1916,1601,0.8356
950,247,0.58425,1916,1601,0.8356
247,951,0.365313,1773,1307,0.7372
951,247,0.365313,1773,1307,0.7372
247,952,0.517981,1799,1443,0.8021
952,247,0.517981,1799,1443,0.8021
247,953,0.45488,1876,1483,0.7905
953,247,0.45488,1876,1483,0.7905
247,954,0.541053,1573,1257,0.7991
954,247,0.541053,1573,1257,0.7991
247,955,0.548605,1776,1431,0.8057
955,247,0.548605,1776,1431,0.8057
247,956,0.482939,1809,1431,0.791
956,247,0.482939,1809,1431,0.791
247,957,0.526546,1846,1497,0.8109
957,247,0.526546,1846,1497,0.8109
247,958,0.341108,1721,1263,0.7339
958,247,0.341108,1721,1263,0.7339
247,959,0.375042,1959,1472,0.7514
959,247,0.375042,1959,1472,0.7514
247,960,0.366259,1902,1408,0.7403
960,247,0.366259,1902,1408,0.7403
247,961,0.585118,1805,1510,0.8366
961,247,0.585118,1805,1510,0.8366
247,962,0.406415,1690,1219,0.7213
962,247,0.406415,1690,1219,0.7213
247,963,0.607215,1816,1533,0.8442
963,247,0.607215,1816,1533,0.8442
247,964,0.549271,1732,1408,0.8129
964,247,0.549271,1732,1408,0.8129
247,965,0.515007,1820,1453,0.7984
965,247,0.515007,1820,1453,0.7984
247,966,0.389851,1673,1187,0.7095
966,247,0.389851,1673,1187,0.7095
247,967,0.572338,1853,1541,0.8316
967,247,0.572338,1853,1541,0.8316
247,969,0.59016,1984,1675,0.8443
969,247,0.59016,1984,1675,0.8443
247,970,0.511335,1823,1501,0.8234
970,247,0.511335,1823,1501,0.8234
247,971,0.62924,1864,1594,0.8552
971,247,0.62924,1864,1594,0.8552
247,972,0.632815,1818,1550,0.8526
972,247,0.632815,1818,1550,0.8526
247,973,0.359602,1313,919,0.6999
973,247,0.359602,1313,919,0.6999
247,974,0.592589,1658,1383,0.8341
974,247,0.592589,1658,1383,0.8341
247,976,0.561692,1705,1377,0.8076
976,247,0.561692,1705,1377,0.8076
247,977,0.355746,1950,1448,0.7426
977,247,0.355746,1950,1448,0.7426
247,978,0.386941,1683,1271,0.7552
978,247,0.386941,1683,1271,0.7552
247,979,0.0,36,26,0.7222
979,247,0.0,36,26,0.7222
770,772,0.367674,1591,1057,0.6644
772,770,0.367674,1591,1057,0.6644
770,774,0.464457,1585,1141,0.7199
774,770,0.464457,1585,1141,0.7199
770,776,0.766268,1812,1600,0.883
776,770,0.766268,1812,1600,0.883
770,777,0.540453,1938,1484,0.7657
777,770,0.540453,1938,1484,0.7657
770,780,0.477086,1752,1291,0.7369
780,770,0.477086,1752,1291,0.7369
770,781,0.642781,1513,1230,0.813
781,770,0.642781,1513,1230,0.813
770,782,0.591292,1967,1549,0.7875
782,770,0.591292,1967,1549,0.7875
770,785,0.421408,1169,818,0.6997
785,770,0.421408,1169,818,0.6997
770,787,0.373781,1999,1351,0.6758
787,770,0.373781,1999,1351,0.6758
770,788,0.344733,1739,1138,0.6544
788,770,0.344733,1739,1138,0.6544
770,789,0.321751,1525,1012,0.6636
789,770,0.321751,1525,1012,0.6636
770,790,0.270959,1686,1050,0.6228
790,770,0.270959,1686,1050,0.6228
770,791,0.297751,1794,1136,0.6332
791,770,0.297751,1794,1136,0.6332
770,793,0.353521,1744,1154,0.6617
793,770,0.353521,1744,1154,0.6617
770,796,0.29864,1884,1201,0.6375
796,770,0.29864,1884,1201,0.6375
770,801,0.316605,1769,1169,0.6608
801,770,0.316605,1769,1169,0.6608
770,802,0.29403,1819,1171,0.6438
802,770,0.29403,1819,1171,0.6438
770,806,0.276431,1886,1200,0.6363
806,770,0.276431,1886,1200,0.6363
770,809,0.402718,1092,751,0.6877
809,770,0.402718,1092,751,0.6877
770,811,0.314529,1646,1094,0.6646
811,770,0.314529,1646,1094,0.6646
770,818,0.442843,1835,1298,0.7074
818,770,0.442843,1835,1298,0.7074
770,819,0.38765,1504,1024,0.6809
819,770,0.38765,1504,1024,0.6809
770,822,0.563132,1936,1482,0.7655
822,770,0.563132,1936,1482,0.7655
770,826,0.354561,1894,1269,0.67
826,770,0.354561,1894,1269,0.67
770,828,0.253501,1632,1023,0.6268
828,770,0.253501,1632,1023,0.6268
770,829,0.236614,1780,1081,0.6073
829,770,0.236614,1780,1081,0.6073
770,831,0.02514,1828,945,0.517
831,770,0.02514,1828,945,0.517
770,834,-0.012882,1842,923,0.5011
834,770,-0.012882,1842,923,0.5011
770,840,0.47887,1708,1257,0.7359
840,770,0.47887,1708,1257,0.7359
770,842,0.333987,1786,1169,0.6545
842,770,0.333987,1786,1169,0.6545
770,845,0.29985,1889,1219,0.6453
845,770,0.29985,1889,1219,0.6453
770,851,0.20541,1741,1076,0.618
851,770,0.20541,1741,1076,0.618
770,857,-0.002874,1354,679,0.5015
857,770,-0.002874,1354,679,0.5015
770,861,0.120353,1708,966,0.5656
861,770,0.120353,1708,966,0.5656
770,864,0.297497,1710,1099,0.6427
864,770,0.297497,1710,1099,0.6427
770,870,0.303728,1666,1111,0.6669
870,770,0.303728,1666,1111,0.6669
770,874,0.310238,1906,1246,0.6537
874,770,0.310238,1906,1246,0.6537
770,875,0.264703,1630,1033,0.6337
875,770,0.264703,1630,1033,0.6337
770,881,0.553968,1674,1290,0.7706
881,770,0.553968,1674,1290,0.7706
770,883,0.346191,1881,1246,0.6624
883,770,0.346191,1881,1246,0.6624
770,884,0.52364,1976,1483,0.7505
884,770,0.52364,1976,1483,0.7505
770,885,0.346936,1792,1200,0.6696
885,770,0.346936,1792,1200,0.6696
770,886,0.26316,1898,1179,0.6212
886,770,0.26316,1898,1179,0.6212
770,887,0.350157,1872,1240,0.6624
887,770,0.350157,1872,1240,0.6624
770,888,0.31788,1707,1124,0.6585
888,770,0.31788,1707,1124,0.6585
770,889,0.034729,1902,998,0.5247
889,770,0.034729,1902,998,0.5247
770,890,0.340727,1810,1208,0.6674
890,770,0.340727,1810,1208,0.6674
770,891,0.333362,1962,1273,0.6488
891,770,0.333362,1962,1273,0.6488
770,892,0.387166,1217,823,0.6763
892,770,0.387166,1217,823,0.6763
770,893,0.246546,1911,1197,0.6264
893,770,0.246546,1911,1197,0.6264
770,894,0.013054,1998,1034,0.5175
894,770,0.013054,1998,1034,0.5175
770,895,0.031233,1904,1008,0.5294
895,770,0.031233,1904,1008,0.5294
770,896,-0.009392,1859,931,0.5008
896,770,-0.009392,1859,931,0.5008
770,897,-0.002971,1872,939,0.5016
897,770,-0.002971,1872,939,0.5016
770,898,0.610463,1706,1372,0.8042
898,770,0.610463,1706,1372,0.8042
770,899,0.188778,1817,1092,0.601
899,770,0.188778,1817,1092,0.601
770,900,0.396217,1899,1320,0.6951
900,770,0.396217,1899,1320,0.6951
770,901,0.51193,1737,1311,0.7547
901,770,0.51193,1737,1311,0.7547
770,902,0.316425,1919,1238,0.6451
902,770,0.316425,1919,1238,0.6451
770,903,0.340415,1993,1318,0.6613
903,770,0.340415,1993,1318,0.6613
770,904,0.416683,1837,1271,0.6919
904,770,0.416683,1837,1271,0.6919
770,905,0.386441,1578,1088,0.6895
905,770,0.386441,1578,1088,0.6895
770,906,0.253654,1628,1019,0.6259
906,770,0.253654,1628,1019,0.6259
770,907,0.259145,1911,1201,0.6285
907,770,0.259145,1911,1201,0.6285
770,908,-0.00685,1953,994,0.509
908,770,-0.00685,1953,994,0.509
770,909,0.007449,1963,1009,0.514
909,770,0.007449,1963,1009,0.514
770,910,0.001213,1790,914,0.5106
910,770,0.001213,1790,914,0.5106
770,911,0.068493,1896,1023,0.5396
911,770,0.068493,1896,1023,0.5396
770,912,0.014477,1928,1003,0.5202
912,770,0.014477,1928,1003,0.5202
770,913,-0.006437,1854,942,0.5081
913,770,-0.006437,1854,942,0.5081
770,914,0.040003,1839,964,0.5242
914,770,0.040003,1839,964,0.5242
770,915,0.306512,1916,1239,0.6467
915,770,0.306512,1916,1239,0.6467
770,917,0.347216,1787,1195,0.6687
917,770,0.347216,1787,1195,0.6687
770,918,0.444913,1938,1382,0.7131
918,770,0.444913,1938,1382,0.7131
770,919,0.445085,1978,1414,0.7149
919,770,0.445085,1978,1414,0.7149
770,920,0.309143,1934,1254,0.6484
920,770,0.309143,1934,1254,0.6484
770,921,0.242653,1795,1103,0.6145
921,770,0.242653,1795,1103,0.6145
770,922,0.324582,1847,1199,0.6492
922,770,0.324582,1847,1199,0.6492
770,923,0.249071,1991,1233,0.6193
923,770,0.249071,1991,1233,0.6193
770,924,0.358146,1899,1263,0.6651
924,770,0.358146,1899,1263,0.6651
770,925,0.174893,1930,1128,0.5845
925,770,0.174893,1930,1128,0.5845
770,926,0.254871,1674,1045,0.6243
926,770,0.254871,1674,1045,0.6243
770,927,0.406539,1913,1320,0.69
927,770,0.406539,1913,1320,0.69
770,928,0.35267,1853,1227,0.6622
928,770,0.35267,1853,1227,0.6622
770,929,0.236092,1763,1094,0.6205
929,770,0.236092,1763,1094,0.6205
770,930,0.125276,1881,1064,0.5657
930,770,0.125276,1881,1064,0.5657
770,931,0.181484,1512,894,0.5913
931,770,0.181484,1512,894,0.5913
770,932,0.360241,1921,1281,0.6668
932,770,0.360241,1921,1281,0.6668
770,933,0.45517,1673,1204,0.7197
933,770,0.45517,1673,1204,0.7197
770,934,0.024931,1923,1005,0.5226
934,770,0.024931,1923,1005,0.5226
770,935,0.056485,1877,997,0.5312
935,770,0.056485,1877,997,0.5312
770,936,-0.353553,7,3,0.4286
936,770,-0.353553,7,3,0.4286
770,937,0.053354,1920,1028,0.5354
937,770,0.053354,1920,1028,0.5354
770,938,0.137629,283,193,0.682
938,770,0.137629,283,193,0.682
770,939,0.411777,1976,1380,0.6984
939,770,0.411777,1976,1380,0.6984
770,940,0.337675,1788,1206,0.6745
940,770,0.337675,1788,1206,0.6745
770,941,0.365055,1781,1207,0.6777
941,770,0.365055,1781,1207,0.6777
770,942,0.276668,1875,1194,0.6368
942,770,0.276668,1875,1194,0.6368
770,943,0.706003,1839,1574,0.8559
943,770,0.706003,1839,1574,0.8559
770,944,0.617682,1742,1417,0.8134
944,770,0.617682,1742,1417,0.8134
770,945,0.564932,1883,1459,0.7748
945,770,0.564932,1883,1459,0.7748
770,946,0.598534,1768,1415,0.8003
946,770,0.598534,1768,1415,0.8003
770,947,0.62777,1736,1404,0.8088
947,770,0.62777,1736,1404,0.8088
770,948,0.110177,1565,890,0.5687
948,770,0.110177,1565,890,0.5687
770,949,0.385833,1853,1269,0.6848
949,770,0.385833,1853,1269,0.6848
770,950,0.367172,1928,1307,0.6779
950,770,0.367172,1928,1307,0.6779
770,951,-0.0,1825,926,0.5074
951,770,-0.0,1825,926,0.5074
770,952,0.409958,1776,1243,0.6999
952,770,0.409958,1776,1243,0.6999
770,953,0.300871,1909,1211,0.6344
953,770,0.300871,1909,1211,0.6344
770,954,0.644156,1749,1434,0.8199
954,770,0.644156,1749,1434,0.8199
770,955,0.418595,1796,1268,0.706
955,770,0.418595,1796,1268,0.706
770,956,0.578242,1939,1506,0.7767
956,770,0.578242,1939,1506,0.7767
770,957,0.367192,1882,1285,0.6828
957,770,0.367192,1882,1285,0.6828
770,958,0.189779,1808,1074,0.594
958,770,0.189779,1808,1074,0.594
770,959,0.00966,1902,986,0.5184
959,770,0.00966,1902,986,0.5184
770,960,0.022064,1879,971,0.5168
960,770,0.022064,1879,971,0.5168
770,961,0.398667,1859,1286,0.6918
961,770,0.398667,1859,1286,0.6918
770,962,0.780935,1914,1699,0.8877
962,770,0.780935,1914,1699,0.8877
770,963,0.395629,1867,1281,0.6861
963,770,0.395629,1867,1281,0.6861
770,964,0.510794,1827,1374,0.7521
964,770,0.510794,1827,1374,0.7521
770,965,0.528353,1849,1403,0.7588
965,770,0.528353,1849,1403,0.7588
770,966,0.818367,1904,1731,0.9091
966,770,0.818367,1904,1731,0.9091
770,967,0.349882,1899,1266,0.6667
967,770,0.349882,1899,1266,0.6667
770,969,0.337631,1988,1298,0.6529
969,770,0.337631,1988,1298,0.6529
770,970,0.328838,1797,1186,0.66
970,770,0.328838,1797,1186,0.66
770,971,0.294883,1830,1162,0.635
971,770,0.294883,1830,1162,0.635
770,972,0.456748,1840,1320,0.7174
972,770,0.456748,1840,1320,0.7174
770,973,0.657776,1301,1064,0.8178
973,770,0.657776,1301,1064,0.8178
770,974,0.325718,1725,1134,0.6574
974,770,0.325718,1725,1134,0.6574
770,976,0.450323,1789,1280,0.7155
976,770,0.450323,1789,1280,0.7155
770,977,-0.006779,1908,968,0.5073
977,770,-0.006779,1908,968,0.5073
770,978,0.011403,1658,831,0.5012
978,770,0.011403,1658,831,0.5012
770,979,0.10659,57,39,0.6842
979,770,0.10659,57,39,0.6842
772,774,0.531986,1392,1114,0.8003
774,772,0.531986,1392,1114,0.8003
772,776,0.377001,1555,1076,0.692
776,772,0.377001,1555,1076,0.692
772,777,0.570583,1700,1381,0.8124
777,772,0.570583,1700,1381,0.8124
772,780,0.611059,1525,1256,0.8236
780,772,0.611059,1525,1256,0.8236
772,781,0.663544,1360,1163,0.8551
781,772,0.663544,1360,1163,0.8551
772,782,0.400886,1685,1249,0.7412
782,772,0.400886,1685,1249,0.7412
772,785,0.576075,1169,948,0.8109
785,772,0.576075,1169,948,0.8109
772,787,0.619012,1810,1540,0.8508
787,772,0.619012,1810,1540,0.8508
772,788,0.672187,1615,1400,0.8669
788,772,0.672187,1615,1400,0.8669
772,789,0.446571,1365,1050,0.7692
789,772,0.446571,1365,1050,0.7692
772,790,0.571546,1586,1295,0.8165
790,772,0.571546,1586,1295,0.8165
772,791,0.653944,1687,1457,0.8637
791,772,0.653944,1687,1457,0.8637
772,793,0.647547,1633,1396,0.8549
793,772,0.647547,1633,1396,0.8549
772,796,0.67946,1704,1490,0.8744
796,772,0.67946,1704,1490,0.8744
772,801,0.527627,1617,1313,0.812
801,772,0.527627,1617,1313,0.812
772,802,0.66913,1673,1466,0.8763
802,772,0.66913,1673,1466,0.8763
772,806,0.525006,1688,1376,0.8152
806,772,0.525006,1688,1376,0.8152
772,809,0.755318,1027,924,0.8997
809,772,0.755318,1027,924,0.8997
772,811,0.455735,1571,1210,0.7702
811,772,0.455735,1571,1210,0.7702
772,818,0.650113,1709,1471,0.8607
818,772,0.650113,1709,1471,0.8607
772,819,0.697002,1537,1344,0.8744
819,772,0.697002,1537,1344,0.8744
772,822,0.574492,1682,1391,0.827
822,772,0.574492,1682,1391,0.827
772,826,0.513054,1742,1405,0.8065
826,772,0.513054,1742,1405,0.8065
772,828,0.497493,1553,1274,0.8203
828,772,0.497493,1553,1274,0.8203
772,829,0.516734,1683,1368,0.8128
829,772,0.516734,1683,1368,0.8128
772,831,0.34465,1661,1222,0.7357
831,772,0.34465,1661,1222,0.7357
772,834,0.372542,1743,1304,0.7481
834,772,0.372542,1743,1304,0.7481
772,840,0.506409,1598,1230,0.7697
840,772,0.506409,1598,1230,0.7697
772,842,0.683998,1678,1468,0.8749
842,772,0.683998,1678,1468,0.8749
772,845,0.606422,1718,1450,0.844
845,772,0.606422,1718,1450,0.844
772,851,0.40111,1579,1228,0.7777
851,772,0.40111,1579,1228,0.7777
772,857,0.482703,1089,877,0.8053
857,772,0.482703,1089,877,0.8053
772,861,0.315736,1481,1047,0.707
861,772,0.315736,1481,1047,0.707
772,864,0.625691,1559,1324,0.8493
864,772,0.625691,1559,1324,0.8493
772,870,0.459782,1567,1219,0.7779
870,772,0.459782,1567,1219,0.7779
772,874,0.52125,1719,1389,0.808
874,772,0.52125,1719,1389,0.808
772,875,0.555599,1452,1200,0.8264
875,772,0.555599,1452,1200,0.8264
772,881,0.549489,1538,1239,0.8056
881,772,0.549489,1538,1239,0.8056
772,883,0.663833,1745,1513,0.867
883,772,0.663833,1745,1513,0.867
772,884,0.553713,1746,1417,0.8116
884,772,0.553713,1746,1417,0.8116
772,885,0.69971,1693,1490,0.8801
885,772,0.69971,1693,1490,0.8801
772,886,0.613367,1690,1428,0.845
886,772,0.613367,1690,1428,0.845
772,887,0.655411,1707,1496,0.8764
887,772,0.655411,1707,1496,0.8764
772,888,0.51778,1573,1269,0.8067
888,772,0.51778,1573,1269,0.8067
772,889,0.348176,1718,1252,0.7288
889,772,0.348176,1718,1252,0.7288
772,890,0.659148,1657,1420,0.857
890,772,0.659148,1657,1420,0.857
772,891,0.652998,1732,1501,0.8666
891,772,0.652998,1732,1501,0.8666
772,892,0.58753,1173,953,0.8124
892,772,0.58753,1173,953,0.8124
772,893,0.472707,1755,1386,0.7897
893,772,0.472707,1755,1386,0.7897
772,894,0.402415,1816,1391,0.766
894,772,0.402415,1816,1391,0.766
772,895,0.365019,1758,1297,0.7378
895,772,0.365019,1758,1297,0.7378
772,896,0.386736,1712,1272,0.743
896,772,0.386736,1712,1272,0.743
772,897,0.382586,1706,1285,0.7532
897,772,0.382586,1706,1285,0.7532
772,898,0.479747,1512,1122,0.7421
898,772,0.479747,1512,1122,0.7421
772,899,0.175629,1655,1071,0.6471
899,772,0.175629,1655,1071,0.6471
772,900,0.719937,1753,1555,0.8871
900,772,0.719937,1753,1555,0.8871
772,901,0.602108,1530,1256,0.8209
901,772,0.602108,1530,1256,0.8209
772,902,0.629991,1729,1485,0.8589
902,772,0.629991,1729,1485,0.8589
772,903,0.691533,1793,1573,0.8773
903,772,0.691533,1793,1573,0.8773
772,904,0.711438,1686,1494,0.8861
904,772,0.711438,1686,1494,0.8861
772,905,0.679013,1469,1279,0.8707
905,772,0.679013,1469,1279,0.8707
772,906,0.535555,1475,1187,0.8047
906,772,0.535555,1475,1187,0.8047
772,907,0.568936,1784,1484,0.8318
907,772,0.568936,1784,1484,0.8318
772,908,0.377066,1778,1342,0.7548
908,772,0.377066,1778,1342,0.7548
772,909,0.401709,1813,1387,0.765
909,772,0.401709,1813,1387,0.765
772,910,0.358512,1631,1202,0.737
910,772,0.358512,1631,1202,0.737
772,911,0.38019,1705,1270,0.7449
911,772,0.38019,1705,1270,0.7449
772,912,0.368306,1776,1330,0.7489
912,772,0.368306,1776,1330,0.7489
772,913,0.368376,1715,1289,0.7516
913,772,0.368376,1715,1289,0.7516
772,914,0.360248,1727,1271,0.736
914,772,0.360248,1727,1271,0.736
772,915,0.662358,1729,1496,0.8652
915,772,0.662358,1729,1496,0.8652
772,917,0.460258,1567,1215,0.7754
917,772,0.460258,1567,1215,0.7754
772,918,0.684812,1710,1493,0.8731
918,772,0.684812,1710,1493,0.8731
772,919,0.610749,1787,1497,0.8377
919,772,0.610749,1787,1497,0.8377
772,920,0.594762,1730,1458,0.8428
920,772,0.594762,1730,1458,0.8428
772,921,0.480182,1675,1355,0.809
921,772,0.480182,1675,1355,0.809
772,922,0.668599,1705,1479,0.8674
922,772,0.668599,1705,1479,0.8674
772,923,0.458688,1811,1442,0.7962
923,772,0.458688,1811,1442,0.7962
772,924,0.636964,1679,1442,0.8588
924,772,0.636964,1679,1442,0.8588
772,925,0.361514,1778,1356,0.7627
925,772,0.361514,1778,1356,0.7627
772,926,0.505613,1575,1309,0.8311
926,772,0.505613,1575,1309,0.8311
772,927,0.714833,1743,1553,0.891
927,772,0.714833,1743,1553,0.891
772,928,0.65456,1716,1485,0.8654
928,772,0.65456,1716,1485,0.8654
772,929,0.54538,1636,1358,0.8301
929,772,0.54538,1636,1358,0.8301
772,930,0.317094,1777,1261,0.7096
930,772,0.317094,1777,1261,0.7096
772,931,0.388934,1291,960,0.7436
931,772,0.388934,1291,960,0.7436
772,932,0.66156,1767,1527,0.8642
932,772,0.66156,1767,1527,0.8642
772,933,0.348477,1526,1099,0.7202
933,772,0.348477,1526,1099,0.7202
772,934,0.413345,1729,1331,0.7698
934,772,0.413345,1729,1331,0.7698
772,935,0.339214,1707,1207,0.7071
935,772,0.339214,1707,1207,0.7071
772,936,1.0,14,14,1.0
936,772,1.0,14,14,1.0
772,937,0.329752,1760,1277,0.7256
937,772,0.329752,1760,1277,0.7256
772,938,0.56094,142,123,0.8662
938,772,0.56094,142,123,0.8662
772,939,0.671935,1781,1543,0.8664
939,772,0.671935,1781,1543,0.8664
772,940,0.405052,1642,1243,0.757
940,772,0.405052,1642,1243,0.757
772,941,0.508749,1526,1220,0.7995
941,772,0.508749,1526,1220,0.7995
772,942,0.654361,1739,1487,0.8551
942,772,0.654361,1739,1487,0.8551
772,943,0.505829,1576,1217,0.7722
943,772,0.505829,1576,1217,0.7722
772,944,0.612303,1450,1198,0.8262
944,772,0.612303,1450,1198,0.8262
772,945,0.670013,1617,1394,0.8621
945,772,0.670013,1617,1394,0.8621
772,946,0.519785,1576,1236,0.7843
946,772,0.519785,1576,1236,0.7843
772,947,0.5595,1403,1140,0.8125
947,772,0.5595,1403,1140,0.8125
772,948,0.340761,1457,1044,0.7165
948,772,0.340761,1457,1044,0.7165
772,949,0.604276,1704,1425,0.8363
949,772,0.604276,1704,1425,0.8363
772,950,0.672472,1754,1530,0.8723
950,772,0.672472,1754,1530,0.8723
772,951,0.325103,1618,1163,0.7188
951,772,0.325103,1618,1163,0.7188
772,952,0.532819,1703,1384,0.8127
952,772,0.532819,1703,1384,0.8127
772,953,0.494536,1715,1397,0.8146
953,772,0.494536,1715,1397,0.8146
772,954,0.629844,1497,1257,0.8397
954,772,0.629844,1497,1257,0.8397
772,955,0.633703,1622,1372,0.8459
955,772,0.633703,1622,1372,0.8459
772,956,0.622217,1667,1413,0.8476
956,772,0.622217,1667,1413,0.8476
772,957,0.609353,1724,1461,0.8474
957,772,0.609353,1724,1461,0.8474
772,958,0.358919,1696,1267,0.7471
958,772,0.358919,1696,1267,0.7471
772,959,0.376583,1765,1327,0.7518
959,772,0.376583,1765,1327,0.7518
772,960,0.392935,1718,1301,0.7573
960,772,0.392935,1718,1301,0.7573
772,961,0.607684,1698,1435,0.8451
961,772,0.607684,1698,1435,0.8451
772,962,0.470533,1582,1185,0.7491
962,772,0.470533,1582,1185,0.7491
772,963,0.677559,1701,1486,0.8736
963,772,0.677559,1701,1486,0.8736
772,964,0.607927,1614,1348,0.8352
964,772,0.607927,1614,1348,0.8352
772,965,0.558997,1674,1366,0.816
965,772,0.558997,1674,1366,0.816
772,966,0.464478,1574,1164,0.7395
966,772,0.464478,1574,1164,0.7395
772,967,0.613186,1709,1449,0.8479
967,772,0.613186,1709,1449,0.8479
772,969,0.68781,1815,1599,0.881
969,772,0.68781,1815,1599,0.881
772,970,0.546177,1684,1409,0.8367
970,772,0.546177,1684,1409,0.8367
772,971,0.63881,1672,1434,0.8577
971,772,0.63881,1672,1434,0.8577
772,972,0.678721,1644,1433,0.8717
972,772,0.678721,1644,1433,0.8717
772,973,0.42728,1130,816,0.7221
973,772,0.42728,1130,816,0.7221
772,974,0.589842,1604,1343,0.8373
974,772,0.589842,1604,1343,0.8373
772,976,0.583934,1635,1336,0.8171
976,772,0.583934,1635,1336,0.8171
772,977,0.351029,1766,1300,0.7361
977,772,0.351029,1766,1300,0.7361
772,978,0.369735,1635,1221,0.7468
978,772,0.369735,1635,1221,0.7468
772,979,0.677003,52,48,0.9231
979,772,0.677003,52,48,0.9231
774,776,0.444346,1548,1135,0.7332
776,774,0.444346,1548,1135,0.7332
774,777,0.549514,1607,1291,0.8034
777,774,0.549514,1607,1291,0.8034
774,780,0.497624,1527,1178,0.7714
780,774,0.497624,1527,1178,0.7714
774,781,0.51106,1369,1077,0.7867
781,774,0.51106,1369,1077,0.7867
774,782,0.570241,1654,1347,0.8144
782,774,0.570241,1654,1347,0.8144
774,785,0.453243,1148,865,0.7535
785,774,0.453243,1148,865,0.7535
774,787,0.448086,1699,1306,0.7687
787,774,0.448086,1699,1306,0.7687
774,788,0.471233,1492,1150,0.7708
788,774,0.471233,1492,1150,0.7708
774,789,0.408894,1367,1004,0.7345
789,774,0.408894,1367,1004,0.7345
774,790,0.409316,1434,1056,0.7364
790,774,0.409316,1434,1056,0.7364
774,791,0.466967,1499,1164,0.7765
791,774,0.466967,1499,1164,0.7765
774,793,0.478465,1545,1190,0.7702
793,774,0.478465,1545,1190,0.7702
774,796,0.483954,1635,1279,0.7823
796,774,0.483954,1635,1279,0.7823
774,801,0.445535,1517,1154,0.7607
801,774,0.445535,1517,1154,0.7607
774,802,0.510413,1551,1234,0.7956
802,774,0.510413,1551,1234,0.7956
774,806,0.30153,1593,1129,0.7087
806,774,0.30153,1593,1129,0.7087
774,809,0.644473,933,782,0.8382
809,774,0.644473,933,782,0.8382
774,811,0.35969,1472,1047,0.7113
811,774,0.35969,1472,1047,0.7113
774,818,0.465763,1663,1288,0.7745
818,774,0.465763,1663,1288,0.7745
774,819,0.47305,1402,1078,0.7689
819,774,0.47305,1402,1078,0.7689
774,822,0.57472,1627,1340,0.8236
822,774,0.57472,1627,1340,0.8236
774,826,0.360547,1646,1196,0.7266
826,774,0.360547,1646,1196,0.7266
774,828,0.336244,1409,1007,0.7147
828,774,0.336244,1409,1007,0.7147
774,829,0.266674,1523,1056,0.6934
829,774,0.266674,1523,1056,0.6934
774,831,0.102724,1561,960,0.615
831,774,0.102724,1561,960,0.615
774,834,0.106262,1583,982,0.6203
834,774,0.106262,1583,982,0.6203
774,840,0.466188,1423,1063,0.747
840,774,0.466188,1423,1063,0.747
774,842,0.432471,1543,1165,0.755
842,774,0.432471,1543,1165,0.755
774,845,0.43128,1648,1244,0.7549
845,774,0.43128,1648,1244,0.7549
774,851,0.304951,1537,1080,0.7027
851,774,0.304951,1537,1080,0.7027
774,857,0.072239,1095,692,0.632
857,774,0.072239,1095,692,0.632
774,861,0.098671,1470,874,0.5946
861,774,0.098671,1470,874,0.5946
774,864,0.437239,1531,1167,0.7622
864,774,0.437239,1531,1167,0.7622
774,870,0.345343,1459,1036,0.7101
870,774,0.345343,1459,1036,0.7101
774,874,0.433656,1627,1239,0.7615
874,774,0.433656,1627,1239,0.7615
774,875,0.427503,1383,1044,0.7549
875,774,0.427503,1383,1044,0.7549
774,881,0.502988,1463,1147,0.784
881,774,0.502988,1463,1147,0.784
774,883,0.432507,1614,1220,0.7559
883,774,0.432507,1614,1220,0.7559
774,884,0.51861,1697,1342,0.7908
884,774,0.51861,1697,1342,0.7908
774,885,0.449222,1575,1212,0.7695
885,774,0.449222,1575,1212,0.7695
774,886,0.401303,1628,1220,0.7494
886,774,0.401303,1628,1220,0.7494
774,887,0.538034,1634,1316,0.8054
887,774,0.538034,1634,1316,0.8054
774,888,0.341464,1518,1089,0.7174
888,774,0.341464,1518,1089,0.7174
774,889,0.072751,1610,951,0.5907
889,774,0.072751,1610,951,0.5907
774,890,0.419303,1600,1195,0.7469
890,774,0.419303,1600,1195,0.7469
774,891,0.463815,1653,1293,0.7822
891,774,0.463815,1653,1293,0.7822
774,892,0.423233,1134,834,0.7354
892,774,0.423233,1134,834,0.7354
774,893,0.269563,1661,1141,0.6869
893,774,0.269563,1661,1141,0.6869
774,894,0.106946,1737,1076,0.6195
894,774,0.106946,1737,1076,0.6195
774,895,0.088647,1654,987,0.5967
895,774,0.088647,1654,987,0.5967
774,896,0.103449,1574,948,0.6023
896,774,0.103449,1574,948,0.6023
774,897,0.091114,1612,987,0.6123
897,774,0.091114,1612,987,0.6123
774,898,0.444234,1460,1067,0.7308
898,774,0.444234,1460,1067,0.7308
774,899,0.066856,1623,945,0.5823
899,774,0.066856,1623,945,0.5823
774,900,0.492871,1651,1293,0.7832
900,774,0.492871,1651,1293,0.7832
774,901,0.536614,1480,1169,0.7899
901,774,0.536614,1480,1169,0.7899
774,902,0.47499,1684,1316,0.7815
902,774,0.47499,1684,1316,0.7815
774,903,0.504749,1736,1372,0.7903
903,774,0.504749,1736,1372,0.7903
774,904,0.4903,1646,1291,0.7843
904,774,0.4903,1646,1291,0.7843
774,905,0.440623,1355,1030,0.7601
905,774,0.440623,1355,1030,0.7601
774,906,0.303957,1475,1024,0.6942
906,774,0.303957,1475,1024,0.6942
774,907,0.431747,1708,1302,0.7623
907,774,0.431747,1708,1302,0.7623
774,908,0.084867,1652,1016,0.615
908,774,0.084867,1652,1016,0.615
774,909,0.102201,1692,1050,0.6206
909,774,0.102201,1692,1050,0.6206
774,910,0.098811,1566,966,0.6169
910,774,0.098811,1566,966,0.6169
774,911,0.145605,1626,1030,0.6335
911,774,0.145605,1626,1030,0.6335
774,912,0.095169,1651,1023,0.6196
912,774,0.095169,1651,1023,0.6196
774,913,0.11293,1547,964,0.6231
913,774,0.11293,1547,964,0.6231
774,914,0.106259,1564,955,0.6106
914,774,0.106259,1564,955,0.6106
774,915,0.445105,1640,1250,0.7622
915,774,0.445105,1640,1250,0.7622
774,917,0.27104,1503,1036,0.6893
917,774,0.27104,1503,1036,0.6893
774,918,0.487066,1699,1331,0.7834
918,774,0.487066,1699,1331,0.7834
774,919,0.482838,1696,1316,0.7759
919,774,0.482838,1696,1316,0.7759
774,920,0.353595,1644,1200,0.7299
920,774,0.353595,1644,1200,0.7299
774,921,0.313718,1572,1143,0.7271
921,774,0.313718,1572,1143,0.7271
774,922,0.440837,1604,1221,0.7612
922,774,0.440837,1604,1221,0.7612
774,923,0.259847,1717,1191,0.6937
923,774,0.259847,1717,1191,0.6937
774,924,0.430749,1619,1230,0.7597
924,774,0.430749,1619,1230,0.7597
774,925,0.183489,1666,1113,0.6681
925,774,0.183489,1666,1113,0.6681
774,926,0.390633,1529,1140,0.7456
926,774,0.390633,1529,1140,0.7456
774,927,0.524271,1660,1336,0.8048
927,774,0.524271,1660,1336,0.8048
774,928,0.430065,1681,1278,0.7603
928,774,0.430065,1681,1278,0.7603
774,929,0.436551,1526,1157,0.7582
929,774,0.436551,1526,1157,0.7582
774,930,0.210195,1634,1056,0.6463
930,774,0.210195,1634,1056,0.6463
774,931,0.299962,1284,889,0.6924
931,774,0.299962,1284,889,0.6924
774,932,0.451036,1658,1269,0.7654
932,774,0.451036,1658,1269,0.7654
774,933,0.327305,1495,1062,0.7104
933,774,0.327305,1495,1062,0.7104
774,934,0.11265,1648,1032,0.6262
934,774,0.11265,1648,1032,0.6262
774,935,0.103909,1603,952,0.5939
935,774,0.103909,1603,952,0.5939
774,936,-0.433013,13,3,0.2308
936,774,-0.433013,13,3,0.2308
774,937,0.100538,1634,999,0.6114
937,774,0.100538,1634,999,0.6114
774,938,0.208981,245,176,0.7184
938,774,0.208981,245,176,0.7184
774,939,0.511254,1679,1328,0.7909
939,774,0.511254,1679,1328,0.7909
774,940,0.253499,1561,1063,0.681
940,774,0.253499,1561,1063,0.681
774,941,0.427108,1584,1199,0.7569
941,774,0.427108,1584,1199,0.7569
774,942,0.437199,1678,1262,0.7521
942,774,0.437199,1678,1262,0.7521
774,943,0.550817,1535,1204,0.7844
943,774,0.550817,1535,1204,0.7844
774,944,0.563596,1485,1192,0.8027
944,774,0.563596,1485,1192,0.8027
774,945,0.588626,1626,1338,0.8229
945,774,0.588626,1626,1338,0.8229
774,946,0.47954,1591,1211,0.7612
946,774,0.47954,1591,1211,0.7612
774,947,0.599786,1430,1185,0.8287
947,774,0.599786,1430,1185,0.8287
774,948,0.13522,1380,857,0.621
948,774,0.13522,1380,857,0.621
774,949,0.425903,1551,1162,0.7492
949,774,0.425903,1551,1162,0.7492
774,950,0.460611,1643,1276,0.7766
950,774,0.460611,1643,1276,0.7766
774,951,0.070803,1557,918,0.5896
951,774,0.070803,1557,918,0.5896
774,952,0.48696,1579,1232,0.7802
952,774,0.48696,1579,1232,0.7802
774,953,0.314468,1678,1211,0.7217
953,774,0.314468,1678,1211,0.7217
774,954,0.539637,1506,1204,0.7995
954,774,0.539637,1506,1204,0.7995
774,955,0.449446,1526,1151,0.7543
955,774,0.449446,1526,1151,0.7543
774,956,0.594918,1662,1380,0.8303
956,774,0.594918,1662,1380,0.8303
774,957,0.476945,1624,1266,0.7796
957,774,0.476945,1624,1266,0.7796
774,958,0.249576,1488,1017,0.6835
958,774,0.249576,1488,1017,0.6835
774,959,0.106189,1637,1006,0.6145
959,774,0.106189,1637,1006,0.6145
774,960,0.100197,1590,961,0.6044
960,774,0.100197,1590,961,0.6044
774,961,0.467948,1588,1234,0.7771
961,774,0.467948,1588,1234,0.7771
774,962,0.515391,1603,1236,0.7711
962,774,0.515391,1603,1236,0.7711
774,963,0.484455,1563,1220,0.7806
963,774,0.484455,1563,1220,0.7806
774,964,0.48118,1613,1255,0.7781
964,774,0.48118,1613,1255,0.7781
774,965,0.482145,1547,1197,0.7738
965,774,0.482145,1547,1197,0.7738
774,966,0.510957,1578,1205,0.7636
966,774,0.510957,1578,1205,0.7636
774,967,0.47502,1615,1265,0.7833
967,774,0.47502,1615,1265,0.7833
774,969,0.440112,1696,1302,0.7677
969,774,0.440112,1696,1302,0.7677
774,970,0.432014,1526,1163,0.7621
970,774,0.432014,1526,1163,0.7621
774,971,0.413018,1617,1214,0.7508
971,774,0.413018,1617,1214,0.7508
774,972,0.467745,1592,1233,0.7745
972,774,0.467745,1592,1233,0.7745
774,973,0.567251,1141,904,0.7923
973,774,0.567251,1141,904,0.7923
774,974,0.432996,1526,1162,0.7615
974,774,0.432996,1526,1162,0.7615
774,976,0.486334,1550,1195,0.771
976,774,0.486334,1550,1195,0.771
774,977,0.080796,1650,999,0.6055
977,774,0.080796,1650,999,0.6055
774,978,0.0778,1408,848,0.6023
978,774,0.0778,1408,848,0.6023
774,979,-0.027778,60,44,0.7333
979,774,-0.027778,60,44,0.7333
776,777,0.582153,1819,1462,0.8037
777,776,0.582153,1819,1462,0.8037
776,780,0.47449,1651,1234,0.7474
780,776,0.47449,1651,1234,0.7474
776,781,0.629996,1484,1223,0.8241
781,776,0.629996,1484,1223,0.8241
776,782,0.605172,1850,1503,0.8124
782,776,0.605172,1850,1503,0.8124
776,785,0.4105,1124,800,0.7117
785,776,0.4105,1124,800,0.7117
776,787,0.396747,1878,1345,0.7162
787,776,0.396747,1878,1345,0.7162
776,788,0.366583,1597,1105,0.6919
788,776,0.366583,1597,1105,0.6919
776,789,0.355669,1460,1008,0.6904
789,776,0.355669,1460,1008,0.6904
776,790,0.316851,1560,1044,0.6692
790,776,0.316851,1560,1044,0.6692
776,791,0.332127,1672,1128,0.6746
791,776,0.332127,1672,1128,0.6746
776,793,0.393249,1660,1170,0.7048
793,776,0.393249,1660,1170,0.7048
776,796,0.323333,1759,1193,0.6782
796,776,0.323333,1759,1193,0.6782
776,801,0.368695,1689,1188,0.7034
801,776,0.368695,1689,1188,0.7034
776,802,0.339157,1724,1193,0.692
802,776,0.339157,1724,1193,0.692
776,806,0.268596,1766,1168,0.6614
806,776,0.268596,1766,1168,0.6614
776,809,0.434137,1074,775,0.7216
809,776,0.434137,1074,775,0.7216
776,811,0.293889,1586,1073,0.6765
811,776,0.293889,1586,1073,0.6765
776,818,0.449403,1781,1308,0.7344
818,776,0.449403,1781,1308,0.7344
776,819,0.370401,1503,1028,0.684
819,776,0.370401,1503,1028,0.684
776,822,0.605702,1821,1480,0.8127
822,776,0.605702,1821,1480,0.8127
776,826,0.367383,1810,1265,0.6989
826,776,0.367383,1810,1265,0.6989
776,828,0.262652,1569,1037,0.6609
828,776,0.262652,1569,1037,0.6609
776,829,0.230379,1700,1080,0.6353
829,776,0.230379,1700,1080,0.6353
776,831,0.04413,1725,955,0.5536
831,776,0.04413,1725,955,0.5536
776,834,0.01232,1717,922,0.537
834,776,0.01232,1717,922,0.537
776,840,0.54823,1594,1243,0.7798
840,776,0.54823,1594,1243,0.7798
776,842,0.346738,1681,1152,0.6853
842,776,0.346738,1681,1152,0.6853
776,845,0.321282,1766,1203,0.6812
845,776,0.321282,1766,1203,0.6812
776,851,0.209057,1662,1079,0.6492
851,776,0.209057,1662,1079,0.6492
776,857,0.054761,1212,685,0.5652
857,776,0.054761,1212,685,0.5652
776,861,0.142559,1662,988,0.5945
861,776,0.142559,1662,988,0.5945
776,864,0.345775,1613,1114,0.6906
864,776,0.345775,1613,1114,0.6906
776,870,0.314425,1605,1111,0.6922
870,776,0.314425,1605,1111,0.6922
776,874,0.299561,1828,1228,0.6718
874,776,0.299561,1828,1228,0.6718
776,875,0.327519,1542,1059,0.6868
875,776,0.327519,1542,1059,0.6868
776,881,0.555681,1577,1242,0.7876
881,776,0.555681,1577,1242,0.7876
776,883,0.395159,1768,1256,0.7104
883,776,0.395159,1768,1256,0.7104
776,884,0.545715,1866,1463,0.784
884,776,0.545715,1866,1463,0.784
776,885,0.344334,1744,1198,0.6869
885,776,0.344334,1744,1198,0.6869
776,886,0.299254,1774,1179,0.6646
886,776,0.299254,1774,1179,0.6646
776,887,0.40142,1769,1272,0.7191
887,776,0.40142,1769,1272,0.7191
776,888,0.314707,1657,1122,0.6771
888,776,0.314707,1657,1122,0.6771
776,889,0.042513,1776,978,0.5507
889,776,0.042513,1776,978,0.5507
776,890,0.367956,1693,1189,0.7023
890,776,0.367956,1693,1189,0.7023
776,891,0.366089,1835,1282,0.6986
891,776,0.366089,1835,1282,0.6986
776,892,0.343838,1224,808,0.6601
892,776,0.343838,1224,808,0.6601
776,893,0.279782,1835,1221,0.6654
893,776,0.279782,1835,1221,0.6654
776,894,0.058811,1876,1061,0.5656
894,776,0.058811,1876,1061,0.5656
776,895,0.013359,1825,979,0.5364
895,776,0.013359,1825,979,0.5364
776,896,0.040195,1754,954,0.5439
896,776,0.040195,1754,954,0.5439
776,897,0.027862,1759,957,0.5441
897,776,0.027862,1759,957,0.5441
776,898,0.616536,1599,1297,0.8111
898,776,0.616536,1599,1297,0.8111
776,899,0.254671,1726,1127,0.653
899,776,0.254671,1726,1127,0.653
776,900,0.385326,1853,1311,0.7075
900,776,0.385326,1853,1311,0.7075
776,901,0.490196,1694,1280,0.7556
901,776,0.490196,1694,1280,0.7556
776,902,0.365351,1819,1274,0.7004
902,776,0.365351,1819,1274,0.7004
776,903,0.393525,1874,1337,0.7134
903,776,0.393525,1874,1337,0.7134
776,904,0.441904,1766,1294,0.7327
904,776,0.441904,1766,1294,0.7327
776,905,0.382866,1547,1084,0.7007
905,776,0.382866,1547,1084,0.7007
776,906,0.259566,1607,1045,0.6503
906,776,0.259566,1607,1045,0.6503
776,907,0.288363,1848,1236,0.6688
907,776,0.288363,1848,1236,0.6688
776,908,0.018715,1847,1008,0.5457
908,776,0.018715,1847,1008,0.5457
776,909,0.050502,1841,1031,0.56
909,776,0.050502,1841,1031,0.56
776,910,0.034167,1675,921,0.5499
910,776,0.034167,1675,921,0.5499
776,911,0.09518,1774,1020,0.575
911,776,0.09518,1774,1020,0.575
776,912,0.046672,1809,1015,0.5611
912,776,0.046672,1809,1015,0.5611
776,913,0.040318,1727,958,0.5547
913,776,0.040318,1727,958,0.5547
776,914,0.054002,1697,937,0.5522
914,776,0.054002,1697,937,0.5522
776,915,0.353967,1810,1257,0.6945
915,776,0.353967,1810,1257,0.6945
776,917,0.358152,1712,1190,0.6951
917,776,0.358152,1712,1190,0.6951
776,918,0.453704,1863,1380,0.7407
918,776,0.453704,1863,1380,0.7407
776,919,0.473919,1882,1414,0.7513
919,776,0.473919,1882,1414,0.7513
776,920,0.325356,1808,1240,0.6858
920,776,0.325356,1808,1240,0.6858
776,921,0.236582,1722,1107,0.6429
921,776,0.236582,1722,1107,0.6429
776,922,0.365054,1721,1196,0.6949
922,776,0.365054,1721,1196,0.6949
776,923,0.294607,1868,1255,0.6718
923,776,0.294607,1868,1255,0.6718
776,924,0.391632,1778,1267,0.7126
924,776,0.391632,1778,1267,0.7126
776,925,0.205794,1816,1146,0.6311
925,776,0.205794,1816,1146,0.6311
776,926,0.271377,1621,1071,0.6607
926,776,0.271377,1621,1071,0.6607
776,927,0.427761,1816,1318,0.7258
927,776,0.427761,1816,1318,0.7258
776,928,0.380472,1770,1244,0.7028
928,776,0.380472,1770,1244,0.7028
776,929,0.276972,1692,1124,0.6643
929,776,0.276972,1692,1124,0.6643
776,930,0.132104,1783,1050,0.5889
930,776,0.132104,1783,1050,0.5889
776,931,0.205156,1431,898,0.6275
931,776,0.205156,1431,898,0.6275
776,932,0.411009,1808,1300,0.719
932,776,0.411009,1808,1300,0.719
776,933,0.430218,1625,1176,0.7237
933,776,0.430218,1625,1176,0.7237
776,934,0.05585,1805,1016,0.5629
934,776,0.05585,1805,1016,0.5629
776,935,0.06202,1758,970,0.5518
935,776,0.06202,1758,970,0.5518
776,936,-0.377964,8,3,0.375
936,776,-0.377964,8,3,0.375
776,937,0.062421,1780,991,0.5567
937,776,0.062421,1780,991,0.5567
776,938,0.183784,302,206,0.6821
938,776,0.183784,302,206,0.6821
776,939,0.442473,1839,1352,0.7352
939,776,0.442473,1839,1352,0.7352
776,940,0.31568,1727,1182,0.6844
940,776,0.31568,1727,1182,0.6844
776,941,0.36148,1691,1188,0.7025
941,776,0.36148,1691,1188,0.7025
776,942,0.327488,1790,1220,0.6816
942,776,0.327488,1790,1220,0.6816
776,943,0.705702,1745,1505,0.8625
943,776,0.705702,1745,1505,0.8625
776,944,0.621081,1624,1346,0.8288
944,776,0.621081,1624,1346,0.8288
776,945,0.584846,1762,1421,0.8065
945,776,0.584846,1762,1421,0.8065
776,946,0.582641,1721,1382,0.803
946,776,0.582641,1721,1382,0.803
776,947,0.652082,1666,1398,0.8391
947,776,0.652082,1666,1398,0.8391
776,948,0.102886,1533,890,0.5806
948,776,0.102886,1533,890,0.5806
776,949,0.391089,1730,1223,0.7069
949,776,0.391089,1730,1223,0.7069
776,950,0.399329,1837,1320,0.7186
950,776,0.399329,1837,1320,0.7186
776,951,0.000946,1692,896,0.5296
951,776,0.000946,1692,896,0.5296
776,952,0.448807,1739,1279,0.7355
952,776,0.448807,1739,1279,0.7355
776,953,0.289497,1806,1206,0.6678
953,776,0.289497,1806,1206,0.6678
776,954,0.612377,1721,1411,0.8199
954,776,0.612377,1721,1411,0.8199
776,955,0.40366,1699,1214,0.7145
955,776,0.40366,1699,1214,0.7145
776,956,0.61795,1797,1475,0.8208
956,776,0.61795,1797,1475,0.8208
776,957,0.343801,1801,1242,0.6896
957,776,0.343801,1801,1242,0.6896
776,958,0.192099,1679,1041,0.62
958,776,0.192099,1679,1041,0.62
776,959,0.033945,1809,997,0.5511
959,776,0.033945,1809,997,0.5511
776,960,0.026233,1751,946,0.5403
960,776,0.026233,1751,946,0.5403
776,961,0.433072,1762,1293,0.7338
961,776,0.433072,1762,1293,0.7338
776,962,0.816765,1847,1686,0.9128
962,776,0.816765,1847,1686,0.9128
776,963,0.43949,1754,1290,0.7355
963,776,0.43949,1754,1290,0.7355
776,964,0.502298,1735,1333,0.7683
964,776,0.502298,1735,1333,0.7683
776,965,0.578986,1797,1435,0.7986
965,776,0.578986,1797,1435,0.7986
776,966,0.798392,1777,1609,0.9055
966,776,0.798392,1777,1609,0.9055
776,967,0.377521,1773,1248,0.7039
967,776,0.377521,1773,1248,0.7039
776,969,0.380926,1866,1318,0.7063
969,776,0.380926,1866,1318,0.7063
776,970,0.380021,1699,1205,0.7092
970,776,0.380021,1699,1205,0.7092
776,971,0.331437,1728,1178,0.6817
971,776,0.331437,1728,1178,0.6817
776,972,0.463737,1759,1307,0.743
972,776,0.463737,1759,1307,0.743
776,973,0.679836,1251,1050,0.8393
973,776,0.679836,1251,1050,0.8393
776,974,0.344413,1694,1164,0.6871
974,776,0.344413,1694,1164,0.6871
776,976,0.439593,1695,1235,0.7286
976,776,0.439593,1695,1235,0.7286
776,977,0.031685,1794,990,0.5518
977,776,0.031685,1794,990,0.5518
776,978,0.036014,1529,825,0.5396
978,776,0.036014,1529,825,0.5396
776,979,0.110819,53,40,0.7547
979,776,0.110819,53,40,0.7547
777,780,0.660131,1859,1583,0.8515
780,777,0.660131,1859,1583,0.8515
777,781,0.765699,1538,1384,0.8999
781,777,0.765699,1538,1384,0.8999
777,782,0.565001,2048,1668,0.8145
782,777,0.565001,2048,1668,0.8145
777,785,0.617831,1238,1025,0.8279
785,777,0.617831,1238,1025,0.8279
777,787,0.598205,2144,1791,0.8354
787,777,0.598205,2144,1791,0.8354
777,788,0.585572,1828,1505,0.8233
788,777,0.585572,1828,1505,0.8233
777,789,0.380211,1625,1191,0.7329
789,777,0.380211,1625,1191,0.7329
777,790,0.489985,1720,1335,0.7762
790,777,0.489985,1720,1335,0.7762
777,791,0.523031,1939,1553,0.8009
791,777,0.523031,1939,1553,0.8009
777,793,0.578882,1866,1527,0.8183
793,777,0.578882,1866,1527,0.8183
777,796,0.469422,1945,1514,0.7784
796,777,0.469422,1945,1514,0.7784
777,801,0.414749,1845,1398,0.7577
801,777,0.414749,1845,1398,0.7577
777,802,0.513838,1956,1582,0.8088
802,777,0.513838,1956,1582,0.8088
777,806,0.449802,2013,1561,0.7755
806,777,0.449802,2013,1561,0.7755
777,809,0.582484,1107,902,0.8148
809,777,0.582484,1107,902,0.8148
777,811,0.39599,1763,1299,0.7368
811,777,0.39599,1763,1299,0.7368
777,818,0.61498,1919,1607,0.8374
818,777,0.61498,1919,1607,0.8374
777,819,0.569791,1570,1259,0.8019
819,777,0.569791,1570,1259,0.8019
777,822,0.714451,2073,1833,0.8842
822,777,0.714451,2073,1833,0.8842
777,826,0.435696,2028,1552,0.7653
826,777,0.435696,2028,1552,0.7653
777,828,0.398733,1782,1363,0.7649
828,777,0.398733,1782,1363,0.7649
777,829,0.402495,1917,1442,0.7522
829,777,0.402495,1917,1442,0.7522
777,831,0.185634,1934,1273,0.6582
831,777,0.185634,1934,1273,0.6582
777,834,0.192037,1977,1306,0.6606
834,777,0.192037,1977,1306,0.6606
777,840,0.577138,1814,1466,0.8082
840,777,0.577138,1814,1466,0.8082
777,842,0.512442,1884,1491,0.7914
842,777,0.512442,1884,1491,0.7914
777,845,0.46959,1997,1552,0.7772
845,777,0.46959,1997,1552,0.7772
777,851,0.333234,1876,1398,0.7452
851,777,0.333234,1876,1398,0.7452
777,857,0.253387,1403,999,0.712
857,777,0.253387,1403,999,0.712
777,861,0.16123,1761,1106,0.6281
861,777,0.16123,1761,1106,0.6281
777,864,0.517165,1792,1434,0.8002
864,777,0.517165,1792,1434,0.8002
777,870,0.400725,1801,1342,0.7451
870,777,0.400725,1801,1342,0.7451
777,874,0.433824,2003,1524,0.7609
874,777,0.433824,2003,1524,0.7609
777,875,0.402118,1691,1274,0.7534
875,777,0.402118,1691,1274,0.7534
777,881,0.684015,1778,1541,0.8667
881,777,0.684015,1778,1541,0.8667
777,883,0.555178,2035,1660,0.8157
883,777,0.555178,2035,1660,0.8157
777,884,0.717914,2114,1866,0.8827
884,777,0.717914,2114,1866,0.8827
777,885,0.549375,1922,1556,0.8096
885,777,0.549375,1922,1556,0.8096
777,886,0.487387,1967,1546,0.786
886,777,0.487387,1967,1546,0.786
777,887,0.540754,2019,1655,0.8197
887,777,0.540754,2019,1655,0.8197
777,888,0.437488,1792,1364,0.7612
888,777,0.437488,1792,1364,0.7612
777,889,0.164485,2026,1298,0.6407
889,777,0.164485,2026,1298,0.6407
777,890,0.526749,1935,1545,0.7984
890,777,0.526749,1935,1545,0.7984
777,891,0.516949,2079,1671,0.8038
891,777,0.516949,2079,1671,0.8038
777,892,0.606806,1205,982,0.8149
892,777,0.606806,1205,982,0.8149
777,893,0.372623,2046,1508,0.737
893,777,0.372623,2046,1508,0.737
777,894,0.196993,2144,1433,0.6684
894,777,0.196993,2144,1433,0.6684
777,895,0.164536,2055,1315,0.6399
895,777,0.164536,2055,1315,0.6399
777,896,0.182054,1996,1285,0.6438
896,777,0.182054,1996,1285,0.6438
777,897,0.200937,2001,1333,0.6662
897,777,0.200937,2001,1333,0.6662
777,898,0.610843,1761,1438,0.8166
898,777,0.610843,1761,1438,0.8166
777,899,0.158939,1941,1242,0.6399
899,777,0.158939,1941,1242,0.6399
777,900,0.595761,2023,1678,0.8295
900,777,0.595761,2023,1678,0.8295
777,901,0.608474,1801,1486,0.8251
901,777,0.608474,1801,1486,0.8251
777,902,0.488408,2051,1629,0.7942
902,777,0.488408,2051,1629,0.7942
777,903,0.574606,2128,1756,0.8252
903,777,0.574606,2128,1756,0.8252
777,904,0.619691,1951,1639,0.8401
904,777,0.619691,1951,1639,0.8401
777,905,0.563204,1605,1304,0.8125
905,777,0.563204,1605,1304,0.8125
777,906,0.4234,1690,1265,0.7485
906,777,0.4234,1690,1265,0.7485
777,907,0.418905,2057,1565,0.7608
907,777,0.418905,2057,1565,0.7608
777,908,0.181804,2079,1375,0.6614
908,777,0.181804,2079,1375,0.6614
777,909,0.209054,2102,1414,0.6727
909,777,0.209054,2102,1414,0.6727
777,910,0.205059,1919,1290,0.6722
910,777,0.205059,1919,1290,0.6722
777,911,0.240981,2025,1372,0.6775
911,777,0.240981,2025,1372,0.6775
777,912,0.198275,2075,1393,0.6713
912,777,0.198275,2075,1393,0.6713
777,913,0.20099,1974,1329,0.6733
913,777,0.20099,1974,1329,0.6733
777,914,0.179668,1953,1262,0.6462
914,777,0.179668,1953,1262,0.6462
777,915,0.517203,2038,1633,0.8013
915,777,0.517203,2038,1633,0.8013
777,917,0.447455,1902,1457,0.766
917,777,0.447455,1902,1457,0.766
777,918,0.639525,1998,1696,0.8488
918,777,0.639525,1998,1696,0.8488
777,919,0.601088,2105,1756,0.8342
919,777,0.601088,2105,1756,0.8342
777,920,0.49192,2056,1626,0.7909
920,777,0.49192,2056,1626,0.7909
777,921,0.373314,1882,1399,0.7434
921,777,0.373314,1882,1399,0.7434
777,922,0.551994,1970,1604,0.8142
922,777,0.551994,1970,1604,0.8142
777,923,0.372903,2130,1597,0.7498
923,777,0.372903,2130,1597,0.7498
777,924,0.57063,2028,1671,0.824
924,777,0.57063,2028,1671,0.824
777,925,0.278463,2068,1471,0.7113
925,777,0.278463,2068,1471,0.7113
777,926,0.400901,1790,1371,0.7659
926,777,0.400901,1790,1371,0.7659
777,927,0.596686,2026,1691,0.8346
927,777,0.596686,2026,1691,0.8346
777,928,0.547755,1924,1554,0.8077
928,777,0.547755,1924,1554,0.8077
777,929,0.362502,1916,1431,0.7469
929,777,0.362502,1916,1431,0.7469
777,930,0.193591,2037,1314,0.6451
930,777,0.193591,2037,1314,0.6451
777,931,0.258152,1539,1056,0.6862
931,777,0.258152,1539,1056,0.6862
777,932,0.596776,2058,1711,0.8314
932,777,0.596776,2058,1711,0.8314
777,933,0.571214,1712,1390,0.8119
933,777,0.571214,1712,1390,0.8119
777,934,0.202006,2048,1379,0.6733
934,777,0.202006,2048,1379,0.6733
777,935,0.177723,2006,1266,0.6311
935,777,0.177723,2006,1266,0.6311
777,936,-0.377964,8,3,0.375
936,777,-0.377964,8,3,0.375
777,937,0.165431,2033,1307,0.6429
937,777,0.165431,2033,1307,0.6429
777,938,0.101783,294,205,0.6973
938,777,0.101783,294,205,0.6973
777,939,0.569908,2101,1722,0.8196
939,777,0.569908,2101,1722,0.8196
777,940,0.448202,1912,1476,0.772
940,777,0.448202,1912,1476,0.772
777,941,0.498478,1868,1481,0.7928
941,777,0.498478,1868,1481,0.7928
777,942,0.506733,2001,1580,0.7896
942,777,0.506733,2001,1580,0.7896
777,943,0.70091,1990,1720,0.8643
943,777,0.70091,1990,1720,0.8643
777,944,0.678294,1848,1592,0.8615
944,777,0.678294,1848,1592,0.8615
777,945,0.771249,1999,1813,0.907
945,777,0.771249,1999,1813,0.907
777,946,0.598981,1858,1528,0.8224
946,777,0.598981,1858,1528,0.8224
777,947,0.705034,1798,1573,0.8749
947,777,0.705034,1798,1573,0.8749
777,948,0.252978,1648,1119,0.679
948,777,0.252978,1648,1119,0.679
777,949,0.545011,1966,1587,0.8072
949,777,0.545011,1966,1587,0.8072
777,950,0.557169,2041,1673,0.8197
950,777,0.557169,2041,1673,0.8197
777,951,0.200727,1933,1278,0.6611
951,777,0.200727,1933,1278,0.6611
777,952,0.578396,1892,1550,0.8192
952,777,0.578396,1892,1550,0.8192
777,953,0.432534,2021,1553,0.7684
953,777,0.432534,2021,1553,0.7684
777,954,0.735112,1812,1606,0.8863
954,777,0.735112,1812,1606,0.8863
777,955,0.491342,1898,1473,0.7761
955,777,0.491342,1898,1473,0.7761
777,956,0.775266,2066,1876,0.908
956,777,0.775266,2066,1876,0.908
777,957,0.499469,1956,1540,0.7873
957,777,0.499469,1956,1540,0.7873
777,958,0.322406,1916,1377,0.7187
958,777,0.322406,1916,1377,0.7187
777,959,0.181183,2037,1337,0.6564
959,777,0.181183,2037,1337,0.6564
777,960,0.194082,2003,1319,0.6585
960,777,0.194082,2003,1319,0.6585
777,961,0.578603,2001,1652,0.8256
961,777,0.578603,2001,1652,0.8256
777,962,0.661194,1960,1664,0.849
962,777,0.661194,1960,1664,0.849
777,963,0.557667,1976,1610,0.8148
963,777,0.557667,1976,1610,0.8148
777,964,0.67053,1899,1641,0.8641
964,777,0.67053,1899,1641,0.8641
777,965,0.669932,1963,1694,0.863
965,777,0.669932,1963,1694,0.863
777,966,0.622652,1966,1624,0.826
966,777,0.622652,1966,1624,0.826
777,967,0.532665,1993,1607,0.8063
967,777,0.532665,1993,1607,0.8063
777,969,0.533887,2130,1724,0.8094
969,777,0.533887,2130,1724,0.8094
777,970,0.465724,1923,1522,0.7915
970,777,0.465724,1923,1522,0.7915
777,971,0.502402,1998,1590,0.7958
971,777,0.502402,1998,1590,0.7958
777,972,0.612033,1928,1613,0.8366
972,777,0.612033,1928,1613,0.8366
777,973,0.572689,1333,1066,0.7997
973,777,0.572689,1333,1066,0.7997
777,974,0.51174,1836,1460,0.7952
974,777,0.51174,1836,1460,0.7952
777,976,0.556172,1851,1491,0.8055
976,777,0.556172,1851,1491,0.8055
777,977,0.192755,2050,1360,0.6634
977,777,0.192755,2050,1360,0.6634
777,978,0.185453,1794,1168,0.6511
978,777,0.185453,1794,1168,0.6511
777,979,0.212387,53,44,0.8302
979,777,0.212387,53,44,0.8302
780,781,0.741566,1401,1234,0.8808
781,780,0.741566,1401,1234,0.8808
780,782,0.57397,1854,1503,0.8107
782,780,0.57397,1854,1503,0.8107
780,785,0.673675,1174,996,0.8484
785,780,0.673675,1174,996,0.8484
780,787,0.626328,1961,1642,0.8373
787,780,0.626328,1961,1642,0.8373
780,788,0.643101,1706,1433,0.84
788,780,0.643101,1706,1433,0.84
780,789,0.424895,1558,1168,0.7497
789,780,0.424895,1558,1168,0.7497
780,790,0.568784,1568,1262,0.8048
790,780,0.568784,1568,1262,0.8048
780,791,0.581979,1776,1453,0.8181
791,780,0.581979,1776,1453,0.8181
780,793,0.599,1735,1424,0.8207
793,780,0.599,1735,1424,0.8207
780,796,0.541808,1830,1458,0.7967
796,780,0.541808,1830,1458,0.7967
780,801,0.466147,1703,1314,0.7716
801,780,0.466147,1703,1314,0.7716
780,802,0.578591,1786,1470,0.8231
802,780,0.578591,1786,1470,0.8231
780,806,0.472226,1843,1427,0.7743
806,780,0.472226,1843,1427,0.7743
780,809,0.565737,1021,809,0.7924
809,780,0.565737,1021,809,0.7924
780,811,0.411518,1597,1174,0.7351
811,780,0.411518,1597,1174,0.7351
780,818,0.669121,1730,1474,0.852
818,780,0.669121,1730,1474,0.852
780,819,0.59974,1484,1207,0.8133
819,780,0.59974,1484,1207,0.8133
780,822,0.652953,1853,1575,0.85
822,780,0.652953,1853,1575,0.85
780,826,0.482744,1897,1475,0.7775
826,780,0.482744,1897,1475,0.7775
780,828,0.43407,1656,1279,0.7723
828,780,0.43407,1656,1279,0.7723
780,829,0.464368,1794,1372,0.7648
829,780,0.464368,1794,1372,0.7648
780,831,0.262535,1781,1206,0.6771
831,780,0.262535,1781,1206,0.6771
780,834,0.295541,1803,1260,0.6988
834,780,0.295541,1803,1260,0.6988
780,840,0.520687,1656,1289,0.7784
840,780,0.520687,1656,1289,0.7784
780,842,0.618435,1766,1468,0.8313
842,780,0.618435,1766,1468,0.8313
780,845,0.481825,1807,1396,0.7726
845,780,0.481825,1807,1396,0.7726
780,851,0.370198,1789,1323,0.7395
851,780,0.370198,1789,1323,0.7395
780,857,0.348146,1269,931,0.7336
857,780,0.348146,1269,931,0.7336
780,861,0.170795,1665,1035,0.6216
861,780,0.170795,1665,1035,0.6216
780,864,0.571946,1699,1379,0.8117
864,780,0.571946,1699,1379,0.8117
780,870,0.449724,1629,1227,0.7532
870,780,0.449724,1629,1227,0.7532
780,874,0.472016,1836,1406,0.7658
874,780,0.472016,1836,1406,0.7658
780,875,0.452996,1509,1159,0.7681
875,780,0.452996,1509,1159,0.7681
780,881,0.603901,1619,1329,0.8209
881,780,0.603901,1619,1329,0.8209
780,883,0.621082,1879,1565,0.8329
883,780,0.621082,1879,1565,0.8329
780,884,0.713772,1939,1693,0.8731
884,780,0.713772,1939,1693,0.8731
780,885,0.614858,1806,1505,0.8333
885,780,0.614858,1806,1505,0.8333
780,886,0.54705,1799,1439,0.7999
886,780,0.54705,1799,1439,0.7999
780,887,0.589811,1871,1548,0.8274
887,780,0.589811,1871,1548,0.8274
780,888,0.492379,1689,1313,0.7774
888,780,0.492379,1689,1313,0.7774
780,889,0.236187,1859,1231,0.6622
889,780,0.236187,1859,1231,0.6622
780,890,0.554039,1820,1462,0.8033
890,780,0.554039,1820,1462,0.8033
780,891,0.521727,1908,1508,0.7904
891,780,0.521727,1908,1508,0.7904
780,892,0.571902,1182,940,0.7953
892,780,0.571902,1182,940,0.7953
780,893,0.437108,1906,1434,0.7524
893,780,0.437108,1906,1434,0.7524
780,894,0.293964,1985,1383,0.6967
894,780,0.293964,1985,1383,0.6967
780,895,0.265221,1911,1299,0.6797
895,780,0.265221,1911,1299,0.6797
780,896,0.253559,1849,1227,0.6636
896,780,0.253559,1849,1227,0.6636
780,897,0.291049,1879,1304,0.694
897,780,0.291049,1879,1304,0.694
780,898,0.607869,1671,1356,0.8115
898,780,0.607869,1671,1356,0.8115
780,899,0.202227,1838,1184,0.6442
899,780,0.202227,1838,1184,0.6442
780,900,0.658781,1880,1599,0.8505
900,780,0.658781,1880,1599,0.8505
780,901,0.657504,1627,1370,0.842
901,780,0.657504,1627,1370,0.842
780,902,0.529121,1903,1517,0.7972
902,780,0.529121,1903,1517,0.7972
780,903,0.606282,1968,1628,0.8272
903,780,0.606282,1968,1628,0.8272
780,904,0.674613,1778,1519,0.8543
904,780,0.674613,1778,1519,0.8543
780,905,0.595749,1483,1208,0.8146
905,780,0.595749,1483,1208,0.8146
780,906,0.481205,1603,1226,0.7648
906,780,0.481205,1603,1226,0.7648
780,907,0.509263,1901,1491,0.7843
907,780,0.509263,1901,1491,0.7843
780,908,0.250514,1900,1286,0.6768
908,780,0.250514,1900,1286,0.6768
780,909,0.301677,1932,1354,0.7008
909,780,0.301677,1932,1354,0.7008
780,910,0.303435,1796,1273,0.7088
910,780,0.303435,1796,1273,0.7088
780,911,0.296141,1867,1294,0.6931
911,780,0.296141,1867,1294,0.6931
780,912,0.296854,1911,1340,0.7012
912,780,0.296854,1911,1340,0.7012
780,913,0.259108,1810,1235,0.6823
913,780,0.259108,1810,1235,0.6823
780,914,0.273434,1780,1214,0.682
914,780,0.273434,1780,1214,0.682
780,915,0.588705,1895,1554,0.8201
915,780,0.588705,1895,1554,0.8201
780,917,0.441542,1766,1327,0.7514
917,780,0.441542,1766,1327,0.7514
780,918,0.694363,1810,1564,0.8641
918,780,0.694363,1810,1564,0.8641
780,919,0.647297,1919,1619,0.8437
919,780,0.647297,1919,1619,0.8437
780,920,0.539836,1899,1522,0.8015
920,780,0.539836,1899,1522,0.8015
780,921,0.417964,1751,1320,0.7539
921,780,0.417964,1751,1320,0.7539
780,922,0.619872,1799,1497,0.8321
922,780,0.619872,1799,1497,0.8321
780,923,0.373367,1970,1447,0.7345
923,780,0.373367,1970,1447,0.7345
780,924,0.568039,1842,1492,0.81
924,780,0.568039,1842,1492,0.81
780,925,0.335112,1913,1383,0.7229
925,780,0.335112,1913,1383,0.7229
780,926,0.463863,1658,1289,0.7774
926,780,0.463863,1658,1289,0.7774
780,927,0.635506,1862,1573,0.8448
927,780,0.635506,1862,1573,0.8448
780,928,0.625133,1748,1456,0.833
928,780,0.625133,1748,1456,0.833
780,929,0.507768,1776,1405,0.7911
929,780,0.507768,1776,1405,0.7911
780,930,0.283122,1856,1253,0.6751
930,780,0.283122,1856,1253,0.6751
780,931,0.365789,1396,1005,0.7199
931,780,0.365789,1396,1005,0.7199
780,932,0.629826,1891,1579,0.835
932,780,0.629826,1891,1579,0.835
780,933,0.594001,1592,1302,0.8178
933,780,0.594001,1592,1302,0.8178
780,934,0.304555,1909,1344,0.704
934,780,0.304555,1909,1344,0.704
780,935,0.231643,1879,1216,0.6472
935,780,0.231643,1879,1216,0.6472
780,936,-0.438529,14,3,0.2143
936,780,-0.438529,14,3,0.2143
780,937,0.240667,1863,1243,0.6672
937,780,0.240667,1863,1243,0.6672
780,938,0.123758,261,174,0.6667
938,780,0.123758,261,174,0.6667
780,939,0.607481,1918,1585,0.8264
939,780,0.607481,1918,1585,0.8264
780,940,0.45093,1781,1351,0.7586
940,780,0.45093,1781,1351,0.7586
780,941,0.518466,1777,1406,0.7912
941,780,0.518466,1777,1406,0.7912
780,942,0.570764,1850,1499,0.8103
942,780,0.570764,1850,1499,0.8103
780,943,0.576447,1797,1443,0.803
943,780,0.576447,1797,1443,0.803
780,944,0.656564,1679,1415,0.8428
944,780,0.656564,1679,1415,0.8428
780,945,0.775311,1816,1641,0.9036
945,780,0.775311,1816,1641,0.9036
780,946,0.552049,1664,1320,0.7933
946,780,0.552049,1664,1320,0.7933
780,947,0.623874,1632,1357,0.8315
947,780,0.623874,1632,1357,0.8315
780,948,0.312303,1523,1053,0.6914
948,780,0.312303,1523,1053,0.6914
780,949,0.593299,1797,1474,0.8203
949,780,0.593299,1797,1474,0.8203
780,950,0.572845,1885,1537,0.8154
950,780,0.572845,1885,1537,0.8154
780,951,0.249236,1807,1215,0.6724
951,780,0.249236,1807,1215,0.6724
780,952,0.589774,1734,1419,0.8183
952,780,0.589774,1734,1419,0.8183
780,953,0.464734,1882,1443,0.7667
953,780,0.464734,1882,1443,0.7667
780,954,0.708083,1648,1434,0.8701
954,780,0.708083,1648,1434,0.8701
780,955,0.537067,1769,1397,0.7897
955,780,0.537067,1769,1397,0.7897
780,956,0.686496,1860,1610,0.8656
956,780,0.686496,1860,1610,0.8656
780,957,0.498535,1853,1443,0.7787
957,780,0.498535,1853,1443,0.7787
780,958,0.342904,1746,1249,0.7153
958,780,0.342904,1746,1249,0.7153
780,959,0.294472,1918,1341,0.6992
959,780,0.294472,1918,1341,0.6992
780,960,0.246193,1857,1236,0.6656
960,780,0.246193,1857,1236,0.6656
780,961,0.600139,1786,1476,0.8264
961,780,0.600139,1786,1476,0.8264
780,962,0.577288,1792,1440,0.8036
962,780,0.577288,1792,1440,0.8036
780,963,0.575381,1840,1497,0.8136
963,780,0.575381,1840,1497,0.8136
780,964,0.656664,1743,1477,0.8474
964,780,0.656664,1743,1477,0.8474
780,965,0.680624,1813,1561,0.861
965,780,0.680624,1813,1561,0.861
780,966,0.565908,1756,1400,0.7973
966,780,0.565908,1756,1400,0.7973
780,967,0.605953,1805,1500,0.831
967,780,0.605953,1805,1500,0.831
780,969,0.559182,1964,1588,0.8086
969,780,0.559182,1964,1588,0.8086
780,970,0.48542,1766,1391,0.7877
970,780,0.48542,1766,1391,0.7877
780,971,0.59653,1844,1526,0.8275
971,780,0.59653,1844,1526,0.8275
780,972,0.659074,1834,1554,0.8473
972,780,0.659074,1834,1554,0.8473
780,973,0.514707,1230,943,0.7667
973,780,0.514707,1230,943,0.7667
780,974,0.534004,1694,1345,0.794
974,780,0.534004,1694,1345,0.794
780,976,0.578457,1683,1353,0.8039
976,780,0.578457,1683,1353,0.8039
780,977,0.293898,1897,1328,0.7001
977,780,0.293898,1897,1328,0.7001
780,978,0.302351,1649,1145,0.6944
978,780,0.302351,1649,1145,0.6944
780,979,0.421053,44,38,0.8636
979,780,0.421053,44,38,0.8636
781,782,0.640151,1607,1365,0.8494
782,781,0.640151,1607,1365,0.8494
781,785,0.659494,1061,894,0.8426
785,781,0.659494,1061,894,0.8426
781,787,0.663006,1625,1403,0.8634
787,781,0.663006,1625,1403,0.8634
781,788,0.685568,1379,1191,0.8637
788,781,0.685568,1379,1191,0.8637
781,789,0.512406,1269,1001,0.7888
789,781,0.512406,1269,1001,0.7888
781,790,0.571045,1400,1130,0.8071
790,781,0.571045,1400,1130,0.8071
781,791,0.603544,1470,1231,0.8374
791,781,0.603544,1470,1231,0.8374
781,793,0.674331,1401,1199,0.8558
793,781,0.674331,1401,1199,0.8558
781,796,0.611759,1470,1231,0.8374
796,781,0.611759,1470,1231,0.8374
781,801,0.510153,1382,1099,0.7952
801,781,0.510153,1382,1099,0.7952
781,802,0.62992,1459,1248,0.8554
802,781,0.62992,1459,1248,0.8554
781,806,0.528176,1520,1232,0.8105
806,781,0.528176,1520,1232,0.8105
781,809,0.67405,860,731,0.85
809,781,0.67405,860,731,0.85
781,811,0.444641,1388,1051,0.7572
811,781,0.444641,1388,1051,0.7572
781,818,0.757221,1518,1363,0.8979
818,781,0.757221,1518,1363,0.8979
781,819,0.684408,1308,1128,0.8624
819,781,0.684408,1308,1128,0.8624
781,822,0.765479,1571,1424,0.9064
822,781,0.765479,1571,1424,0.9064
781,826,0.528246,1534,1233,0.8038
826,781,0.528246,1534,1233,0.8038
781,828,0.494972,1335,1083,0.8112
828,781,0.494972,1335,1083,0.8112
781,829,0.490789,1481,1182,0.7981
829,781,0.490789,1481,1182,0.7981
781,831,0.246557,1470,996,0.6776
831,781,0.246557,1470,996,0.6776
781,834,0.212105,1499,993,0.6624
834,781,0.212105,1499,993,0.6624
781,840,0.580668,1388,1111,0.8004
840,781,0.580668,1388,1111,0.8004
781,842,0.657663,1437,1229,0.8553
842,781,0.657663,1437,1229,0.8553
781,845,0.577535,1525,1253,0.8216
845,781,0.577535,1525,1253,0.8216
781,851,0.415121,1458,1128,0.7737
851,781,0.415121,1458,1128,0.7737
781,857,0.329525,988,734,0.7429
857,781,0.329525,988,734,0.7429
781,861,0.187698,1437,926,0.6444
861,781,0.187698,1437,926,0.6444
781,864,0.580699,1368,1122,0.8202
864,781,0.580699,1368,1122,0.8202
781,870,0.452355,1384,1063,0.7681
870,781,0.452355,1384,1063,0.7681
781,874,0.498447,1554,1232,0.7928
874,781,0.498447,1554,1232,0.7928
781,875,0.525512,1257,1012,0.8051
875,781,0.525512,1257,1012,0.8051
781,881,0.745243,1466,1304,0.8895
881,781,0.745243,1466,1304,0.8895
781,883,0.689888,1562,1365,0.8739
883,781,0.689888,1562,1365,0.8739
781,884,0.765233,1589,1433,0.9018
884,781,0.765233,1589,1433,0.9018
781,885,0.671748,1447,1247,0.8618
885,781,0.671748,1447,1247,0.8618
781,886,0.58845,1484,1229,0.8282
886,781,0.58845,1484,1229,0.8282
781,887,0.672759,1495,1310,0.8763
887,781,0.672759,1495,1310,0.8763
781,888,0.558061,1380,1120,0.8116
888,781,0.558061,1380,1120,0.8116
781,889,0.203646,1532,1000,0.6527
889,781,0.203646,1532,1000,0.6527
781,890,0.608772,1512,1254,0.8294
890,781,0.608772,1512,1254,0.8294
781,891,0.621415,1567,1332,0.85
891,781,0.621415,1567,1332,0.85
781,892,0.595199,1070,868,0.8112
892,781,0.595199,1070,868,0.8112
781,893,0.49757,1570,1246,0.7936
893,781,0.49757,1570,1246,0.7936
781,894,0.243095,1627,1121,0.689
894,781,0.243095,1627,1121,0.689
781,895,0.213821,1563,1031,0.6596
895,781,0.213821,1563,1031,0.6596
781,896,0.25113,1553,1043,0.6716
896,781,0.25113,1553,1043,0.6716
781,897,0.231766,1487,1003,0.6745
897,781,0.231766,1487,1003,0.6745
781,898,0.671,1371,1146,0.8359
898,781,0.671,1371,1146,0.8359
781,899,0.193292,1543,999,0.6474
899,781,0.193292,1543,999,0.6474
781,900,0.680808,1548,1338,0.8643
900,781,0.680808,1548,1338,0.8643
781,901,0.70341,1398,1211,0.8662
901,781,0.70341,1398,1211,0.8662
781,902,0.57461,1560,1293,0.8288
902,781,0.57461,1560,1293,0.8288
781,903,0.678557,1626,1412,0.8684
903,781,0.678557,1626,1412,0.8684
781,904,0.770359,1497,1353,0.9038
904,781,0.770359,1497,1353,0.9038
781,905,0.640623,1356,1152,0.8496
905,781,0.640623,1356,1152,0.8496
781,906,0.522397,1321,1045,0.7911
906,781,0.522397,1321,1045,0.7911
781,907,0.50846,1609,1290,0.8017
907,781,0.50846,1609,1290,0.8017
781,908,0.203843,1558,1032,0.6624
908,781,0.203843,1558,1032,0.6624
781,909,0.234767,1584,1079,0.6812
909,781,0.234767,1584,1079,0.6812
781,910,0.217329,1482,987,0.666
910,781,0.217329,1482,987,0.666
781,911,0.256383,1542,1046,0.6783
911,781,0.256383,1542,1046,0.6783
781,912,0.227692,1566,1062,0.6782
912,781,0.227692,1566,1062,0.6782
781,913,0.227012,1515,1027,0.6779
913,781,0.227012,1515,1027,0.6779
781,914,0.20688,1530,1007,0.6582
914,781,0.20688,1530,1007,0.6582
781,915,0.649433,1555,1328,0.854
915,781,0.649433,1555,1328,0.854
781,917,0.565462,1432,1179,0.8233
917,781,0.565462,1432,1179,0.8233
781,918,0.770294,1585,1435,0.9054
918,781,0.770294,1585,1435,0.9054
781,919,0.771873,1596,1440,0.9023
919,781,0.771873,1596,1440,0.9023
781,920,0.601788,1559,1311,0.8409
920,781,0.601788,1559,1311,0.8409
781,921,0.406137,1429,1089,0.7621
921,781,0.406137,1429,1089,0.7621
781,922,0.66012,1478,1265,0.8559
922,781,0.66012,1478,1265,0.8559
781,923,0.44456,1627,1270,0.7806
923,781,0.44456,1627,1270,0.7806
781,924,0.693823,1516,1329,0.8766
924,781,0.693823,1516,1329,0.8766
781,925,0.363507,1550,1159,0.7477
925,781,0.363507,1550,1159,0.7477
781,926,0.507301,1375,1121,0.8153
926,781,0.507301,1375,1121,0.8153
781,927,0.705899,1554,1370,0.8816
927,781,0.705899,1554,1370,0.8816
781,928,0.660491,1518,1305,0.8597
928,781,0.660491,1518,1305,0.8597
781,929,0.461088,1439,1123,0.7804
929,781,0.461088,1439,1123,0.7804
781,930,0.283397,1530,1050,0.6863
930,781,0.283397,1530,1050,0.6863
781,931,0.365741,1142,826,0.7233
931,781,0.365741,1142,826,0.7233
781,932,0.686497,1548,1344,0.8682
932,781,0.686497,1548,1344,0.8682
781,933,0.61155,1402,1169,0.8338
933,781,0.61155,1402,1169,0.8338
781,934,0.246808,1548,1063,0.6867
934,781,0.246808,1548,1063,0.6867
781,935,0.199755,1538,977,0.6352
935,781,0.199755,1538,977,0.6352
781,936,-0.377964,8,3,0.375
936,781,-0.377964,8,3,0.375
781,937,0.173099,1517,967,0.6374
937,781,0.173099,1517,967,0.6374
781,938,0.268934,139,103,0.741
938,781,0.268934,139,103,0.741
781,939,0.682959,1582,1367,0.8641
939,781,0.682959,1582,1367,0.8641
781,940,0.489276,1494,1176,0.7871
940,781,0.489276,1494,1176,0.7871
781,941,0.536509,1454,1174,0.8074
941,781,0.536509,1454,1174,0.8074
781,942,0.568737,1517,1226,0.8082
942,781,0.568737,1517,1226,0.8082
781,943,0.697171,1482,1272,0.8583
943,781,0.697171,1482,1272,0.8583
781,944,0.745137,1428,1264,0.8852
944,781,0.745137,1428,1264,0.8852
781,945,0.833098,1555,1445,0.9293
945,781,0.833098,1555,1445,0.9293
781,946,0.633603,1491,1249,0.8377
946,781,0.633603,1491,1249,0.8377
781,947,0.751441,1404,1261,0.8981
947,781,0.751441,1404,1261,0.8981
781,948,0.32447,1303,921,0.7068
948,781,0.32447,1303,921,0.7068
781,949,0.694196,1496,1300,0.869
949,781,0.694196,1496,1300,0.869
781,950,0.653258,1568,1345,0.8578
950,781,0.653258,1568,1345,0.8578
781,951,0.223985,1482,978,0.6599
951,781,0.223985,1482,978,0.6599
781,952,0.623744,1472,1242,0.8438
952,781,0.623744,1472,1242,0.8438
781,953,0.526561,1556,1268,0.8149
953,781,0.526561,1556,1268,0.8149
781,954,0.810203,1534,1411,0.9198
954,781,0.810203,1534,1411,0.9198
781,955,0.660732,1425,1209,0.8484
955,781,0.660732,1425,1209,0.8484
781,956,0.795733,1577,1448,0.9182
956,781,0.795733,1577,1448,0.9182
781,957,0.591789,1531,1272,0.8308
957,781,0.591789,1531,1272,0.8308
781,958,0.357029,1492,1100,0.7373
958,781,0.357029,1492,1100,0.7373
781,959,0.2227,1519,1019,0.6708
959,781,0.2227,1519,1019,0.6708
781,960,0.247075,1489,1011,0.679
960,781,0.247075,1489,1011,0.679
781,961,0.705319,1502,1321,0.8795
961,781,0.705319,1502,1321,0.8795
781,962,0.708518,1568,1350,0.861
962,781,0.708518,1568,1350,0.861
781,963,0.660021,1505,1293,0.8591
963,781,0.660021,1505,1293,0.8591
781,964,0.745663,1508,1344,0.8912
964,781,0.745663,1508,1344,0.8912
781,965,0.803152,1491,1366,0.9162
965,781,0.803152,1491,1366,0.9162
781,966,0.709518,1542,1326,0.8599
966,781,0.709518,1542,1326,0.8599
781,967,0.634811,1518,1290,0.8498
967,781,0.634811,1518,1290,0.8498
781,969,0.648947,1602,1379,0.8608
969,781,0.648947,1602,1379,0.8608
781,970,0.560854,1481,1233,0.8325
970,781,0.560854,1481,1233,0.8325
781,971,0.614396,1511,1273,0.8425
971,781,0.614396,1511,1273,0.8425
781,972,0.788989,1488,1356,0.9113
972,781,0.788989,1488,1356,0.9113
781,973,0.549378,1106,869,0.7857
973,781,0.549378,1106,869,0.7857
781,974,0.599619,1430,1189,0.8315
974,781,0.599619,1430,1189,0.8315
781,976,0.686522,1480,1275,0.8615
976,781,0.686522,1480,1275,0.8615
781,977,0.224678,1586,1068,0.6734
977,781,0.224678,1586,1068,0.6734
781,978,0.217332,1437,960,0.6681
978,781,0.217332,1437,960,0.6681
781,979,0.065653,33,25,0.7576
979,781,0.065653,33,25,0.7576
782,785,0.447319,1199,898,0.749
785,782,0.447319,1199,898,0.749
782,787,0.388931,2151,1613,0.7499
787,782,0.388931,2151,1613,0.7499
782,788,0.348862,1867,1349,0.7225
788,782,0.348862,1867,1349,0.7225
782,789,0.384187,1689,1228,0.7271
789,782,0.384187,1689,1228,0.7271
782,790,0.296219,1737,1195,0.688
790,782,0.296219,1737,1195,0.688
782,791,0.327679,1923,1381,0.7181
791,782,0.327679,1923,1381,0.7181
782,793,0.334175,1860,1325,0.7124
793,782,0.334175,1860,1325,0.7124
782,796,0.343107,1951,1413,0.7242
796,782,0.343107,1951,1413,0.7242
782,801,0.339395,1861,1331,0.7152
801,782,0.339395,1861,1331,0.7152
782,802,0.401505,1942,1454,0.7487
802,782,0.401505,1942,1454,0.7487
782,806,0.246205,2003,1400,0.699
806,782,0.246205,2003,1400,0.699
782,809,0.440623,1104,799,0.7237
809,782,0.440623,1104,799,0.7237
782,811,0.309038,1781,1247,0.7002
811,782,0.309038,1781,1247,0.7002
782,818,0.415461,1939,1461,0.7535
818,782,0.415461,1939,1461,0.7535
782,819,0.390511,1579,1159,0.734
819,782,0.390511,1579,1159,0.734
782,822,0.637656,2071,1764,0.8518
822,782,0.637656,2071,1764,0.8518
782,826,0.318569,2054,1478,0.7196
826,782,0.318569,2054,1478,0.7196
782,828,0.329048,1788,1298,0.726
828,782,0.329048,1788,1298,0.726
782,829,0.213637,1942,1326,0.6828
829,782,0.213637,1942,1326,0.6828
782,831,0.022137,1937,1131,0.5839
831,782,0.022137,1937,1131,0.5839
782,834,0.025524,1997,1176,0.5889
834,782,0.025524,1997,1176,0.5889
782,840,0.384445,1814,1306,0.72
840,782,0.384445,1814,1306,0.72
782,842,0.343555,1890,1363,0.7212
842,782,0.343555,1890,1363,0.7212
782,845,0.352716,2009,1463,0.7282
845,782,0.352716,2009,1463,0.7282
782,851,0.286065,1892,1344,0.7104
851,782,0.286065,1892,1344,0.7104
782,857,-0.060021,1424,828,0.5815
857,782,-0.060021,1424,828,0.5815
782,861,0.066515,1821,1079,0.5925
861,782,0.066515,1821,1079,0.5925
782,864,0.328009,1812,1301,0.718
864,782,0.328009,1812,1301,0.718
782,870,0.220476,1818,1225,0.6738
870,782,0.220476,1818,1225,0.6738
782,874,0.289688,1989,1390,0.6988
874,782,0.289688,1989,1390,0.6988
782,875,0.33322,1720,1222,0.7105
875,782,0.33322,1720,1222,0.7105
782,881,0.567473,1788,1454,0.8132
881,782,0.567473,1788,1454,0.8132
782,883,0.33632,2049,1480,0.7223
883,782,0.33632,2049,1480,0.7223
782,884,0.579073,2128,1746,0.8205
884,782,0.579073,2128,1746,0.8205
782,885,0.364404,1924,1421,0.7386
885,782,0.364404,1924,1421,0.7386
782,886,0.290435,1972,1384,0.7018
886,782,0.290435,1972,1384,0.7018
782,887,0.453152,2040,1575,0.7721
887,782,0.453152,2040,1575,0.7721
782,888,0.303623,1811,1276,0.7046
888,782,0.303623,1811,1276,0.7046
782,889,0.02113,2069,1188,0.5742
889,782,0.02113,2069,1188,0.5742
782,890,0.322953,1963,1396,0.7112
890,782,0.322953,1963,1396,0.7112
782,891,0.390044,2101,1583,0.7535
891,782,0.390044,2101,1583,0.7535
782,892,0.412805,1256,909,0.7237
892,782,0.412805,1256,909,0.7237
782,893,0.236855,2072,1416,0.6834
893,782,0.236855,2072,1416,0.6834
782,894,0.050423,2187,1320,0.6036
894,782,0.050423,2187,1320,0.6036
782,895,0.029271,2072,1214,0.5859
895,782,0.029271,2072,1214,0.5859
782,896,0.019057,2036,1157,0.5683
896,782,0.019057,2036,1157,0.5683
782,897,0.030849,2009,1184,0.5893
897,782,0.030849,2009,1184,0.5893
782,898,0.500271,1772,1349,0.7613
898,782,0.500271,1772,1349,0.7613
782,899,0.099871,1979,1215,0.6139
899,782,0.099871,1979,1215,0.6139
782,900,0.427239,2041,1556,0.7624
900,782,0.427239,2041,1556,0.7624
782,901,0.518038,1797,1413,0.7863
901,782,0.518038,1797,1413,0.7863
782,902,0.368441,2064,1536,0.7442
902,782,0.368441,2064,1536,0.7442
782,903,0.330331,2166,1570,0.7248
903,782,0.330331,2166,1570,0.7248
782,904,0.425282,1964,1496,0.7617
904,782,0.425282,1964,1496,0.7617
782,905,0.381081,1645,1214,0.738
905,782,0.381081,1645,1214,0.738
782,906,0.263676,1686,1146,0.6797
906,782,0.263676,1686,1146,0.6797
782,907,0.333757,2085,1508,0.7233
907,782,0.333757,2085,1508,0.7233
782,908,0.019856,2090,1232,0.5895
908,782,0.019856,2090,1232,0.5895
782,909,0.041289,2139,1285,0.6007
909,782,0.041289,2139,1285,0.6007
782,910,0.060183,1914,1167,0.6097
910,782,0.060183,1914,1167,0.6097
782,911,0.069609,2027,1220,0.6019
911,782,0.069609,2027,1220,0.6019
782,912,0.039102,2089,1258,0.6022
912,782,0.039102,2089,1258,0.6022
782,913,0.042501,1983,1195,0.6026
913,782,0.042501,1983,1195,0.6026
782,914,0.02529,1976,1142,0.5779
914,782,0.02529,1976,1142,0.5779
782,915,0.334466,2063,1489,0.7218
915,782,0.334466,2063,1489,0.7218
782,917,0.308537,1968,1388,0.7053
917,782,0.308537,1968,1388,0.7053
782,918,0.421388,2044,1546,0.7564
918,782,0.421388,2044,1546,0.7564
782,919,0.423529,2114,1595,0.7545
919,782,0.423529,2114,1595,0.7545
782,920,0.290904,2049,1463,0.714
920,782,0.290904,2049,1463,0.714
782,921,0.208226,1900,1295,0.6816
921,782,0.208226,1900,1295,0.6816
782,922,0.335575,1981,1432,0.7229
922,782,0.335575,1981,1432,0.7229
782,923,0.214777,2166,1483,0.6847
923,782,0.214777,2166,1483,0.6847
782,924,0.356957,2048,1505,0.7349
924,782,0.356957,2048,1505,0.7349
782,925,0.150378,2080,1376,0.6615
925,782,0.150378,2080,1376,0.6615
782,926,0.318817,1817,1303,0.7171
926,782,0.318817,1817,1303,0.7171
782,927,0.416238,2056,1568,0.7626
927,782,0.416238,2056,1568,0.7626
782,928,0.357922,1973,1439,0.7293
928,782,0.357922,1973,1439,0.7293
782,929,0.340622,1928,1383,0.7173
929,782,0.340622,1928,1383,0.7173
782,930,0.16725,2072,1306,0.6303
930,782,0.16725,2072,1306,0.6303
782,931,0.246226,1558,1034,0.6637
931,782,0.246226,1558,1034,0.6637
782,932,0.371539,2078,1529,0.7358
932,782,0.371539,2078,1529,0.7358
782,933,0.468054,1765,1358,0.7694
933,782,0.468054,1765,1358,0.7694
782,934,0.051962,2068,1254,0.6064
934,782,0.051962,2068,1254,0.6064
782,935,0.0202,2028,1130,0.5572
935,782,0.0202,2028,1130,0.5572
782,936,-0.377964,8,3,0.375
936,782,-0.377964,8,3,0.375
782,937,-0.005506,2054,1166,0.5677
937,782,-0.005506,2054,1166,0.5677
782,938,0.096166,308,206,0.6688
938,782,0.096166,308,206,0.6688
782,939,0.386932,2119,1570,0.7409
939,782,0.386932,2119,1570,0.7409
782,940,0.27652,1938,1365,0.7043
940,782,0.27652,1938,1365,0.7043
782,941,0.358571,1878,1390,0.7401
941,782,0.358571,1878,1390,0.7401
782,942,0.284767,2027,1401,0.6912
942,782,0.284767,2027,1401,0.6912
782,943,0.589711,1983,1611,0.8124
943,782,0.589711,1983,1611,0.8124
782,944,0.54269,1831,1465,0.8001
944,782,0.54269,1831,1465,0.8001
782,945,0.587404,1996,1661,0.8322
945,782,0.587404,1996,1661,0.8322
782,946,0.484546,1866,1432,0.7674
946,782,0.484546,1866,1432,0.7674
782,947,0.67745,1839,1597,0.8684
947,782,0.67745,1839,1597,0.8684
782,948,0.109281,1636,1012,0.6186
948,782,0.109281,1636,1012,0.6186
782,949,0.356923,1954,1416,0.7247
949,782,0.356923,1954,1416,0.7247
782,950,0.403319,2055,1558,0.7582
950,782,0.403319,2055,1558,0.7582
782,951,0.019028,1933,1119,0.5789
951,782,0.019028,1933,1119,0.5789
782,952,0.417352,1932,1446,0.7484
952,782,0.417352,1932,1446,0.7484
782,953,0.278996,2050,1466,0.7151
953,782,0.278996,2050,1466,0.7151
782,954,0.624347,1836,1546,0.842
954,782,0.624347,1836,1546,0.842
782,955,0.340898,1910,1351,0.7073
955,782,0.340898,1910,1351,0.7073
782,956,0.64312,2089,1786,0.855
956,782,0.64312,2089,1786,0.855
782,957,0.397309,1973,1486,0.7532
957,782,0.397309,1973,1486,0.7532
782,958,0.147128,1919,1231,0.6415
958,782,0.147128,1919,1231,0.6415
782,959,0.047149,2064,1246,0.6037
959,782,0.047149,2064,1246,0.6037
782,960,0.030696,1998,1163,0.5821
960,782,0.030696,1998,1163,0.5821
782,961,0.396839,2004,1506,0.7515
961,782,0.396839,2004,1506,0.7515
782,962,0.625321,1982,1645,0.83
962,782,0.625321,1982,1645,0.83
782,963,0.421832,2004,1524,0.7605
963,782,0.421832,2004,1524,0.7605
782,964,0.539275,1893,1532,0.8093
964,782,0.539275,1893,1532,0.8093
782,965,0.573807,1994,1636,0.8205
965,782,0.573807,1994,1636,0.8205
782,966,0.614857,1983,1630,0.822
966,782,0.614857,1983,1630,0.822
782,967,0.371883,2024,1503,0.7426
967,782,0.371883,2024,1503,0.7426
782,969,0.366921,2161,1606,0.7432
969,782,0.366921,2161,1606,0.7432
782,970,0.401106,1948,1465,0.7521
970,782,0.401106,1948,1465,0.7521
782,971,0.32138,1991,1434,0.7202
971,782,0.32138,1991,1434,0.7202
782,972,0.457382,1947,1512,0.7766
972,782,0.457382,1947,1512,0.7766
782,973,0.591404,1335,1079,0.8082
973,782,0.591404,1335,1079,0.8082
782,974,0.327402,1820,1307,0.7181
974,782,0.327402,1820,1307,0.7181
782,976,0.416688,1881,1391,0.7395
976,782,0.416688,1881,1391,0.7395
782,977,0.032885,2092,1241,0.5932
977,782,0.032885,2092,1241,0.5932
782,978,0.03846,1800,1061,0.5894
978,782,0.03846,1800,1061,0.5894
782,979,0.161067,66,58,0.8788
979,782,0.161067,66,58,0.8788
785,787,0.565227,1288,1040,0.8075
787,785,0.565227,1288,1040,0.8075
785,788,0.650433,1204,1018,0.8455
788,785,0.650433,1204,1018,0.8455
785,789,0.485547,992,764,0.7702
789,785,0.485547,992,764,0.7702
785,790,0.532725,1159,908,0.7834
790,785,0.532725,1159,908,0.7834
785,791,0.573784,1228,997,0.8119
791,785,0.573784,1228,997,0.8119
785,793,0.601464,1188,972,0.8182
793,785,0.601464,1188,972,0.8182
785,796,0.5383,1249,998,0.799
796,785,0.5383,1249,998,0.799
785,801,0.465872,1146,878,0.7661
801,785,0.465872,1146,878,0.7661
785,802,0.537312,1159,937,0.8085
802,785,0.537312,1159,937,0.8085
785,806,0.470985,1229,945,0.7689
806,785,0.470985,1229,945,0.7689
785,809,0.553683,817,655,0.8017
809,785,0.553683,817,655,0.8017
785,811,0.390047,1074,760,0.7076
811,785,0.390047,1074,760,0.7076
785,818,0.618227,1268,1053,0.8304
818,785,0.618227,1268,1053,0.8304
785,819,0.661202,1085,915,0.8433
819,785,0.661202,1085,915,0.8433
785,822,0.602674,1245,1026,0.8241
822,785,0.602674,1245,1026,0.8241
785,826,0.440553,1223,918,0.7506
826,785,0.440553,1223,918,0.7506
785,828,0.431966,1076,824,0.7658
828,785,0.431966,1076,824,0.7658
785,829,0.50174,1158,907,0.7832
829,785,0.50174,1158,907,0.7832
785,831,0.266413,1201,811,0.6753
831,785,0.266413,1201,811,0.6753
785,834,0.298655,1208,844,0.6987
834,785,0.298655,1208,844,0.6987
785,840,0.508282,1189,902,0.7586
840,785,0.508282,1189,902,0.7586
785,842,0.578217,1198,972,0.8114
842,785,0.578217,1198,972,0.8114
785,845,0.524842,1245,981,0.788
845,785,0.524842,1245,981,0.788
785,851,0.389158,1146,855,0.7461
851,785,0.389158,1146,855,0.7461
785,857,0.310804,725,509,0.7021
857,785,0.310804,725,509,0.7021
785,861,0.19336,1080,673,0.6231
861,785,0.19336,1080,673,0.6231
785,864,0.556792,1227,986,0.8036
864,785,0.556792,1227,986,0.8036
785,870,0.469053,1089,826,0.7585
870,785,0.469053,1089,826,0.7585
785,874,0.419223,1249,925,0.7406
874,785,0.419223,1249,925,0.7406
785,875,0.490682,1018,796,0.7819
875,785,0.490682,1018,796,0.7819
785,881,0.559054,1193,959,0.8039
881,785,0.559054,1193,959,0.8039
785,883,0.565263,1249,1008,0.807
883,785,0.565263,1249,1008,0.807
785,884,0.622703,1266,1051,0.8302
884,785,0.622703,1266,1051,0.8302
785,885,0.611752,1171,967,0.8258
885,785,0.611752,1171,967,0.8258
785,886,0.494773,1214,941,0.7751
886,785,0.494773,1214,941,0.7751
785,887,0.579619,1164,962,0.8265
887,785,0.579619,1164,962,0.8265
785,888,0.463973,1209,922,0.7626
888,785,0.463973,1209,922,0.7626
785,889,0.270233,1257,845,0.6722
889,785,0.270233,1257,845,0.6722
785,890,0.561641,1245,1000,0.8032
890,785,0.561641,1245,1000,0.8032
785,891,0.517689,1265,996,0.7874
891,785,0.517689,1265,996,0.7874
785,892,0.560301,922,732,0.7939
892,785,0.560301,922,732,0.7939
785,893,0.471457,1227,940,0.7661
893,785,0.471457,1227,940,0.7661
785,894,0.294144,1304,899,0.6894
894,785,0.294144,1304,899,0.6894
785,895,0.289941,1227,834,0.6797
895,785,0.289941,1227,834,0.6797
785,896,0.254819,1229,811,0.6599
896,785,0.254819,1229,811,0.6599
785,897,0.311118,1204,844,0.701
897,785,0.311118,1204,844,0.701
785,898,0.544799,1153,894,0.7754
898,785,0.544799,1153,894,0.7754
785,899,0.129692,1224,720,0.5882
899,785,0.129692,1224,720,0.5882
785,900,0.65307,1246,1054,0.8459
900,785,0.65307,1246,1054,0.8459
785,901,0.574029,1169,940,0.8041
901,785,0.574029,1169,940,0.8041
785,902,0.572207,1237,1004,0.8116
902,785,0.572207,1237,1004,0.8116
785,903,0.593042,1304,1068,0.819
903,785,0.593042,1304,1068,0.819
785,904,0.639073,1241,1041,0.8388
904,785,0.639073,1241,1041,0.8388
785,905,0.601671,1066,876,0.8218
905,785,0.601671,1066,876,0.8218
785,906,0.509257,1115,867,0.7776
906,785,0.509257,1115,867,0.7776
785,907,0.455634,1291,982,0.7607
907,785,0.455634,1291,982,0.7607
785,908,0.271699,1247,855,0.6856
908,785,0.271699,1247,855,0.6856
785,909,0.293265,1281,883,0.6893
909,785,0.293265,1281,883,0.6893
785,910,0.322499,1174,826,0.7036
910,785,0.322499,1174,826,0.7036
785,911,0.287189,1246,850,0.6822
911,785,0.287189,1246,850,0.6822
785,912,0.261685,1275,864,0.6776
912,785,0.261685,1275,864,0.6776
785,913,0.267299,1222,832,0.6809
913,785,0.267299,1222,832,0.6809
785,914,0.282145,1201,817,0.6803
914,785,0.282145,1201,817,0.6803
785,915,0.541567,1253,997,0.7957
915,785,0.541567,1253,997,0.7957
785,917,0.468059,1080,825,0.7639
917,785,0.468059,1080,825,0.7639
785,918,0.62627,1255,1047,0.8343
918,785,0.62627,1255,1047,0.8343
785,919,0.623334,1284,1067,0.831
919,785,0.623334,1284,1067,0.831
785,920,0.527444,1251,992,0.793
920,785,0.527444,1251,992,0.793
785,921,0.406296,1200,891,0.7425
921,785,0.406296,1200,891,0.7425
785,922,0.582487,1235,1006,0.8146
922,785,0.582487,1235,1006,0.8146
785,923,0.398608,1269,935,0.7368
923,785,0.398608,1269,935,0.7368
785,924,0.591446,1177,961,0.8165
924,785,0.591446,1177,961,0.8165
785,925,0.319407,1262,892,0.7068
925,785,0.319407,1262,892,0.7068
785,926,0.472029,1115,873,0.783
926,785,0.472029,1115,873,0.783
785,927,0.593784,1249,1024,0.8199
927,785,0.593784,1249,1024,0.8199
785,928,0.529446,1255,992,0.7904
928,785,0.529446,1255,992,0.7904
785,929,0.511061,1177,932,0.7918
929,785,0.511061,1177,932,0.7918
785,930,0.272303,1245,822,0.6602
930,785,0.272303,1245,822,0.6602
785,931,0.410144,886,651,0.7348
931,785,0.410144,886,651,0.7348
785,932,0.583511,1281,1043,0.8142
932,785,0.583511,1281,1043,0.8142
785,933,0.552222,1124,899,0.7998
933,785,0.552222,1124,899,0.7998
785,934,0.304338,1242,865,0.6965
934,785,0.304338,1242,865,0.6965
785,935,0.246026,1215,786,0.6469
935,785,0.246026,1215,786,0.6469
785,936,-0.531085,14,2,0.1429
936,785,-0.531085,14,2,0.1429
785,937,0.233705,1230,802,0.652
937,785,0.233705,1230,802,0.652
785,938,0.261266,98,68,0.6939
938,785,0.261266,98,68,0.6939
785,939,0.603431,1250,1026,0.8208
939,785,0.603431,1250,1026,0.8208
785,940,0.432308,1190,894,0.7513
940,785,0.432308,1190,894,0.7513
785,941,0.528948,1165,922,0.7914
941,785,0.528948,1165,922,0.7914
785,942,0.546101,1258,999,0.7941
942,785,0.546101,1258,999,0.7941
785,943,0.56167,1165,914,0.7845
943,785,0.56167,1165,914,0.7845
785,944,0.620698,1120,920,0.8214
944,785,0.620698,1120,920,0.8214
785,945,0.651241,1221,1028,0.8419
945,785,0.651241,1221,1028,0.8419
785,946,0.513006,1229,953,0.7754
946,785,0.513006,1229,953,0.7754
785,947,0.552478,1078,861,0.7987
947,785,0.552478,1078,861,0.7987
785,948,0.320054,1159,805,0.6946
948,785,0.320054,1159,805,0.6946
785,949,0.601565,1215,997,0.8206
949,785,0.601565,1215,997,0.8206
785,950,0.55815,1242,999,0.8043
950,785,0.55815,1242,999,0.8043
785,951,0.263745,1221,819,0.6708
951,785,0.263745,1221,819,0.6708
785,952,0.55103,1201,960,0.7993
952,785,0.55103,1201,960,0.7993
785,953,0.47092,1259,966,0.7673
953,785,0.47092,1259,966,0.7673
785,954,0.629314,1125,935,0.8311
954,785,0.629314,1125,935,0.8311
785,955,0.534826,1220,957,0.7844
955,785,0.534826,1220,957,0.7844
785,956,0.625738,1237,1032,0.8343
956,785,0.625738,1237,1032,0.8343
785,957,0.566401,1228,993,0.8086
957,785,0.566401,1228,993,0.8086
785,958,0.381569,1197,877,0.7327
958,785,0.381569,1197,877,0.7327
785,959,0.297461,1233,854,0.6926
959,785,0.297461,1233,854,0.6926
785,960,0.300132,1213,835,0.6884
960,785,0.300132,1213,835,0.6884
785,961,0.587548,1221,997,0.8165
961,785,0.587548,1221,997,0.8165
785,962,0.520023,1161,892,0.7683
962,785,0.520023,1161,892,0.7683
785,963,0.568292,1211,975,0.8051
963,785,0.568292,1211,975,0.8051
785,964,0.621492,1230,1023,0.8317
964,785,0.621492,1230,1023,0.8317
785,965,0.65882,1182,1004,0.8494
965,785,0.65882,1182,1004,0.8494
785,966,0.467773,1213,886,0.7304
966,785,0.467773,1213,886,0.7304
785,967,0.518466,1224,963,0.7868
967,785,0.518466,1224,963,0.7868
785,969,0.532075,1273,1008,0.7918
969,785,0.532075,1273,1008,0.7918
785,970,0.452757,1156,893,0.7725
970,785,0.452757,1156,893,0.7725
785,971,0.570901,1201,971,0.8085
971,785,0.570901,1201,971,0.8085
785,972,0.609774,1230,1016,0.826
972,785,0.609774,1230,1016,0.826
785,973,0.359989,1010,694,0.6871
973,785,0.359989,1010,694,0.6871
785,974,0.550411,1245,997,0.8008
974,785,0.550411,1245,997,0.8008
785,976,0.61096,1228,1012,0.8241
976,785,0.61096,1228,1012,0.8241
785,977,0.299664,1259,874,0.6942
977,785,0.299664,1259,874,0.6942
785,978,0.282767,1148,782,0.6812
978,785,0.282767,1148,782,0.6812
785,979,-1.0,38,28,0.7368
979,785,-1.0,38,28,0.7368
787,788,0.733343,2027,1823,0.8994
788,787,0.733343,2027,1823,0.8994
787,789,0.425931,1814,1396,0.7696
789,787,0.425931,1814,1396,0.7696
787,790,0.625613,1878,1590,0.8466
790,787,0.625613,1878,1590,0.8466
787,791,0.609886,2106,1808,0.8585
791,787,0.609886,2106,1808,0.8585
787,793,0.724196,2017,1794,0.8894
793,787,0.724196,2017,1794,0.8894
787,796,0.555388,2169,1814,0.8363
796,787,0.555388,2169,1814,0.8363
787,801,0.484161,2039,1643,0.8058
801,787,0.484161,2039,1643,0.8058
787,802,0.630238,2146,1874,0.8733
802,787,0.630238,2146,1874,0.8733
787,806,0.602159,2152,1843,0.8564
806,787,0.602159,2152,1843,0.8564
787,809,0.60745,1252,1057,0.8442
809,787,0.60745,1252,1057,0.8442
787,811,0.487707,1937,1532,0.7909
811,787,0.487707,1937,1532,0.7909
787,818,0.676564,2124,1868,0.8795
818,787,0.676564,2124,1868,0.8795
787,819,0.659683,1726,1488,0.8621
819,787,0.659683,1726,1488,0.8621
787,822,0.541648,2151,1780,0.8275
822,787,0.541648,2151,1780,0.8275
787,826,0.501365,2261,1849,0.8178
826,787,0.501365,2261,1849,0.8178
787,828,0.518673,1994,1682,0.8435
828,787,0.518673,1994,1682,0.8435
787,829,0.51712,2112,1750,0.8286
829,787,0.51712,2112,1750,0.8286
787,831,0.323229,2116,1562,0.7382
831,787,0.323229,2116,1562,0.7382
787,834,0.325459,2181,1620,0.7428
834,787,0.325459,2181,1620,0.7428
787,840,0.520801,1962,1545,0.7875
840,787,0.520801,1962,1545,0.7875
787,842,0.609292,2097,1791,0.8541
842,787,0.609292,2097,1791,0.8541
787,845,0.534104,2187,1793,0.8198
845,787,0.534104,2187,1793,0.8198
787,851,0.430285,2130,1707,0.8014
851,787,0.430285,2130,1707,0.8014
787,857,0.438625,1590,1280,0.805
857,787,0.438625,1590,1280,0.805
787,861,0.296578,1970,1411,0.7162
861,787,0.296578,1970,1411,0.7162
787,864,0.566453,1978,1649,0.8337
864,787,0.566453,1978,1649,0.8337
787,870,0.509263,1973,1597,0.8094
870,787,0.509263,1973,1597,0.8094
787,874,0.497818,2186,1763,0.8065
874,787,0.497818,2186,1763,0.8065
787,875,0.471641,1839,1483,0.8064
875,787,0.471641,1839,1483,0.8064
787,881,0.527813,1833,1475,0.8047
881,787,0.527813,1833,1475,0.8047
787,883,0.651845,2249,1962,0.8724
883,787,0.651845,2249,1962,0.8724
787,884,0.599234,2237,1884,0.8422
884,787,0.599234,2237,1884,0.8422
787,885,0.678918,2097,1846,0.8803
885,787,0.678918,2097,1846,0.8803
787,886,0.608924,2203,1888,0.857
886,787,0.608924,2203,1888,0.857
787,887,0.619439,2220,1943,0.8752
887,787,0.619439,2220,1943,0.8752
787,888,0.537527,1973,1625,0.8236
888,787,0.537527,1973,1625,0.8236
787,889,0.312255,2216,1598,0.7211
889,787,0.312255,2216,1598,0.7211
787,890,0.566985,2137,1763,0.825
890,787,0.566985,2137,1763,0.825
787,891,0.588344,2264,1946,0.8595
891,787,0.588344,2264,1946,0.8595
787,892,0.560373,1330,1070,0.8045
892,787,0.560373,1330,1070,0.8045
787,893,0.477946,2286,1837,0.8036
893,787,0.477946,2286,1837,0.8036
787,894,0.361478,2407,1844,0.7661
894,787,0.361478,2407,1844,0.7661
787,895,0.33215,2275,1678,0.7376
895,787,0.33215,2275,1678,0.7376
787,896,0.33306,2209,1618,0.7325
896,787,0.33306,2209,1618,0.7325
787,897,0.361414,2186,1664,0.7612
897,787,0.361414,2186,1664,0.7612
787,898,0.524168,1948,1510,0.7752
898,787,0.524168,1948,1510,0.7752
787,899,0.234414,2170,1503,0.6926
899,787,0.234414,2170,1503,0.6926
787,900,0.677064,2239,1966,0.8781
900,787,0.677064,2239,1966,0.8781
787,901,0.582225,1884,1537,0.8158
901,787,0.582225,1884,1537,0.8158
787,902,0.592942,2243,1923,0.8573
902,787,0.592942,2243,1923,0.8573
787,903,0.685272,2388,2119,0.8874
903,787,0.685272,2388,2119,0.8874
787,904,0.723321,2124,1909,0.8988
904,787,0.723321,2124,1909,0.8988
787,905,0.61046,1791,1516,0.8465
905,787,0.61046,1791,1516,0.8465
787,906,0.534984,1809,1461,0.8076
906,787,0.534984,1809,1461,0.8076
787,907,0.526193,2307,1912,0.8288
907,787,0.526193,2307,1912,0.8288
787,908,0.3345,2270,1705,0.7511
908,787,0.3345,2270,1705,0.7511
787,909,0.37511,2352,1809,0.7691
909,787,0.37511,2352,1809,0.7691
787,910,0.340715,2075,1550,0.747
910,787,0.340715,2075,1550,0.747
787,911,0.370026,2195,1652,0.7526
911,787,0.370026,2195,1652,0.7526
787,912,0.344944,2298,1737,0.7559
912,787,0.344944,2298,1737,0.7559
787,913,0.350626,2170,1646,0.7585
913,787,0.350626,2170,1646,0.7585
787,914,0.326416,2159,1584,0.7337
914,787,0.326416,2159,1584,0.7337
787,915,0.606916,2248,1919,0.8536
915,787,0.606916,2248,1919,0.8536
787,917,0.478941,2132,1685,0.7903
917,787,0.478941,2132,1685,0.7903
787,918,0.696545,2227,1979,0.8886
918,787,0.696545,2227,1979,0.8886
787,919,0.641742,2314,1992,0.8608
919,787,0.641742,2314,1992,0.8608
787,920,0.629629,2255,1956,0.8674
920,787,0.629629,2255,1956,0.8674
787,921,0.496609,2056,1696,0.8249
921,787,0.496609,2056,1696,0.8249
787,922,0.653703,2197,1915,0.8716
922,787,0.653703,2197,1915,0.8716
787,923,0.447084,2368,1909,0.8062
923,787,0.447084,2368,1909,0.8062
787,924,0.658865,2257,1990,0.8817
924,787,0.658865,2257,1990,0.8817
787,925,0.383558,2276,1791,0.7869
925,787,0.383558,2276,1791,0.7869
787,926,0.51133,2011,1696,0.8434
926,787,0.51133,2011,1696,0.8434
787,927,0.702957,2224,1989,0.8943
927,787,0.702957,2224,1989,0.8943
787,928,0.65115,2147,1874,0.8728
928,787,0.65115,2147,1874,0.8728
787,929,0.435232,2106,1670,0.793
929,787,0.435232,2106,1670,0.793
787,930,0.317038,2272,1628,0.7165
930,787,0.317038,2272,1628,0.7165
787,931,0.394663,1630,1231,0.7552
931,787,0.394663,1630,1231,0.7552
787,932,0.671519,2290,2012,0.8786
932,787,0.671519,2290,2012,0.8786
787,933,0.461395,1828,1417,0.7752
933,787,0.461395,1828,1417,0.7752
787,934,0.374219,2246,1732,0.7711
934,787,0.374219,2246,1732,0.7711
787,935,0.291028,2191,1527,0.6969
935,787,0.291028,2191,1527,0.6969
787,936,-0.333333,10,4,0.4
936,787,-0.333333,10,4,0.4
787,937,0.318067,2250,1649,0.7329
937,787,0.318067,2250,1649,0.7329
787,938,0.239801,319,234,0.7335
938,787,0.239801,319,234,0.7335
787,939,0.652643,2314,2006,0.8669
939,787,0.652643,2314,2006,0.8669
787,940,0.490882,2104,1686,0.8013
940,787,0.490882,2104,1686,0.8013
787,941,0.588133,1997,1681,0.8418
941,787,0.588133,1997,1681,0.8418
787,942,0.548557,2231,1829,0.8198
942,787,0.548557,2231,1829,0.8198
787,943,0.515709,2097,1632,0.7783
943,787,0.515709,2097,1632,0.7783
787,944,0.61495,1954,1634,0.8362
944,787,0.61495,1954,1634,0.8362
787,945,0.703003,2080,1837,0.8832
945,787,0.703003,2080,1837,0.8832
787,946,0.52223,2012,1588,0.7893
946,787,0.52223,2012,1588,0.7893
787,947,0.528218,1864,1516,0.8133
947,787,0.528218,1864,1516,0.8133
787,948,0.348613,1799,1321,0.7343
948,787,0.348613,1799,1321,0.7343
787,949,0.628176,2150,1835,0.8535
949,787,0.628176,2150,1835,0.8535
787,950,0.589791,2205,1871,0.8485
950,787,0.589791,2205,1871,0.8485
787,951,0.33124,2109,1549,0.7345
951,787,0.33124,2109,1549,0.7345
787,952,0.512411,2120,1718,0.8104
952,787,0.512411,2120,1718,0.8104
787,953,0.526054,2240,1871,0.8353
953,787,0.526054,2240,1871,0.8353
787,954,0.597149,1883,1569,0.8332
954,787,0.597149,1883,1569,0.8332
787,955,0.568205,2087,1709,0.8189
955,787,0.568205,2087,1709,0.8189
787,956,0.607824,2146,1831,0.8532
956,787,0.607824,2146,1831,0.8532
787,957,0.540318,2172,1795,0.8264
957,787,0.540318,2172,1795,0.8264
787,958,0.431382,2058,1619,0.7867
958,787,0.431382,2058,1619,0.7867
787,959,0.352348,2282,1724,0.7555
959,787,0.352348,2282,1724,0.7555
787,960,0.3495,2187,1632,0.7462
960,787,0.3495,2187,1632,0.7462
787,961,0.632883,2169,1879,0.8663
961,787,0.632883,2169,1879,0.8663
787,962,0.505783,2032,1583,0.779
962,787,0.505783,2032,1583,0.779
787,963,0.574932,2174,1837,0.845
963,787,0.574932,2174,1837,0.845
787,964,0.635718,2049,1757,0.8575
964,787,0.635718,2049,1757,0.8575
787,965,0.582253,2171,1817,0.8369
965,787,0.582253,2171,1817,0.8369
787,966,0.501507,2023,1557,0.7696
966,787,0.501507,2023,1557,0.7696
787,967,0.631319,2149,1861,0.866
967,787,0.631319,2149,1861,0.866
787,969,0.600726,2355,2032,0.8628
969,787,0.600726,2355,2032,0.8628
787,970,0.550879,2139,1818,0.8499
970,787,0.550879,2139,1818,0.8499
787,971,0.613379,2149,1849,0.8604
971,787,0.613379,2149,1849,0.8604
787,972,0.712472,2113,1891,0.8949
972,787,0.712472,2113,1891,0.8949
787,973,0.40192,1365,985,0.7216
973,787,0.40192,1365,985,0.7216
787,974,0.623295,1969,1690,0.8583
974,787,0.623295,1969,1690,0.8583
787,976,0.567656,2040,1664,0.8157
976,787,0.567656,2040,1664,0.8157
787,977,0.33793,2316,1740,0.7513
977,787,0.33793,2316,1740,0.7513
787,978,0.35693,2003,1518,0.7579
978,787,0.35693,2003,1518,0.7579
787,979,0.397299,66,60,0.9091
979,787,0.397299,66,60,0.9091
788,789,0.470158,1583,1237,0.7814
789,788,0.470158,1583,1237,0.7814
788,790,0.599727,1736,1449,0.8347
790,788,0.599727,1736,1449,0.8347
788,791,0.679146,1823,1606,0.881
791,788,0.679146,1823,1606,0.881
788,793,0.704849,1832,1609,0.8783
793,788,0.704849,1832,1609,0.8783
788,796,0.607331,1900,1611,0.8479
796,788,0.607331,1900,1611,0.8479
788,801,0.53249,1780,1455,0.8174
801,788,0.53249,1780,1455,0.8174
788,802,0.675805,1828,1616,0.884
802,788,0.675805,1828,1616,0.884
788,806,0.584436,1884,1586,0.8418
806,788,0.584436,1884,1586,0.8418
788,809,0.743563,1039,929,0.8941
809,788,0.743563,1039,929,0.8941
788,811,0.443054,1685,1282,0.7608
811,788,0.443054,1685,1282,0.7608
788,818,0.684436,1819,1589,0.8736
818,788,0.684436,1819,1589,0.8736
788,819,0.696808,1577,1376,0.8725
819,788,0.696808,1577,1376,0.8725
788,822,0.532799,1861,1516,0.8146
822,788,0.532799,1861,1516,0.8146
788,826,0.522084,1948,1584,0.8131
826,788,0.522084,1948,1584,0.8131
788,828,0.506103,1697,1404,0.8273
828,788,0.506103,1697,1404,0.8273
788,829,0.504979,1831,1483,0.8099
829,788,0.504979,1831,1483,0.8099
788,831,0.326212,1896,1387,0.7315
831,788,0.326212,1896,1387,0.7315
788,834,0.341686,1916,1420,0.7411
834,788,0.341686,1916,1420,0.7411
788,840,0.57,1708,1362,0.7974
840,788,0.57,1708,1362,0.7974
788,842,0.63969,1860,1596,0.8581
842,788,0.63969,1860,1596,0.8581
788,845,0.547714,1923,1572,0.8175
845,788,0.547714,1923,1572,0.8175
788,851,0.417426,1781,1394,0.7827
851,788,0.417426,1781,1394,0.7827
788,857,0.39116,1316,1029,0.7819
857,788,0.39116,1316,1029,0.7819
788,861,0.300273,1667,1181,0.7085
861,788,0.300273,1667,1181,0.7085
788,864,0.628662,1747,1488,0.8517
864,788,0.628662,1747,1488,0.8517
788,870,0.528267,1711,1384,0.8089
870,788,0.528267,1711,1384,0.8089
788,874,0.479117,1861,1466,0.7877
874,788,0.479117,1861,1466,0.7877
788,875,0.466276,1597,1272,0.7965
875,788,0.466276,1597,1272,0.7965
788,881,0.503884,1634,1284,0.7858
881,788,0.503884,1634,1284,0.7858
788,883,0.663756,1896,1643,0.8666
883,788,0.663756,1896,1643,0.8666
788,884,0.56758,1908,1570,0.8229
884,788,0.56758,1908,1570,0.8229
788,885,0.688683,1812,1588,0.8764
885,788,0.688683,1812,1588,0.8764
788,886,0.635004,1865,1598,0.8568
886,788,0.635004,1865,1598,0.8568
788,887,0.652885,1872,1641,0.8766
887,788,0.652885,1872,1641,0.8766
788,888,0.57911,1701,1420,0.8348
888,788,0.57911,1701,1420,0.8348
788,889,0.308952,1899,1359,0.7156
889,788,0.308952,1899,1359,0.7156
788,890,0.570651,1834,1504,0.8201
890,788,0.570651,1834,1504,0.8201
788,891,0.59233,1953,1658,0.849
891,788,0.59233,1953,1658,0.849
788,892,0.594371,1216,992,0.8158
892,788,0.594371,1216,992,0.8158
788,893,0.462964,1956,1540,0.7873
893,788,0.462964,1956,1540,0.7873
788,894,0.375651,2058,1568,0.7619
894,788,0.375651,2058,1568,0.7619
788,895,0.320202,1942,1411,0.7266
895,788,0.320202,1942,1411,0.7266
788,896,0.328977,1917,1385,0.7225
896,788,0.328977,1917,1385,0.7225
788,897,0.372292,1870,1413,0.7556
897,788,0.372292,1870,1413,0.7556
788,898,0.494384,1718,1301,0.7573
898,788,0.494384,1718,1301,0.7573
788,899,0.19738,1844,1209,0.6556
899,788,0.19738,1844,1209,0.6556
788,900,0.705566,1913,1688,0.8824
900,788,0.705566,1913,1688,0.8824
788,901,0.57501,1620,1307,0.8068
901,788,0.57501,1620,1307,0.8068
788,902,0.596414,1927,1635,0.8485
902,788,0.596414,1927,1635,0.8485
788,903,0.710173,2062,1835,0.8899
903,788,0.710173,2062,1835,0.8899
788,904,0.728598,1848,1652,0.8939
904,788,0.728598,1848,1652,0.8939
788,905,0.596581,1522,1264,0.8305
905,788,0.596581,1522,1264,0.8305
788,906,0.523537,1567,1249,0.7971
906,788,0.523537,1567,1249,0.7971
788,907,0.543663,1965,1622,0.8254
907,788,0.543663,1965,1622,0.8254
788,908,0.333318,1964,1458,0.7424
908,788,0.333318,1964,1458,0.7424
788,909,0.384416,2026,1549,0.7646
909,788,0.384416,2026,1549,0.7646
788,910,0.352031,1783,1322,0.7414
910,788,0.352031,1783,1322,0.7414
788,911,0.37741,1920,1441,0.7505
911,788,0.37741,1920,1441,0.7505
788,912,0.370156,1962,1489,0.7589
912,788,0.370156,1962,1489,0.7589
788,913,0.371341,1861,1413,0.7593
913,788,0.371341,1861,1413,0.7593
788,914,0.326159,1935,1403,0.7251
914,788,0.326159,1935,1403,0.7251
788,915,0.643214,1938,1667,0.8602
915,788,0.643214,1938,1667,0.8602
788,917,0.45404,1798,1388,0.772
917,788,0.45404,1798,1388,0.772
788,918,0.683296,1897,1660,0.8751
918,788,0.683296,1897,1660,0.8751
788,919,0.611077,1991,1677,0.8423
919,788,0.611077,1991,1677,0.8423
788,920,0.636574,1951,1683,0.8626
920,788,0.636574,1951,1683,0.8626
788,921,0.467108,1781,1428,0.8018
921,788,0.467108,1781,1428,0.8018
788,922,0.694343,1916,1690,0.882
922,788,0.694343,1916,1690,0.882
788,923,0.456592,2002,1597,0.7977
923,788,0.456592,2002,1597,0.7977
788,924,0.67407,1910,1672,0.8754
924,788,0.67407,1910,1672,0.8754
788,925,0.361966,1976,1509,0.7637
925,788,0.361966,1976,1509,0.7637
788,926,0.503954,1698,1401,0.8251
926,788,0.503954,1698,1401,0.8251
788,927,0.715209,1933,1722,0.8908
927,788,0.715209,1933,1722,0.8908
788,928,0.641112,1884,1619,0.8593
928,788,0.641112,1884,1619,0.8593
788,929,0.431314,1794,1403,0.7821
929,788,0.431314,1794,1403,0.7821
788,930,0.290595,1953,1357,0.6948
930,788,0.290595,1953,1357,0.6948
788,931,0.349108,1387,1007,0.726
931,788,0.349108,1387,1007,0.726
788,932,0.690578,1967,1727,0.878
932,788,0.690578,1967,1727,0.878
788,933,0.410509,1645,1228,0.7465
933,788,0.410509,1645,1228,0.7465
788,934,0.369904,1960,1485,0.7577
934,788,0.369904,1960,1485,0.7577
788,935,0.282476,1933,1328,0.687
935,788,0.282476,1933,1328,0.687
788,936,-0.377964,8,3,0.375
936,788,-0.377964,8,3,0.375
788,937,0.297914,1932,1387,0.7179
937,788,0.297914,1932,1387,0.7179
788,938,0.333376,175,130,0.7429
938,788,0.333376,175,130,0.7429
788,939,0.664346,1992,1724,0.8655
939,788,0.664346,1992,1724,0.8655
788,940,0.454452,1799,1400,0.7782
940,788,0.454452,1799,1400,0.7782
788,941,0.570094,1765,1459,0.8266
941,788,0.570094,1765,1459,0.8266
788,942,0.592419,1909,1589,0.8324
942,788,0.592419,1909,1589,0.8324
788,943,0.496807,1783,1363,0.7644
943,788,0.496807,1783,1363,0.7644
788,944,0.592098,1654,1354,0.8186
944,788,0.592098,1654,1354,0.8186
788,945,0.689207,1762,1536,0.8717
945,788,0.689207,1762,1536,0.8717
788,946,0.476504,1725,1315,0.7623
946,788,0.476504,1725,1315,0.7623
788,947,0.501052,1560,1228,0.7872
947,788,0.501052,1560,1228,0.7872
788,948,0.407073,1505,1137,0.7555
948,788,0.407073,1505,1137,0.7555
788,949,0.619195,1845,1556,0.8434
949,788,0.619195,1845,1556,0.8434
788,950,0.605245,1911,1615,0.8451
950,788,0.605245,1911,1615,0.8451
788,951,0.351277,1851,1369,0.7396
951,788,0.351277,1851,1369,0.7396
788,952,0.544965,1823,1483,0.8135
952,788,0.544965,1823,1483,0.8135
788,953,0.529534,1940,1602,0.8258
953,788,0.529534,1940,1602,0.8258
788,954,0.592259,1580,1298,0.8215
954,788,0.592259,1580,1298,0.8215
788,955,0.593151,1781,1468,0.8243
955,788,0.593151,1781,1468,0.8243
788,956,0.593618,1862,1562,0.8389
956,788,0.593618,1862,1562,0.8389
788,957,0.555955,1898,1564,0.824
957,788,0.555955,1898,1564,0.824
788,958,0.418132,1807,1399,0.7742
958,788,0.418132,1807,1399,0.7742
788,959,0.349767,1937,1447,0.747
959,788,0.349767,1937,1447,0.747
788,960,0.334473,1920,1407,0.7328
960,788,0.334473,1920,1407,0.7328
788,961,0.646439,1886,1627,0.8627
961,788,0.646439,1886,1627,0.8627
788,962,0.471792,1743,1314,0.7539
962,788,0.471792,1743,1314,0.7539
788,963,0.597695,1891,1596,0.844
963,788,0.597695,1891,1596,0.844
788,964,0.623876,1763,1492,0.8463
964,788,0.623876,1763,1492,0.8463
788,965,0.566613,1843,1513,0.8209
965,788,0.566613,1843,1513,0.8209
788,966,0.459698,1727,1284,0.7435
966,788,0.459698,1727,1284,0.7435
788,967,0.644697,1891,1632,0.863
967,788,0.644697,1891,1632,0.863
788,969,0.621188,1993,1712,0.859
969,788,0.621188,1993,1712,0.859
788,970,0.545911,1851,1549,0.8368
970,788,0.545911,1851,1549,0.8368
788,971,0.629438,1853,1589,0.8575
971,788,0.629438,1853,1589,0.8575
788,972,0.707758,1845,1633,0.8851
972,788,0.707758,1845,1633,0.8851
788,973,0.404353,1163,829,0.7128
973,788,0.404353,1163,829,0.7128
788,974,0.649422,1753,1510,0.8614
974,788,0.649422,1753,1510,0.8614
788,976,0.577918,1783,1456,0.8166
976,788,0.577918,1783,1456,0.8166
788,977,0.448585,1981,1557,0.786
977,788,0.448585,1981,1557,0.786
788,978,0.329805,1830,1351,0.7383
978,788,0.329805,1830,1351,0.7383
788,979,0.208403,61,55,0.9016
979,788,0.208403,61,55,0.9016
789,790,0.410208,1467,1090,0.743
790,789,0.410208,1467,1090,0.743
789,791,0.462816,1675,1310,0.7821
791,789,0.462816,1675,1310,0.7821
789,793,0.470921,1572,1223,0.778
793,789,0.470921,1572,1223,0.778
789,796,0.434032,1675,1284,0.7666
796,789,0.434032,1675,1284,0.7666
789,801,0.373307,1667,1220,0.7319
801,789,0.373307,1667,1220,0.7319
789,802,0.433969,1700,1310,0.7706
802,789,0.433969,1700,1310,0.7706
789,806,0.316823,1666,1211,0.7269
806,789,0.316823,1666,1211,0.7269
789,809,0.508337,1041,806,0.7743
809,789,0.508337,1041,806,0.7743
789,811,0.31989,1538,1085,0.7055
811,789,0.31989,1538,1085,0.7055
789,818,0.479421,1665,1307,0.785
818,789,0.479421,1665,1307,0.785
789,819,0.469899,1398,1085,0.7761
819,789,0.469899,1398,1085,0.7761
789,822,0.403528,1671,1254,0.7504
822,789,0.403528,1671,1254,0.7504
789,826,0.347079,1768,1294,0.7319
826,789,0.347079,1768,1294,0.7319
789,828,0.342067,1642,1211,0.7375
828,789,0.342067,1642,1211,0.7375
789,829,0.319586,1609,1175,0.7303
829,789,0.319586,1609,1175,0.7303
789,831,0.160823,1612,1047,0.6495
831,789,0.160823,1612,1047,0.6495
789,834,0.124938,1674,1068,0.638
834,789,0.124938,1674,1068,0.638
789,840,0.415995,1487,1089,0.7323
840,789,0.415995,1487,1089,0.7323
789,842,0.39496,1691,1269,0.7504
842,789,0.39496,1691,1269,0.7504
789,845,0.372972,1659,1215,0.7324
845,789,0.372972,1659,1215,0.7324
789,851,0.282413,1694,1191,0.7031
851,789,0.282413,1694,1191,0.7031
789,857,0.089238,1133,745,0.6575
857,789,0.089238,1133,745,0.6575
789,861,0.137312,1551,977,0.6299
861,789,0.137312,1551,977,0.6299
789,864,0.402854,1515,1141,0.7531
864,789,0.402854,1515,1141,0.7531
789,870,0.301056,1513,1069,0.7065
870,789,0.301056,1513,1069,0.7065
789,874,0.329255,1661,1192,0.7176
874,789,0.329255,1661,1192,0.7176
789,875,0.387008,1542,1136,0.7367
875,789,0.387008,1542,1136,0.7367
789,881,0.403447,1380,1018,0.7377
881,789,0.403447,1380,1018,0.7377
789,883,0.41613,1704,1290,0.757
883,789,0.41613,1704,1290,0.757
789,884,0.413944,1736,1299,0.7483
884,789,0.413944,1736,1299,0.7483
789,885,0.406822,1640,1241,0.7567
885,789,0.406822,1640,1241,0.7567
789,886,0.391227,1690,1266,0.7491
886,789,0.391227,1690,1266,0.7491
789,887,0.504686,1802,1441,0.7997
887,789,0.504686,1802,1441,0.7997
789,888,0.406415,1649,1243,0.7538
888,789,0.406415,1649,1243,0.7538
789,889,0.143186,1698,1076,0.6337
889,789,0.143186,1698,1076,0.6337
789,890,0.393069,1640,1216,0.7415
890,789,0.393069,1640,1216,0.7415
789,891,0.410719,1762,1347,0.7645
891,789,0.410719,1762,1347,0.7645
789,892,0.471041,1136,864,0.7606
892,789,0.471041,1136,864,0.7606
789,893,0.302037,1787,1275,0.7135
893,789,0.302037,1787,1275,0.7135
789,894,0.131665,1875,1223,0.6523
894,789,0.131665,1875,1223,0.6523
789,895,0.139676,1815,1166,0.6424
895,789,0.139676,1815,1166,0.6424
789,896,0.117736,1726,1074,0.6222
896,789,0.117736,1726,1074,0.6222
789,897,0.167552,1678,1107,0.6597
897,789,0.167552,1678,1107,0.6597
789,898,0.389009,1585,1128,0.7117
898,789,0.389009,1585,1128,0.7117
789,899,0.111262,1648,1020,0.6189
899,789,0.111262,1648,1020,0.6189
789,900,0.465569,1754,1368,0.7799
900,789,0.465569,1754,1368,0.7799
789,901,0.423637,1497,1114,0.7442
901,789,0.423637,1497,1114,0.7442
789,902,0.421361,1735,1334,0.7689
902,789,0.421361,1735,1334,0.7689
789,903,0.4015,1870,1417,0.7578
903,789,0.4015,1870,1417,0.7578
789,904,0.471127,1752,1377,0.786
904,789,0.471127,1752,1377,0.786
789,905,0.419742,1358,1017,0.7489
905,789,0.419742,1358,1017,0.7489
789,906,0.349094,1423,1034,0.7266
906,789,0.349094,1423,1034,0.7266
789,907,0.439238,1840,1419,0.7712
907,789,0.439238,1840,1419,0.7712
789,908,0.12741,1754,1128,0.6431
908,789,0.12741,1754,1128,0.6431
789,909,0.148938,1817,1194,0.6571
909,789,0.148938,1817,1194,0.6571
789,910,0.13195,1618,1040,0.6428
910,789,0.13195,1618,1040,0.6428
789,911,0.167868,1685,1098,0.6516
911,789,0.167868,1685,1098,0.6516
789,912,0.170711,1747,1164,0.6663
912,789,0.170711,1747,1164,0.6663
789,913,0.146478,1718,1119,0.6513
913,789,0.146478,1718,1119,0.6513
789,914,0.122217,1683,1063,0.6316
914,789,0.122217,1683,1063,0.6316
789,915,0.422608,1739,1325,0.7619
915,789,0.422608,1739,1325,0.7619
789,917,0.265223,1649,1153,0.6992
917,789,0.265223,1649,1153,0.6992
789,918,0.462316,1718,1335,0.7771
918,789,0.462316,1718,1335,0.7771
789,919,0.444692,1759,1351,0.7681
919,789,0.444692,1759,1351,0.7681
789,920,0.365504,1775,1320,0.7437
920,789,0.365504,1775,1320,0.7437
789,921,0.272856,1612,1143,0.7091
921,789,0.272856,1612,1143,0.7091
789,922,0.429925,1676,1284,0.7661
922,789,0.429925,1676,1284,0.7661
789,923,0.299095,1832,1321,0.7211
923,789,0.299095,1832,1321,0.7211
789,924,0.458763,1714,1345,0.7847
924,789,0.458763,1714,1345,0.7847
789,925,0.203282,1769,1220,0.6897
925,789,0.203282,1769,1220,0.6897
789,926,0.410171,1701,1300,0.7643
926,789,0.410171,1701,1300,0.7643
789,927,0.472734,1728,1361,0.7876
927,789,0.472734,1728,1361,0.7876
789,928,0.439643,1692,1306,0.7719
928,789,0.439643,1692,1306,0.7719
789,929,0.397434,1743,1302,0.747
929,789,0.397434,1743,1302,0.747
789,930,0.277517,1773,1221,0.6887
930,789,0.277517,1773,1221,0.6887
789,931,0.317412,1314,918,0.6986
931,789,0.317412,1314,918,0.6986
789,932,0.44399,1732,1335,0.7708
932,789,0.44399,1732,1335,0.7708
789,933,0.296468,1489,1037,0.6964
933,789,0.296468,1489,1037,0.6964
789,934,0.158687,1786,1185,0.6635
934,789,0.158687,1786,1185,0.6635
789,935,0.09377,1739,1042,0.5992
935,789,0.09377,1739,1042,0.5992
789,936,-0.158114,13,9,0.6923
936,789,-0.158114,13,9,0.6923
789,937,0.109198,1757,1099,0.6255
937,789,0.109198,1757,1099,0.6255
789,938,0.159668,275,183,0.6655
938,789,0.159668,275,183,0.6655
789,939,0.458909,1779,1376,0.7735
939,789,0.458909,1779,1376,0.7735
789,940,0.268233,1593,1116,0.7006
940,789,0.268233,1593,1116,0.7006
789,941,0.328223,1527,1104,0.723
941,789,0.328223,1527,1104,0.723
789,942,0.380622,1763,1298,0.7362
942,789,0.380622,1763,1298,0.7362
789,943,0.366394,1634,1151,0.7044
943,789,0.366394,1634,1151,0.7044
789,944,0.420844,1464,1085,0.7411
944,789,0.420844,1464,1085,0.7411
789,945,0.459547,1616,1247,0.7717
945,789,0.459547,1616,1247,0.7717
789,946,0.391685,1607,1165,0.725
946,789,0.391685,1607,1165,0.725
789,947,0.432331,1430,1079,0.7545
947,789,0.432331,1430,1079,0.7545
789,948,0.224918,1401,951,0.6788
948,789,0.224918,1401,951,0.6788
789,949,0.396532,1722,1285,0.7462
949,789,0.396532,1722,1285,0.7462
789,950,0.415636,1704,1295,0.76
950,789,0.415636,1704,1295,0.76
789,951,0.111284,1667,1049,0.6293
951,789,0.111284,1667,1049,0.6293
789,952,0.413735,1652,1240,0.7506
952,789,0.413735,1652,1240,0.7506
789,953,0.321459,1779,1303,0.7324
953,789,0.321459,1779,1303,0.7324
789,954,0.469371,1442,1110,0.7698
954,789,0.469371,1442,1110,0.7698
789,955,0.464585,1651,1274,0.7717
955,789,0.464585,1651,1274,0.7717
789,956,0.431993,1650,1254,0.76
956,789,0.431993,1650,1254,0.76
789,957,0.486161,1720,1350,0.7849
957,789,0.486161,1720,1350,0.7849
789,958,0.249589,1595,1098,0.6884
958,789,0.249589,1595,1098,0.6884
789,959,0.149299,1779,1162,0.6532
959,789,0.149299,1779,1162,0.6532
789,960,0.154661,1707,1101,0.645
960,789,0.154661,1707,1101,0.645
789,961,0.448482,1663,1291,0.7763
961,789,0.448482,1663,1291,0.7763
789,962,0.369351,1558,1102,0.7073
962,789,0.369351,1558,1102,0.7073
789,963,0.430739,1673,1282,0.7663
963,789,0.430739,1673,1282,0.7663
789,964,0.398841,1577,1178,0.747
964,789,0.398841,1577,1178,0.747
789,965,0.447499,1706,1303,0.7638
965,789,0.447499,1706,1303,0.7638
789,966,0.387483,1534,1101,0.7177
966,789,0.387483,1534,1101,0.7177
789,967,0.442208,1687,1306,0.7742
967,789,0.442208,1687,1306,0.7742
789,969,0.433264,1807,1395,0.772
969,789,0.433264,1807,1395,0.772
789,970,0.445687,1768,1372,0.776
970,789,0.445687,1768,1372,0.776
789,971,0.436291,1723,1328,0.7707
971,789,0.436291,1723,1328,0.7707
789,972,0.491815,1676,1325,0.7906
972,789,0.491815,1676,1325,0.7906
789,973,0.415171,1093,785,0.7182
973,789,0.415171,1093,785,0.7182
789,974,0.453992,1544,1196,0.7746
974,789,0.453992,1544,1196,0.7746
789,976,0.487973,1573,1222,0.7769
976,789,0.487973,1573,1222,0.7769
789,977,0.152043,1800,1183,0.6572
977,789,0.152043,1800,1183,0.6572
789,978,0.138054,1545,1001,0.6479
978,789,0.138054,1545,1001,0.6479
789,979,0.024744,59,46,0.7797
979,789,0.024744,59,46,0.7797
790,791,0.590545,1752,1453,0.8293
791,790,0.590545,1752,1453,0.8293
790,793,0.620595,1674,1403,0.8381
793,790,0.620595,1674,1403,0.8381
790,796,0.583583,1790,1485,0.8296
796,790,0.583583,1790,1485,0.8296
790,801,0.482976,1676,1320,0.7876
801,790,0.482976,1676,1320,0.7876
790,802,0.561039,1731,1435,0.829
802,790,0.561039,1731,1435,0.829
790,806,0.457282,1776,1384,0.7793
806,790,0.457282,1776,1384,0.7793
790,809,0.623319,1013,849,0.8381
809,790,0.623319,1013,849,0.8381
790,811,0.43853,1604,1214,0.7569
811,790,0.43853,1604,1214,0.7569
790,818,0.599136,1757,1462,0.8321
818,790,0.599136,1757,1462,0.8321
790,819,0.588373,1519,1243,0.8183
819,790,0.588373,1519,1243,0.8183
790,822,0.475257,1710,1334,0.7801
822,790,0.475257,1710,1334,0.7801
790,826,0.485215,1821,1434,0.7875
826,790,0.485215,1821,1434,0.7875
790,828,0.450664,1583,1252,0.7909
828,790,0.450664,1583,1252,0.7909
790,829,0.480762,1695,1336,0.7882
829,790,0.480762,1695,1336,0.7882
790,831,0.370578,1716,1271,0.7407
831,790,0.370578,1716,1271,0.7407
790,834,0.353643,1787,1313,0.7348
834,790,0.353643,1787,1313,0.7348
790,840,0.45498,1570,1169,0.7446
840,790,0.45498,1570,1169,0.7446
790,842,0.565297,1717,1401,0.816
842,790,0.565297,1717,1401,0.816
790,845,0.500453,1766,1394,0.7894
845,790,0.500453,1766,1394,0.7894
790,851,0.394307,1633,1243,0.7612
851,790,0.394307,1633,1243,0.7612
790,857,0.46986,1297,1037,0.7995
857,790,0.46986,1297,1037,0.7995
790,861,0.302983,1595,1108,0.6947
861,790,0.302983,1595,1108,0.6947
790,864,0.568387,1632,1339,0.8205
864,790,0.568387,1632,1339,0.8205
790,870,0.475311,1608,1246,0.7749
870,790,0.475311,1608,1246,0.7749
790,874,0.450828,1804,1387,0.7688
874,790,0.450828,1804,1387,0.7688
790,875,0.460526,1551,1218,0.7853
875,790,0.460526,1551,1218,0.7853
790,881,0.482355,1549,1196,0.7721
881,790,0.482355,1549,1196,0.7721
790,883,0.568439,1756,1435,0.8172
883,790,0.568439,1756,1435,0.8172
790,884,0.511184,1763,1389,0.7879
884,790,0.511184,1763,1389,0.7879
790,885,0.588297,1712,1416,0.8271
885,790,0.588297,1712,1416,0.8271
790,886,0.536098,1811,1465,0.8089
886,790,0.536098,1811,1465,0.8089
790,887,0.608827,1727,1460,0.8454
887,790,0.608827,1727,1460,0.8454
790,888,0.433771,1565,1185,0.7572
888,790,0.433771,1565,1185,0.7572
790,889,0.295161,1769,1235,0.6981
889,790,0.295161,1769,1235,0.6981
790,890,0.504092,1739,1366,0.7855
890,790,0.504092,1739,1366,0.7855
790,891,0.532934,1816,1470,0.8095
891,790,0.532934,1816,1470,0.8095
790,892,0.488541,1196,916,0.7659
892,790,0.488541,1196,916,0.7659
790,893,0.448125,1816,1397,0.7693
893,790,0.448125,1816,1397,0.7693
790,894,0.346862,1894,1390,0.7339
894,790,0.346862,1894,1390,0.7339
790,895,0.332749,1818,1305,0.7178
895,790,0.332749,1818,1305,0.7178
790,896,0.349358,1758,1268,0.7213
896,790,0.349358,1758,1268,0.7213
790,897,0.349004,1736,1266,0.7293
897,790,0.349004,1736,1266,0.7293
790,898,0.431203,1600,1161,0.7256
898,790,0.431203,1600,1161,0.7256
790,899,0.196722,1718,1112,0.6473
899,790,0.196722,1718,1112,0.6473
790,900,0.623034,1792,1508,0.8415
900,790,0.623034,1792,1508,0.8415
790,901,0.533948,1551,1221,0.7872
901,790,0.533948,1551,1221,0.7872
790,902,0.552842,1800,1470,0.8167
902,790,0.552842,1800,1470,0.8167
790,903,0.60779,1908,1599,0.8381
903,790,0.60779,1908,1599,0.8381
790,904,0.625535,1745,1471,0.843
904,790,0.625535,1745,1471,0.843
790,905,0.575257,1476,1208,0.8184
905,790,0.575257,1476,1208,0.8184
790,906,0.469278,1560,1201,0.7699
906,790,0.469278,1560,1201,0.7699
790,907,0.499189,1804,1431,0.7932
907,790,0.499189,1804,1431,0.7932
790,908,0.326954,1842,1332,0.7231
908,790,0.326954,1842,1332,0.7231
790,909,0.355299,1879,1388,0.7387
909,790,0.355299,1879,1388,0.7387
790,910,0.353501,1690,1229,0.7272
910,790,0.353501,1690,1229,0.7272
790,911,0.366395,1805,1326,0.7346
911,790,0.366395,1805,1326,0.7346
790,912,0.360516,1817,1339,0.7369
912,790,0.360516,1817,1339,0.7369
790,913,0.326864,1716,1237,0.7209
913,790,0.326864,1716,1237,0.7209
790,914,0.338569,1817,1312,0.7221
914,790,0.338569,1817,1312,0.7221
790,915,0.596811,1826,1519,0.8319
915,790,0.596811,1826,1519,0.8319
790,917,0.392356,1611,1190,0.7387
917,790,0.392356,1611,1190,0.7387
790,918,0.596066,1830,1523,0.8322
918,790,0.596066,1830,1523,0.8322
790,919,0.558424,1856,1508,0.8125
919,790,0.558424,1856,1508,0.8125
790,920,0.489874,1825,1445,0.7918
920,790,0.489874,1825,1445,0.7918
790,921,0.462338,1669,1311,0.7855
921,790,0.462338,1669,1311,0.7855
790,922,0.566603,1807,1483,0.8207
922,790,0.566603,1807,1483,0.8207
790,923,0.431213,1861,1433,0.77
923,790,0.431213,1861,1433,0.77
790,924,0.567223,1782,1467,0.8232
924,790,0.567223,1782,1467,0.8232
790,925,0.351411,1845,1376,0.7458
925,790,0.351411,1845,1376,0.7458
790,926,0.456467,1581,1242,0.7856
926,790,0.456467,1581,1242,0.7856
790,927,0.590427,1814,1511,0.833
927,790,0.590427,1814,1511,0.833
790,928,0.578961,1819,1503,0.8263
928,790,0.578961,1819,1503,0.8263
790,929,0.432251,1654,1274,0.7703
929,790,0.432251,1654,1274,0.7703
790,930,0.320849,1832,1289,0.7036
930,790,0.320849,1832,1289,0.7036
790,931,0.362154,1371,993,0.7243
931,790,0.362154,1371,993,0.7243
790,932,0.599096,1813,1506,0.8307
932,790,0.599096,1813,1506,0.8307
790,933,0.350128,1579,1130,0.7156
933,790,0.350128,1579,1130,0.7156
790,934,0.366797,1808,1341,0.7417
934,790,0.366797,1808,1341,0.7417
790,935,0.318825,1792,1249,0.697
935,790,0.318825,1792,1249,0.697
790,936,-0.377964,8,3,0.375
936,790,-0.377964,8,3,0.375
790,937,0.314625,1831,1299,0.7094
937,790,0.314625,1831,1299,0.7094
790,938,0.155312,101,76,0.7525
938,790,0.155312,101,76,0.7525
790,939,0.594146,1854,1535,0.8279
939,790,0.594146,1854,1535,0.8279
790,940,0.35411,1650,1192,0.7224
940,790,0.35411,1650,1192,0.7224
790,941,0.471959,1593,1238,0.7772
941,790,0.471959,1593,1238,0.7772
790,942,0.521806,1807,1436,0.7947
942,790,0.521806,1807,1436,0.7947
790,943,0.421418,1645,1199,0.7289
943,790,0.421418,1645,1199,0.7289
790,944,0.525616,1558,1226,0.7869
944,790,0.525616,1558,1226,0.7869
790,945,0.578851,1683,1377,0.8182
945,790,0.578851,1683,1377,0.8182
790,946,0.456544,1657,1249,0.7538
946,790,0.456544,1657,1249,0.7538
790,947,0.403191,1515,1120,0.7393
947,790,0.403191,1515,1120,0.7393
790,948,0.298197,1475,1023,0.6936
948,790,0.298197,1475,1023,0.6936
790,949,0.555308,1739,1410,0.8108
949,790,0.555308,1739,1410,0.8108
790,950,0.524347,1794,1438,0.8016
950,790,0.524347,1794,1438,0.8016
790,951,0.292512,1700,1182,0.6953
951,790,0.292512,1700,1182,0.6953
790,952,0.510968,1719,1362,0.7923
952,790,0.510968,1719,1362,0.7923
790,953,0.45781,1774,1380,0.7779
953,790,0.45781,1774,1380,0.7779
790,954,0.489889,1563,1210,0.7742
954,790,0.489889,1563,1210,0.7742
790,955,0.484356,1686,1301,0.7716
955,790,0.484356,1686,1301,0.7716
790,956,0.519225,1714,1366,0.797
956,790,0.519225,1714,1366,0.797
790,957,0.524463,1727,1380,0.7991
957,790,0.524463,1727,1380,0.7991
790,958,0.335089,1677,1217,0.7257
958,790,0.335089,1677,1217,0.7257
790,959,0.334145,1820,1321,0.7258
959,790,0.334145,1820,1321,0.7258
790,960,0.324835,1800,1284,0.7133
960,790,0.324835,1800,1284,0.7133
790,961,0.54971,1763,1435,0.814
961,790,0.54971,1763,1435,0.814
790,962,0.402986,1665,1202,0.7219
962,790,0.402986,1665,1202,0.7219
790,963,0.557592,1758,1436,0.8168
963,790,0.557592,1758,1436,0.8168
790,964,0.551567,1665,1339,0.8042
964,790,0.551567,1665,1339,0.8042
790,965,0.500358,1724,1356,0.7865
965,790,0.500358,1724,1356,0.7865
790,966,0.383516,1658,1174,0.7081
966,790,0.383516,1658,1174,0.7081
790,967,0.553227,1779,1457,0.819
967,790,0.553227,1779,1457,0.819
790,969,0.541566,1858,1508,0.8116
969,790,0.541566,1858,1508,0.8116
790,970,0.508114,1714,1384,0.8075
970,790,0.508114,1714,1384,0.8075
790,971,0.57184,1754,1443,0.8227
971,790,0.57184,1754,1443,0.8227
790,972,0.603212,1716,1428,0.8322
972,790,0.603212,1716,1428,0.8322
790,973,0.358262,1121,772,0.6887
973,790,0.358262,1121,772,0.6887
790,974,0.52451,1611,1288,0.7995
974,790,0.52451,1611,1288,0.7995
790,976,0.494163,1701,1321,0.7766
976,790,0.494163,1701,1321,0.7766
790,977,0.333615,1841,1330,0.7224
977,790,0.333615,1841,1330,0.7224
790,978,0.345896,1739,1265,0.7274
978,790,0.345896,1739,1265,0.7274
790,979,0.296472,56,49,0.875
979,790,0.296472,56,49,0.875
791,793,0.646308,1853,1590,0.8581
793,791,0.646308,1853,1590,0.8581
791,796,0.706728,1947,1734,0.8906
796,791,0.706728,1947,1734,0.8906
791,801,0.614999,1882,1604,0.8523
801,791,0.614999,1882,1604,0.8523
791,802,0.749256,1956,1786,0.9131
802,791,0.749256,1956,1786,0.9131
791,806,0.528917,1967,1629,0.8282
806,791,0.528917,1967,1629,0.8282
791,809,0.756828,1196,1081,0.9038
809,791,0.756828,1196,1081,0.9038
791,811,0.48512,1743,1378,0.7906
811,791,0.48512,1743,1378,0.7906
791,818,0.659338,1921,1673,0.8709
818,791,0.659338,1921,1673,0.8709
791,819,0.657123,1605,1379,0.8592
819,791,0.657123,1605,1379,0.8592
791,822,0.523293,1914,1567,0.8187
822,791,0.523293,1914,1567,0.8187
791,826,0.585446,2047,1733,0.8466
826,791,0.585446,2047,1733,0.8466
791,828,0.555423,1820,1558,0.856
828,791,0.555423,1820,1558,0.856
791,829,0.507868,1922,1583,0.8236
829,791,0.507868,1922,1583,0.8236
791,831,0.410271,1922,1483,0.7716
831,791,0.410271,1922,1483,0.7716
791,834,0.405428,1982,1530,0.7719
834,791,0.405428,1982,1530,0.7719
791,840,0.512992,1869,1460,0.7812
840,791,0.512992,1869,1460,0.7812
791,842,0.669136,1879,1641,0.8733
842,791,0.669136,1879,1641,0.8733
791,845,0.599109,1959,1654,0.8443
845,791,0.599109,1959,1654,0.8443
791,851,0.418479,1880,1488,0.7915
851,791,0.418479,1880,1488,0.7915
791,857,0.504183,1396,1147,0.8216
857,791,0.504183,1396,1147,0.8216
791,861,0.352346,1769,1304,0.7371
861,791,0.352346,1769,1304,0.7371
791,864,0.734272,1843,1653,0.8969
864,791,0.734272,1843,1653,0.8969
791,870,0.476893,1746,1386,0.7938
870,791,0.476893,1746,1386,0.7938
791,874,0.497504,1956,1571,0.8032
874,791,0.497504,1956,1571,0.8032
791,875,0.560062,1724,1442,0.8364
875,791,0.560062,1724,1442,0.8364
791,881,0.475506,1704,1332,0.7817
881,791,0.475506,1704,1332,0.7817
791,883,0.674678,2028,1785,0.8802
883,791,0.674678,2028,1785,0.8802
791,884,0.55495,1978,1625,0.8215
884,791,0.55495,1978,1625,0.8215
791,885,0.685271,1919,1690,0.8807
885,791,0.685271,1919,1690,0.8807
791,886,0.643055,1961,1702,0.8679
886,791,0.643055,1961,1702,0.8679
791,887,0.695613,1974,1772,0.8977
887,791,0.695613,1974,1772,0.8977
791,888,0.499664,1806,1457,0.8068
888,791,0.499664,1806,1457,0.8068
791,889,0.382893,1998,1494,0.7477
889,791,0.382893,1998,1494,0.7477
791,890,0.637338,1959,1673,0.854
890,791,0.637338,1959,1673,0.854
791,891,0.611834,2033,1759,0.8652
891,791,0.611834,2033,1759,0.8652
791,892,0.57557,1271,1031,0.8112
892,791,0.57557,1271,1031,0.8112
791,893,0.49089,2053,1654,0.8057
893,791,0.49089,2053,1654,0.8057
791,894,0.405854,2134,1658,0.7769
894,791,0.405854,2134,1658,0.7769
791,895,0.394818,2052,1561,0.7607
895,791,0.394818,2052,1561,0.7607
791,896,0.375296,2040,1520,0.7451
896,791,0.375296,2040,1520,0.7451
791,897,0.433743,1960,1537,0.7842
897,791,0.433743,1960,1537,0.7842
791,898,0.467523,1720,1284,0.7465
898,791,0.467523,1720,1284,0.7465
791,899,0.263855,1908,1337,0.7007
899,791,0.263855,1908,1337,0.7007
791,900,0.659021,2018,1756,0.8702
900,791,0.659021,2018,1756,0.8702
791,901,0.537077,1733,1379,0.7957
901,791,0.537077,1733,1379,0.7957
791,902,0.627197,2000,1736,0.868
902,791,0.627197,2000,1736,0.868
791,903,0.704212,2129,1898,0.8915
903,791,0.704212,2129,1898,0.8915
791,904,0.665963,1919,1680,0.8755
904,791,0.665963,1919,1680,0.8755
791,905,0.637239,1623,1393,0.8583
905,791,0.637239,1623,1393,0.8583
791,906,0.538275,1633,1318,0.8071
906,791,0.538275,1633,1318,0.8071
791,907,0.571464,2053,1728,0.8417
907,791,0.571464,2053,1728,0.8417
791,908,0.393868,2075,1595,0.7687
908,791,0.393868,2075,1595,0.7687
791,909,0.41018,2099,1633,0.778
909,791,0.41018,2099,1633,0.778
791,910,0.412162,1886,1457,0.7725
910,791,0.412162,1886,1457,0.7725
791,911,0.416417,2026,1557,0.7685
911,791,0.416417,2026,1557,0.7685
791,912,0.407615,2065,1599,0.7743
912,791,0.407615,2065,1599,0.7743
791,913,0.424152,1979,1555,0.7858
913,791,0.424152,1979,1555,0.7858
791,914,0.366644,1948,1452,0.7454
914,791,0.366644,1948,1452,0.7454
791,915,0.701535,2058,1826,0.8873
915,791,0.701535,2058,1826,0.8873
791,917,0.425738,1854,1423,0.7675
917,791,0.425738,1854,1423,0.7675
791,918,0.645886,1981,1716,0.8662
918,791,0.645886,1981,1716,0.8662
791,919,0.566999,2072,1716,0.8282
919,791,0.566999,2072,1716,0.8282
791,920,0.594169,2029,1729,0.8521
920,791,0.594169,2029,1729,0.8521
791,921,0.48863,1881,1545,0.8214
921,791,0.48863,1881,1545,0.8214
791,922,0.69281,1958,1729,0.883
922,791,0.69281,1958,1729,0.883
791,923,0.524508,2111,1756,0.8318
923,791,0.524508,2111,1756,0.8318
791,924,0.621543,1996,1724,0.8637
924,791,0.621543,1996,1724,0.8637
791,925,0.461706,2075,1691,0.8149
925,791,0.461706,2075,1691,0.8149
791,926,0.558538,1810,1543,0.8525
926,791,0.558538,1810,1543,0.8525
791,927,0.69319,2031,1809,0.8907
927,791,0.69319,2031,1809,0.8907
791,928,0.635896,1911,1651,0.8639
928,791,0.635896,1911,1651,0.8639
791,929,0.490132,1871,1521,0.8129
929,791,0.490132,1871,1521,0.8129
791,930,0.3561,2060,1499,0.7277
930,791,0.3561,2060,1499,0.7277
791,931,0.465828,1448,1127,0.7783
931,791,0.465828,1448,1127,0.7783
791,932,0.655973,2037,1771,0.8694
932,791,0.655973,2037,1771,0.8694
791,933,0.362885,1658,1214,0.7322
933,791,0.362885,1658,1214,0.7322
791,934,0.413834,2037,1590,0.7806
934,791,0.413834,2037,1590,0.7806
791,935,0.333513,1970,1395,0.7081
935,791,0.333513,1970,1395,0.7081
791,936,1.0,14,14,1.0
936,791,1.0,14,14,1.0
791,937,0.387178,2040,1545,0.7574
937,791,0.387178,2040,1545,0.7574
791,938,0.382252,305,244,0.8
938,791,0.382252,305,244,0.8
791,939,0.613252,2083,1767,0.8483
939,791,0.613252,2083,1767,0.8483
791,940,0.365433,1870,1399,0.7481
940,791,0.365433,1870,1399,0.7481
791,941,0.504408,1792,1444,0.8058
941,791,0.504408,1792,1444,0.8058
791,942,0.64655,2039,1744,0.8553
942,791,0.64655,2039,1744,0.8553
791,943,0.480524,1843,1418,0.7694
943,791,0.480524,1843,1418,0.7694
791,944,0.581703,1714,1405,0.8197
944,791,0.581703,1714,1405,0.8197
791,945,0.639459,1864,1599,0.8578
945,791,0.639459,1864,1599,0.8578
791,946,0.477357,1801,1395,0.7746
946,791,0.477357,1801,1395,0.7746
791,947,0.443796,1651,1277,0.7735
947,791,0.443796,1651,1277,0.7735
791,948,0.373026,1659,1237,0.7456
948,791,0.373026,1659,1237,0.7456
791,949,0.604652,2003,1687,0.8422
949,791,0.604652,2003,1687,0.8422
791,950,0.613813,1998,1711,0.8564
950,791,0.613813,1998,1711,0.8564
791,951,0.382168,1944,1468,0.7551
951,791,0.382168,1944,1468,0.7551
791,952,0.530677,1946,1593,0.8186
952,791,0.530677,1946,1593,0.8186
791,953,0.516372,1996,1659,0.8312
953,791,0.516372,1996,1659,0.8312
791,954,0.548128,1652,1337,0.8093
954,791,0.548128,1652,1337,0.8093
791,955,0.528684,1894,1517,0.801
955,791,0.528684,1894,1517,0.801
791,956,0.544189,1909,1576,0.8256
956,791,0.544189,1909,1576,0.8256
791,957,0.607301,1938,1651,0.8519
957,791,0.607301,1938,1651,0.8519
791,958,0.362527,1900,1447,0.7616
958,791,0.362527,1900,1447,0.7616
791,959,0.403661,2047,1584,0.7738
959,791,0.403661,2047,1584,0.7738
791,960,0.421177,1992,1548,0.7771
960,791,0.421177,1992,1548,0.7771
791,961,0.605984,1958,1668,0.8519
961,791,0.605984,1958,1668,0.8519
791,962,0.42407,1802,1325,0.7353
962,791,0.42407,1802,1325,0.7353
791,963,0.633862,1930,1670,0.8653
963,791,0.633862,1930,1670,0.8653
791,964,0.545824,1834,1499,0.8173
964,791,0.545824,1834,1499,0.8173
791,965,0.533676,1942,1578,0.8126
965,791,0.533676,1942,1578,0.8126
791,966,0.432147,1790,1313,0.7335
966,791,0.432147,1790,1313,0.7335
791,967,0.590397,1988,1688,0.8491
967,791,0.590397,1988,1688,0.8491
791,969,0.648865,2080,1826,0.8779
969,791,0.648865,2080,1826,0.8779
791,970,0.594651,1902,1638,0.8612
970,791,0.594651,1902,1638,0.8612
791,971,0.7183,1980,1773,0.8955
971,791,0.7183,1980,1773,0.8955
791,972,0.654131,1879,1634,0.8696
972,791,0.654131,1879,1634,0.8696
791,973,0.372304,1320,935,0.7083
973,791,0.372304,1320,935,0.7083
791,974,0.621291,1752,1500,0.8562
974,791,0.621291,1752,1500,0.8562
791,976,0.530898,1867,1487,0.7965
976,791,0.530898,1867,1487,0.7965
791,977,0.40246,2045,1584,0.7746
977,791,0.40246,2045,1584,0.7746
791,978,0.367307,1778,1338,0.7525
978,791,0.367307,1778,1338,0.7525
791,979,-0.1,55,45,0.8182
979,791,-0.1,55,45,0.8182
793,796,0.594313,1899,1589,0.8368
796,793,0.594313,1899,1589,0.8368
793,801,0.542196,1757,1435,0.8167
801,793,0.542196,1757,1435,0.8167
793,802,0.637198,1836,1586,0.8638
802,793,0.637198,1836,1586,0.8638
793,806,0.553301,1874,1540,0.8218
806,793,0.553301,1874,1540,0.8218
793,809,0.694276,1084,944,0.8708
809,793,0.694276,1084,944,0.8708
793,811,0.477529,1656,1283,0.7748
811,793,0.477529,1656,1283,0.7748
793,818,0.700904,1831,1605,0.8766
818,793,0.700904,1831,1605,0.8766
793,819,0.647956,1582,1340,0.847
819,793,0.647956,1582,1340,0.847
793,822,0.551821,1865,1526,0.8182
822,793,0.551821,1865,1526,0.8182
793,826,0.521857,1927,1554,0.8064
826,793,0.521857,1927,1554,0.8064
793,828,0.498941,1672,1360,0.8134
828,793,0.498941,1672,1360,0.8134
793,829,0.523722,1819,1474,0.8103
829,793,0.523722,1819,1474,0.8103
793,831,0.337218,1825,1329,0.7282
831,793,0.337218,1825,1329,0.7282
793,834,0.330496,1878,1361,0.7247
834,793,0.330496,1878,1361,0.7247
793,840,0.551032,1727,1370,0.7933
840,793,0.551032,1727,1370,0.7933
793,842,0.650221,1813,1553,0.8566
842,793,0.650221,1813,1553,0.8566
793,845,0.560008,1882,1540,0.8183
845,793,0.560008,1882,1540,0.8183
793,851,0.409719,1771,1367,0.7719
851,793,0.409719,1771,1367,0.7719
793,857,0.443744,1277,1013,0.7933
857,793,0.443744,1277,1013,0.7933
793,861,0.28507,1680,1160,0.6905
861,793,0.28507,1680,1160,0.6905
793,864,0.595,1736,1442,0.8306
864,793,0.595,1736,1442,0.8306
793,870,0.54667,1667,1351,0.8104
870,793,0.54667,1667,1351,0.8104
793,874,0.507452,1852,1474,0.7959
874,793,0.507452,1852,1474,0.7959
793,875,0.551423,1613,1329,0.8239
875,793,0.551423,1613,1329,0.8239
793,881,0.524513,1632,1297,0.7947
881,793,0.524513,1632,1297,0.7947
793,883,0.677078,1877,1633,0.87
883,793,0.677078,1877,1633,0.87
793,884,0.587029,1922,1591,0.8278
884,793,0.587029,1922,1591,0.8278
793,885,0.675807,1800,1558,0.8656
885,793,0.675807,1800,1558,0.8656
793,886,0.613794,1846,1553,0.8413
886,793,0.613794,1846,1553,0.8413
793,887,0.652717,1917,1672,0.8722
887,793,0.652717,1917,1672,0.8722
793,888,0.544686,1726,1402,0.8123
888,793,0.544686,1726,1402,0.8123
793,889,0.318931,1876,1333,0.7106
889,793,0.318931,1876,1333,0.7106
793,890,0.615453,1827,1526,0.8352
890,793,0.615453,1827,1526,0.8352
793,891,0.575092,1931,1607,0.8322
891,793,0.575092,1931,1607,0.8322
793,892,0.55801,1256,1002,0.7978
892,793,0.55801,1256,1002,0.7978
793,893,0.504568,1930,1538,0.7969
893,793,0.504568,1930,1538,0.7969
793,894,0.353374,2015,1494,0.7414
894,793,0.353374,2015,1494,0.7414
793,895,0.328735,1920,1376,0.7167
895,793,0.328735,1920,1376,0.7167
793,896,0.337308,1898,1366,0.7197
896,793,0.337308,1898,1366,0.7197
793,897,0.364981,1887,1406,0.7451
897,793,0.364981,1887,1406,0.7451
793,898,0.527173,1673,1293,0.7729
898,793,0.527173,1673,1293,0.7729
793,899,0.203085,1835,1203,0.6556
899,793,0.203085,1835,1203,0.6556
793,900,0.688839,1894,1649,0.8706
900,793,0.688839,1894,1649,0.8706
793,901,0.603782,1650,1357,0.8224
901,793,0.603782,1650,1357,0.8224
793,902,0.576049,1954,1627,0.8327
902,793,0.576049,1954,1627,0.8327
793,903,0.697958,2027,1782,0.8791
903,793,0.697958,2027,1782,0.8791
793,904,0.727769,1822,1616,0.8869
904,793,0.727769,1822,1616,0.8869
793,905,0.629819,1516,1276,0.8417
905,793,0.629819,1516,1276,0.8417
793,906,0.504147,1632,1282,0.7855
906,793,0.504147,1632,1282,0.7855
793,907,0.535979,1950,1589,0.8149
907,793,0.535979,1950,1589,0.8149
793,908,0.317058,1948,1409,0.7233
908,793,0.317058,1948,1409,0.7233
793,909,0.347729,1999,1474,0.7374
909,793,0.347729,1999,1474,0.7374
793,910,0.328602,1806,1306,0.7231
910,793,0.328602,1806,1306,0.7231
793,911,0.369176,1898,1402,0.7387
911,793,0.369176,1898,1402,0.7387
793,912,0.334187,1945,1420,0.7301
912,793,0.334187,1945,1420,0.7301
793,913,0.337303,1845,1351,0.7322
913,793,0.337303,1845,1351,0.7322
793,914,0.327355,1853,1328,0.7167
914,793,0.327355,1853,1328,0.7167
793,915,0.617297,1940,1638,0.8443
915,793,0.617297,1940,1638,0.8443
793,917,0.462972,1768,1366,0.7726
917,793,0.462972,1768,1366,0.7726
793,918,0.688527,1874,1633,0.8714
918,793,0.688527,1874,1633,0.8714
793,919,0.648833,1984,1695,0.8543
919,793,0.648833,1984,1695,0.8543
793,920,0.609005,1925,1625,0.8442
920,793,0.609005,1925,1625,0.8442
793,921,0.486149,1795,1432,0.7978
921,793,0.486149,1795,1432,0.7978
793,922,0.662007,1872,1612,0.8611
922,793,0.662007,1872,1612,0.8611
793,923,0.478071,2006,1596,0.7956
923,793,0.478071,2006,1596,0.7956
793,924,0.660461,1883,1628,0.8646
924,793,0.660461,1883,1628,0.8646
793,925,0.388906,1966,1499,0.7625
925,793,0.388906,1966,1499,0.7625
793,926,0.521101,1714,1410,0.8226
926,793,0.521101,1714,1410,0.8226
793,927,0.701376,1931,1699,0.8799
927,793,0.701376,1931,1699,0.8799
793,928,0.6524,1830,1566,0.8557
928,793,0.6524,1830,1566,0.8557
793,929,0.467358,1806,1430,0.7918
929,793,0.467358,1806,1430,0.7918
793,930,0.303631,1912,1333,0.6972
930,793,0.303631,1912,1333,0.6972
793,931,0.408977,1442,1085,0.7524
931,793,0.408977,1442,1085,0.7524
793,932,0.656417,1941,1668,0.8594
932,793,0.656417,1941,1668,0.8594
793,933,0.411123,1668,1240,0.7434
933,793,0.411123,1668,1240,0.7434
793,934,0.368481,1920,1435,0.7474
934,793,0.368481,1920,1435,0.7474
793,935,0.276979,1911,1293,0.6766
935,793,0.276979,1911,1293,0.6766
793,936,-0.113228,14,11,0.7857
936,793,-0.113228,14,11,0.7857
793,937,0.30277,1919,1359,0.7082
937,793,0.30277,1919,1359,0.7082
793,938,0.292151,256,188,0.7344
938,793,0.292151,256,188,0.7344
793,939,0.659245,1964,1687,0.859
939,793,0.659245,1964,1687,0.859
793,940,0.468764,1783,1384,0.7762
940,793,0.468764,1783,1384,0.7762
793,941,0.545813,1783,1444,0.8099
941,793,0.545813,1783,1444,0.8099
793,942,0.614271,1914,1603,0.8375
942,793,0.614271,1914,1603,0.8375
793,943,0.502906,1772,1361,0.7681
943,793,0.502906,1772,1361,0.7681
793,944,0.635705,1639,1372,0.8371
944,793,0.635705,1639,1372,0.8371
793,945,0.695677,1770,1543,0.8718
945,793,0.695677,1770,1543,0.8718
793,946,0.50096,1752,1353,0.7723
946,793,0.50096,1752,1353,0.7723
793,947,0.4956,1577,1230,0.78
947,793,0.4956,1577,1230,0.78
793,948,0.360495,1561,1129,0.7233
948,793,0.360495,1561,1129,0.7233
793,949,0.62721,1839,1549,0.8423
949,793,0.62721,1839,1549,0.8423
793,950,0.607558,1923,1618,0.8414
950,793,0.607558,1923,1618,0.8414
793,951,0.323558,1806,1293,0.7159
951,793,0.323558,1806,1293,0.7159
793,952,0.566063,1819,1490,0.8191
952,793,0.566063,1819,1490,0.8191
793,953,0.529466,1891,1538,0.8133
953,793,0.529466,1891,1538,0.8133
793,954,0.584338,1612,1316,0.8164
954,793,0.584338,1612,1316,0.8164
793,955,0.611962,1778,1473,0.8285
955,793,0.611962,1778,1473,0.8285
793,956,0.591194,1845,1536,0.8325
956,793,0.591194,1845,1536,0.8325
793,957,0.594928,1876,1564,0.8337
957,793,0.594928,1876,1564,0.8337
793,958,0.410435,1805,1378,0.7634
958,793,0.410435,1805,1378,0.7634
793,959,0.333043,1909,1390,0.7281
959,793,0.333043,1909,1390,0.7281
793,960,0.33142,1896,1364,0.7194
960,793,0.33142,1896,1364,0.7194
793,961,0.644683,1882,1614,0.8576
961,793,0.644683,1882,1614,0.8576
793,962,0.481069,1750,1326,0.7577
962,793,0.481069,1750,1326,0.7577
793,963,0.604534,1859,1562,0.8402
963,793,0.604534,1859,1562,0.8402
793,964,0.628319,1762,1484,0.8422
964,793,0.628319,1762,1484,0.8422
793,965,0.604004,1836,1529,0.8328
965,793,0.604004,1836,1529,0.8328
793,966,0.470455,1726,1291,0.748
966,793,0.470455,1726,1291,0.748
793,967,0.639328,1875,1603,0.8549
967,793,0.639328,1875,1603,0.8549
793,969,0.628009,1990,1700,0.8543
969,793,0.628009,1990,1700,0.8543
793,970,0.558773,1806,1506,0.8339
970,793,0.558773,1806,1506,0.8339
793,971,0.651141,1889,1626,0.8608
971,793,0.651141,1889,1626,0.8608
793,972,0.734517,1815,1616,0.8904
972,793,0.734517,1815,1616,0.8904
793,973,0.408073,1197,856,0.7151
973,793,0.408073,1197,856,0.7151
793,974,0.615996,1765,1488,0.8431
974,793,0.615996,1765,1488,0.8431
793,976,0.5863,1751,1430,0.8167
976,793,0.5863,1751,1430,0.8167
793,977,0.326334,1934,1403,0.7254
977,793,0.326334,1934,1403,0.7254
793,978,0.327382,1720,1248,0.7256
978,793,0.327382,1720,1248,0.7256
793,979,0.393292,63,49,0.7778
979,793,0.393292,63,49,0.7778
796,801,0.641267,1912,1646,0.8609
801,796,0.641267,1912,1646,0.8609
796,802,0.740766,2034,1847,0.9081
802,796,0.740766,2034,1847,0.9081
796,806,0.514298,1997,1636,0.8192
806,796,0.514298,1997,1636,0.8192
796,809,0.81673,1265,1173,0.9273
809,796,0.81673,1265,1173,0.9273
796,811,0.449333,1770,1362,0.7695
811,796,0.449333,1770,1362,0.7695
796,818,0.643145,2028,1755,0.8654
818,796,0.643145,2028,1755,0.8654
796,819,0.644396,1649,1411,0.8557
819,796,0.644396,1649,1411,0.8557
796,822,0.488164,1973,1582,0.8018
822,796,0.488164,1973,1582,0.8018
796,826,0.583407,2094,1770,0.8453
826,796,0.583407,2094,1770,0.8453
796,828,0.547417,1820,1538,0.8451
828,796,0.547417,1820,1538,0.8451
796,829,0.508344,1942,1599,0.8234
829,796,0.508344,1942,1599,0.8234
796,831,0.395727,1968,1513,0.7688
831,796,0.395727,1968,1513,0.7688
796,834,0.415972,2041,1591,0.7795
834,796,0.415972,2041,1591,0.7795
796,840,0.503,1816,1406,0.7742
840,796,0.503,1816,1406,0.7742
796,842,0.657556,1995,1735,0.8697
842,796,0.657556,1995,1735,0.8697
796,845,0.55578,2063,1708,0.8279
845,796,0.55578,2063,1708,0.8279
796,851,0.42281,1968,1552,0.7886
851,796,0.42281,1968,1552,0.7886
796,857,0.505076,1443,1199,0.8309
857,796,0.505076,1443,1199,0.8309
796,861,0.366503,1893,1414,0.747
861,796,0.366503,1893,1414,0.747
796,864,0.662419,1935,1684,0.8703
864,796,0.662419,1935,1684,0.8703
796,870,0.400823,1839,1403,0.7629
870,796,0.400823,1839,1403,0.7629
796,874,0.468839,2053,1629,0.7935
874,796,0.468839,2053,1629,0.7935
796,875,0.563646,1795,1502,0.8368
875,796,0.563646,1795,1502,0.8368
796,881,0.483267,1684,1315,0.7809
881,796,0.483267,1684,1315,0.7809
796,883,0.658892,2080,1813,0.8716
883,796,0.658892,2080,1813,0.8716
796,884,0.513633,2061,1658,0.8045
884,796,0.513633,2061,1658,0.8045
796,885,0.68875,1950,1719,0.8815
885,796,0.68875,1950,1719,0.8815
796,886,0.644615,2087,1814,0.8692
886,796,0.644615,2087,1814,0.8692
796,887,0.681137,2075,1848,0.8906
887,796,0.681137,2075,1848,0.8906
796,888,0.497154,1857,1494,0.8045
888,796,0.497154,1857,1494,0.8045
796,889,0.394098,2063,1565,0.7586
889,796,0.394098,2063,1565,0.7586
796,890,0.637635,2002,1706,0.8521
890,796,0.637635,2002,1706,0.8521
796,891,0.612963,2086,1801,0.8634
891,796,0.612963,2086,1801,0.8634
796,892,0.55704,1325,1065,0.8038
892,796,0.55704,1325,1065,0.8038
796,893,0.497624,2125,1718,0.8085
893,796,0.497624,2125,1718,0.8085
796,894,0.41681,2215,1742,0.7865
894,796,0.41681,2215,1742,0.7865
796,895,0.391413,2106,1601,0.7602
895,796,0.391413,2106,1601,0.7602
796,896,0.387515,2036,1535,0.7539
896,796,0.387515,2036,1535,0.7539
796,897,0.460687,2040,1627,0.7975
897,796,0.460687,2040,1627,0.7975
796,898,0.423548,1838,1332,0.7247
898,796,0.423548,1838,1332,0.7247
796,899,0.239574,2002,1378,0.6883
899,796,0.239574,2002,1378,0.6883
796,900,0.68184,2057,1809,0.8794
900,796,0.68184,2057,1809,0.8794
796,901,0.522009,1762,1386,0.7866
901,796,0.522009,1762,1386,0.7866
796,902,0.639686,2077,1811,0.8719
902,796,0.639686,2077,1811,0.8719
796,903,0.70182,2213,1970,0.8902
903,796,0.70182,2213,1970,0.8902
796,904,0.65163,2005,1744,0.8698
904,796,0.65163,2005,1744,0.8698
796,905,0.647919,1642,1415,0.8618
905,796,0.647919,1642,1415,0.8618
796,906,0.553944,1746,1424,0.8156
906,796,0.553944,1746,1424,0.8156
796,907,0.62831,2130,1844,0.8657
907,796,0.62831,2130,1844,0.8657
796,908,0.422943,2141,1679,0.7842
908,796,0.422943,2141,1679,0.7842
796,909,0.425536,2179,1717,0.788
909,796,0.425536,2179,1717,0.788
796,910,0.422435,1921,1493,0.7772
910,796,0.422435,1921,1493,0.7772
796,911,0.407392,2064,1588,0.7694
911,796,0.407392,2064,1588,0.7694
796,912,0.437604,2122,1677,0.7903
912,796,0.437604,2122,1677,0.7903
796,913,0.408447,2003,1560,0.7788
913,796,0.408447,2003,1560,0.7788
796,914,0.35513,2000,1488,0.744
914,796,0.35513,2000,1488,0.744
796,915,0.722647,2100,1879,0.8948
915,796,0.722647,2100,1879,0.8948
796,917,0.405002,1922,1448,0.7534
917,796,0.405002,1922,1448,0.7534
796,918,0.625764,2080,1788,0.8596
918,796,0.625764,2080,1788,0.8596
796,919,0.531013,2151,1750,0.8136
919,796,0.531013,2151,1750,0.8136
796,920,0.582636,2094,1774,0.8472
920,796,0.582636,2094,1774,0.8472
796,921,0.483076,1898,1550,0.8166
921,796,0.483076,1898,1550,0.8166
796,922,0.68363,2031,1785,0.8789
922,796,0.68363,2031,1785,0.8789
796,923,0.455218,2173,1755,0.8076
923,796,0.455218,2173,1755,0.8076
796,924,0.616596,2070,1786,0.8628
924,796,0.616596,2070,1786,0.8628
796,925,0.45014,2107,1699,0.8064
925,796,0.45014,2107,1699,0.8064
796,926,0.549121,1925,1632,0.8478
926,796,0.549121,1925,1632,0.8478
796,927,0.671805,2042,1799,0.881
927,796,0.671805,2042,1799,0.881
796,928,0.668902,2033,1787,0.879
928,796,0.668902,2033,1787,0.879
796,929,0.492617,1973,1601,0.8115
929,796,0.492617,1973,1601,0.8115
796,930,0.365069,2087,1527,0.7317
930,796,0.365069,2087,1527,0.7317
796,931,0.448144,1564,1207,0.7717
931,796,0.448144,1564,1207,0.7717
796,932,0.660893,2102,1832,0.8716
932,796,0.660893,2102,1832,0.8716
796,933,0.322509,1716,1225,0.7139
933,796,0.322509,1716,1225,0.7139
796,934,0.418935,2090,1641,0.7852
934,796,0.418935,2090,1641,0.7852
796,935,0.311293,2030,1431,0.7049
935,796,0.311293,2030,1431,0.7049
796,936,1.0,14,14,1.0
936,796,1.0,14,14,1.0
796,937,0.38884,2088,1590,0.7615
937,796,0.38884,2088,1590,0.7615
796,938,0.644262,316,277,0.8766
938,796,0.644262,316,277,0.8766
796,939,0.596534,2137,1801,0.8428
939,796,0.596534,2137,1801,0.8428
796,940,0.325902,1923,1408,0.7322
940,796,0.325902,1923,1408,0.7322
796,941,0.456786,1841,1447,0.786
941,796,0.456786,1841,1447,0.786
796,942,0.634369,2116,1808,0.8544
942,796,0.634369,2116,1808,0.8544
796,943,0.396285,1889,1360,0.72
943,796,0.396285,1889,1360,0.72
796,944,0.514755,1798,1420,0.7898
944,796,0.514755,1798,1420,0.7898
796,945,0.567021,1894,1563,0.8252
945,796,0.567021,1894,1563,0.8252
796,946,0.435053,1849,1382,0.7474
946,796,0.435053,1849,1382,0.7474
796,947,0.455124,1713,1332,0.7776
947,796,0.455124,1713,1332,0.7776
796,948,0.372839,1721,1286,0.7472
948,796,0.372839,1721,1286,0.7472
796,949,0.601703,1995,1675,0.8396
949,796,0.601703,1995,1675,0.8396
796,950,0.604597,2044,1736,0.8493
950,796,0.604597,2044,1736,0.8493
796,951,0.388631,1952,1478,0.7572
951,796,0.388631,1952,1478,0.7572
796,952,0.492338,1954,1560,0.7984
952,796,0.492338,1954,1560,0.7984
796,953,0.456616,2065,1669,0.8082
953,796,0.456616,2065,1669,0.8082
796,954,0.524786,1727,1378,0.7979
954,796,0.524786,1727,1378,0.7979
796,955,0.508248,1932,1528,0.7909
955,796,0.508248,1932,1528,0.7909
796,956,0.53209,1978,1618,0.818
956,796,0.53209,1978,1618,0.818
796,957,0.573904,2045,1716,0.8391
957,796,0.573904,2045,1716,0.8391
796,958,0.360103,1900,1433,0.7542
958,796,0.360103,1900,1433,0.7542
796,959,0.412881,2110,1642,0.7782
959,796,0.412881,2110,1642,0.7782
796,960,0.429545,2086,1621,0.7771
960,796,0.429545,2086,1621,0.7771
796,961,0.56577,2012,1687,0.8385
961,796,0.56577,2012,1687,0.8385
796,962,0.419246,1880,1383,0.7356
962,796,0.419246,1880,1383,0.7356
796,963,0.636198,2010,1739,0.8652
963,796,0.636198,2010,1739,0.8652
796,964,0.532494,1915,1556,0.8125
964,796,0.532494,1915,1556,0.8125
796,965,0.540177,1983,1615,0.8144
965,796,0.540177,1983,1615,0.8144
796,966,0.405998,1850,1334,0.7211
966,796,0.405998,1850,1334,0.7211
796,967,0.579597,1992,1680,0.8434
967,796,0.579597,1992,1680,0.8434
796,969,0.635183,2160,1881,0.8708
969,796,0.635183,2160,1881,0.8708
796,970,0.556917,1978,1675,0.8468
970,796,0.556917,1978,1675,0.8468
796,971,0.681804,1997,1761,0.8818
971,796,0.681804,1997,1761,0.8818
796,972,0.646862,1999,1735,0.8679
972,796,0.646862,1999,1735,0.8679
796,973,0.378727,1279,904,0.7068
973,796,0.378727,1279,904,0.7068
796,974,0.574467,1833,1534,0.8369
974,796,0.574467,1833,1534,0.8369
796,976,0.522337,1906,1517,0.7959
976,796,0.522337,1906,1517,0.7959
796,977,0.395783,2123,1642,0.7734
977,796,0.395783,2123,1642,0.7734
796,978,0.364142,1853,1410,0.7609
978,796,0.364142,1853,1410,0.7609
796,979,0.20261,64,54,0.8438
979,796,0.20261,64,54,0.8438
801,802,0.639821,1981,1707,0.8617
802,801,0.639821,1981,1707,0.8617
801,806,0.435578,1898,1492,0.7861
806,801,0.435578,1898,1492,0.7861
801,809,0.724744,1232,1092,0.8864
809,801,0.724744,1232,1092,0.8864
801,811,0.423622,1735,1329,0.766
811,801,0.423622,1735,1329,0.766
801,818,0.563619,1904,1582,0.8309
818,801,0.563619,1904,1582,0.8309
801,819,0.558511,1552,1268,0.817
819,801,0.558511,1552,1268,0.817
801,822,0.422392,1872,1444,0.7714
822,801,0.422392,1872,1444,0.7714
801,826,0.61578,1984,1692,0.8528
826,801,0.61578,1984,1692,0.8528
801,828,0.537106,1790,1491,0.833
828,801,0.537106,1790,1491,0.833
801,829,0.434722,1805,1418,0.7856
829,801,0.434722,1805,1418,0.7856
801,831,0.362277,1884,1411,0.7489
831,801,0.362277,1884,1411,0.7489
801,834,0.349388,1907,1428,0.7488
834,801,0.349388,1907,1428,0.7488
801,840,0.514382,1691,1326,0.7842
840,801,0.514382,1691,1326,0.7842
801,842,0.559658,1880,1563,0.8314
842,801,0.559658,1880,1563,0.8314
801,845,0.50285,1915,1538,0.8031
845,801,0.50285,1915,1538,0.8031
801,851,0.401131,1919,1481,0.7718
851,801,0.401131,1919,1481,0.7718
801,857,0.387054,1329,1050,0.7901
857,801,0.387054,1329,1050,0.7901
801,861,0.436508,1714,1313,0.766
861,801,0.436508,1714,1313,0.766
801,864,0.584119,1739,1451,0.8344
864,801,0.584119,1739,1451,0.8344
801,870,0.362127,1691,1274,0.7534
870,801,0.362127,1691,1274,0.7534
801,874,0.427486,1928,1487,0.7713
874,801,0.427486,1928,1487,0.7713
801,875,0.489163,1750,1395,0.7971
875,801,0.489163,1750,1395,0.7971
801,881,0.383899,1613,1197,0.7421
881,801,0.383899,1613,1197,0.7421
801,883,0.553626,1930,1595,0.8264
883,801,0.553626,1930,1595,0.8264
801,884,0.4451,1925,1489,0.7735
884,801,0.4451,1925,1489,0.7735
801,885,0.623575,1879,1605,0.8542
885,801,0.623575,1879,1605,0.8542
801,886,0.577423,1939,1620,0.8355
886,801,0.577423,1939,1620,0.8355
801,887,0.600302,1994,1690,0.8475
887,801,0.600302,1994,1690,0.8475
801,888,0.427753,1798,1391,0.7736
888,801,0.427753,1798,1391,0.7736
801,889,0.328228,1936,1409,0.7278
889,801,0.328228,1936,1409,0.7278
801,890,0.535664,1882,1529,0.8124
890,801,0.535664,1882,1529,0.8124
801,891,0.508755,1984,1619,0.816
891,801,0.508755,1984,1619,0.816
801,892,0.501424,1211,944,0.7795
892,801,0.501424,1211,944,0.7795
801,893,0.431327,1995,1553,0.7784
893,801,0.431327,1995,1553,0.7784
801,894,0.373062,2086,1592,0.7632
894,801,0.373062,2086,1592,0.7632
801,895,0.329618,1999,1469,0.7349
895,801,0.329618,1999,1469,0.7349
801,896,0.345346,1935,1419,0.7333
896,801,0.345346,1935,1419,0.7333
801,897,0.38995,1899,1448,0.7625
897,801,0.38995,1899,1448,0.7625
801,898,0.436538,1758,1301,0.74
898,801,0.436538,1758,1301,0.74
801,899,0.32063,1854,1336,0.7206
899,801,0.32063,1854,1336,0.7206
801,900,0.563777,1976,1641,0.8305
900,801,0.563777,1976,1641,0.8305
801,901,0.460314,1681,1289,0.7668
901,801,0.460314,1681,1289,0.7668
801,902,0.527439,1937,1594,0.8229
902,801,0.527439,1937,1594,0.8229
801,903,0.590968,2078,1755,0.8446
903,801,0.590968,2078,1755,0.8446
801,904,0.558777,1901,1576,0.829
904,801,0.558777,1901,1576,0.829
801,905,0.528131,1608,1299,0.8078
905,801,0.528131,1608,1299,0.8078
801,906,0.475198,1615,1265,0.7833
906,801,0.475198,1615,1265,0.7833
801,907,0.559412,2038,1696,0.8322
907,801,0.559412,2038,1696,0.8322
801,908,0.35164,2016,1512,0.75
908,801,0.35164,2016,1512,0.75
801,909,0.365742,2060,1564,0.7592
909,801,0.365742,2060,1564,0.7592
801,910,0.350395,1821,1362,0.7479
910,801,0.350395,1821,1362,0.7479
801,911,0.355331,1935,1442,0.7452
911,801,0.355331,1935,1442,0.7452
801,912,0.364266,2006,1518,0.7567
912,801,0.364266,2006,1518,0.7567
801,913,0.358838,1899,1434,0.7551
913,801,0.358838,1899,1434,0.7551
801,914,0.304631,1897,1368,0.7211
914,801,0.304631,1897,1368,0.7211
801,915,0.617606,1976,1686,0.8532
915,801,0.617606,1976,1686,0.8532
801,917,0.386601,1796,1365,0.76
917,801,0.386601,1796,1365,0.76
801,918,0.526308,1993,1629,0.8174
918,801,0.526308,1993,1629,0.8174
801,919,0.461438,2022,1587,0.7849
919,801,0.461438,2022,1587,0.7849
801,920,0.49671,1972,1597,0.8098
920,801,0.49671,1972,1597,0.8098
801,921,0.408924,1871,1468,0.7846
921,801,0.408924,1871,1468,0.7846
801,922,0.583988,1904,1594,0.8372
922,801,0.583988,1904,1594,0.8372
801,923,0.465532,2059,1652,0.8023
923,801,0.465532,2059,1652,0.8023
801,924,0.541505,1956,1624,0.8303
924,801,0.541505,1956,1624,0.8303
801,925,0.432365,2013,1594,0.7919
925,801,0.432365,2013,1594,0.7919
801,926,0.505538,1880,1533,0.8154
926,801,0.505538,1880,1533,0.8154
801,927,0.618774,1946,1668,0.8571
927,801,0.618774,1946,1668,0.8571
801,928,0.576831,1900,1585,0.8342
928,801,0.576831,1900,1585,0.8342
801,929,0.450886,1903,1493,0.7846
929,801,0.450886,1903,1493,0.7846
801,930,0.298944,1993,1408,0.7065
930,801,0.298944,1993,1408,0.7065
801,931,0.442134,1498,1143,0.763
931,801,0.442134,1498,1143,0.763
801,932,0.567903,1976,1644,0.832
932,801,0.567903,1976,1644,0.832
801,933,0.266153,1632,1129,0.6918
933,801,0.266153,1632,1129,0.6918
801,934,0.358679,1998,1511,0.7563
934,801,0.358679,1998,1511,0.7563
801,935,0.301893,1941,1363,0.7022
935,801,0.301893,1941,1363,0.7022
801,936,1.0,14,14,1.0
936,801,1.0,14,14,1.0
801,937,0.414544,1994,1531,0.7678
937,801,0.414544,1994,1531,0.7678
801,938,0.606054,308,265,0.8604
938,801,0.606054,308,265,0.8604
801,939,0.539034,2017,1653,0.8195
939,801,0.539034,2017,1653,0.8195
801,940,0.329374,1834,1348,0.735
940,801,0.329374,1834,1348,0.735
801,941,0.396657,1738,1329,0.7647
941,801,0.396657,1738,1329,0.7647
801,942,0.565852,1975,1632,0.8263
942,801,0.565852,1975,1632,0.8263
801,943,0.434204,1800,1342,0.7456
943,801,0.434204,1800,1342,0.7456
801,944,0.493496,1671,1320,0.7899
944,801,0.493496,1671,1320,0.7899
801,945,0.485914,1823,1448,0.7943
945,801,0.485914,1823,1448,0.7943
801,946,0.383053,1788,1310,0.7327
946,801,0.383053,1788,1310,0.7327
801,947,0.425007,1600,1210,0.7562
947,801,0.425007,1600,1210,0.7562
801,948,0.30692,1616,1164,0.7203
948,801,0.30692,1616,1164,0.7203
801,949,0.511348,1883,1518,0.8062
949,801,0.511348,1883,1518,0.8062
801,950,0.53292,1969,1614,0.8197
950,801,0.53292,1969,1614,0.8197
801,951,0.303421,1863,1338,0.7182
951,801,0.303421,1863,1338,0.7182
801,952,0.445618,1906,1493,0.7833
952,801,0.445618,1906,1493,0.7833
801,953,0.379168,1932,1488,0.7702
953,801,0.379168,1932,1488,0.7702
801,954,0.469025,1635,1271,0.7774
954,801,0.469025,1635,1271,0.7774
801,955,0.494585,1823,1449,0.7948
955,801,0.494585,1823,1449,0.7948
801,956,0.450612,1877,1473,0.7848
956,801,0.450612,1877,1473,0.7848
801,957,0.491455,1954,1565,0.8009
957,801,0.491455,1954,1565,0.8009
801,958,0.349118,1813,1351,0.7452
958,801,0.349118,1813,1351,0.7452
801,959,0.367549,2007,1521,0.7578
959,801,0.367549,2007,1521,0.7578
801,960,0.369282,1951,1461,0.7488
960,801,0.369282,1951,1461,0.7488
801,961,0.483502,1866,1496,0.8017
961,801,0.483502,1866,1496,0.8017
801,962,0.436558,1766,1320,0.7475
962,801,0.436558,1766,1320,0.7475
801,963,0.536631,1910,1566,0.8199
963,801,0.536631,1910,1566,0.8199
801,964,0.438014,1843,1429,0.7754
964,801,0.438014,1843,1429,0.7754
801,965,0.457258,1904,1481,0.7778
965,801,0.457258,1904,1481,0.7778
801,966,0.418708,1736,1276,0.735
966,801,0.418708,1736,1276,0.735
801,967,0.511744,1898,1542,0.8124
967,801,0.511744,1898,1542,0.8124
801,969,0.555401,2020,1682,0.8327
969,801,0.555401,2020,1682,0.8327
801,970,0.470662,1951,1560,0.7996
970,801,0.470662,1951,1560,0.7996
801,971,0.607088,1903,1622,0.8523
971,801,0.607088,1903,1622,0.8523
801,972,0.562171,1895,1575,0.8311
972,801,0.562171,1895,1575,0.8311
801,973,0.448245,1214,899,0.7405
973,801,0.448245,1214,899,0.7405
801,974,0.486652,1756,1401,0.7978
974,801,0.486652,1756,1401,0.7978
801,976,0.454992,1736,1330,0.7661
976,801,0.454992,1736,1330,0.7661
801,977,0.338058,1995,1481,0.7424
977,801,0.338058,1995,1481,0.7424
801,978,0.316882,1731,1270,0.7337
978,801,0.316882,1731,1270,0.7337
801,979,-0.111111,60,48,0.8
979,801,-0.111111,60,48,0.8
802,806,0.567044,1983,1684,0.8492
806,802,0.567044,1983,1684,0.8492
802,809,0.794032,1255,1152,0.9179
809,802,0.794032,1255,1152,0.9179
802,811,0.464896,1749,1381,0.7896
811,802,0.464896,1749,1381,0.7896
802,818,0.676978,1941,1716,0.8841
818,802,0.676978,1941,1716,0.8841
802,819,0.659882,1570,1364,0.8688
819,802,0.659882,1570,1364,0.8688
802,822,0.505428,1943,1593,0.8199
822,802,0.505428,1943,1593,0.8199
802,826,0.606511,2055,1768,0.8603
826,802,0.606511,2055,1768,0.8603
802,828,0.581084,1875,1609,0.8581
828,802,0.581084,1875,1609,0.8581
802,829,0.527236,1909,1604,0.8402
829,802,0.527236,1909,1604,0.8402
802,831,0.435435,1977,1569,0.7936
831,802,0.435435,1977,1569,0.7936
802,834,0.440572,2025,1614,0.797
834,802,0.440572,2025,1614,0.797
802,840,0.50024,1788,1402,0.7841
840,802,0.50024,1788,1402,0.7841
802,842,0.684825,1916,1699,0.8867
842,802,0.684825,1916,1699,0.8867
802,845,0.569747,2016,1694,0.8403
845,802,0.569747,2016,1694,0.8403
802,851,0.482666,2018,1643,0.8142
851,802,0.482666,2018,1643,0.8142
802,857,0.576266,1385,1206,0.8708
857,802,0.576266,1385,1206,0.8708
802,861,0.367525,1797,1353,0.7529
861,802,0.367525,1797,1353,0.7529
802,864,0.73458,1858,1678,0.9031
864,802,0.73458,1858,1678,0.9031
802,870,0.466896,1806,1453,0.8045
870,802,0.466896,1806,1453,0.8045
802,874,0.510205,2013,1637,0.8132
874,802,0.510205,2013,1637,0.8132
802,875,0.553378,1794,1495,0.8333
875,802,0.553378,1794,1495,0.8333
802,881,0.490281,1673,1331,0.7956
881,802,0.490281,1673,1331,0.7956
802,883,0.729495,2035,1843,0.9057
883,802,0.729495,2035,1843,0.9057
802,884,0.569126,2032,1698,0.8356
884,802,0.569126,2032,1698,0.8356
802,885,0.727069,1939,1752,0.9036
885,802,0.727069,1939,1752,0.9036
802,886,0.667416,2026,1789,0.883
886,802,0.667416,2026,1789,0.883
802,887,0.685777,2110,1886,0.8938
887,802,0.685777,2110,1886,0.8938
802,888,0.507244,1827,1494,0.8177
888,802,0.507244,1827,1494,0.8177
802,889,0.382445,2029,1544,0.761
889,802,0.382445,2029,1544,0.761
802,890,0.677522,1980,1730,0.8737
890,802,0.677522,1980,1730,0.8737
802,891,0.647423,2060,1820,0.8835
891,802,0.647423,2060,1820,0.8835
802,892,0.547415,1205,972,0.8066
892,802,0.547415,1205,972,0.8066
802,893,0.504623,2102,1725,0.8206
893,802,0.504623,2102,1725,0.8206
802,894,0.463342,2178,1772,0.8136
894,802,0.463342,2178,1772,0.8136
802,895,0.43436,2067,1624,0.7857
895,802,0.43436,2067,1624,0.7857
802,896,0.432243,2010,1567,0.7796
896,802,0.432243,2010,1567,0.7796
802,897,0.472971,2023,1641,0.8112
897,802,0.472971,2023,1641,0.8112
802,898,0.458503,1750,1312,0.7497
898,802,0.458503,1750,1312,0.7497
802,899,0.251104,1949,1379,0.7075
899,802,0.251104,1949,1379,0.7075
802,900,0.7219,2036,1834,0.9008
900,802,0.7219,2036,1834,0.9008
802,901,0.554004,1726,1397,0.8094
901,802,0.554004,1726,1397,0.8094
802,902,0.644825,2038,1797,0.8817
902,802,0.644825,2038,1797,0.8817
802,903,0.789849,2148,1992,0.9274
903,802,0.789849,2148,1992,0.9274
802,904,0.672509,1952,1729,0.8858
904,802,0.672509,1952,1729,0.8858
802,905,0.663514,1601,1396,0.872
905,802,0.663514,1601,1396,0.872
802,906,0.535597,1679,1374,0.8183
906,802,0.535597,1679,1374,0.8183
802,907,0.665072,2103,1857,0.883
907,802,0.665072,2103,1857,0.883
802,908,0.43238,2132,1695,0.795
908,802,0.43238,2132,1695,0.795
802,909,0.465062,2146,1742,0.8117
909,802,0.465062,2146,1742,0.8117
802,910,0.429201,1893,1500,0.7924
910,802,0.429201,1893,1500,0.7924
802,911,0.421201,2049,1604,0.7828
911,802,0.421201,2049,1604,0.7828
802,912,0.440572,2094,1676,0.8004
912,802,0.440572,2094,1676,0.8004
802,913,0.457683,1991,1605,0.8061
913,802,0.457683,1991,1605,0.8061
802,914,0.398057,1984,1527,0.7697
914,802,0.398057,1984,1527,0.7697
802,915,0.747244,2088,1901,0.9104
915,802,0.747244,2088,1901,0.9104
802,917,0.454625,1896,1496,0.789
917,802,0.454625,1896,1496,0.789
802,918,0.679517,2032,1803,0.8873
918,802,0.679517,2032,1803,0.8873
802,919,0.593845,2116,1797,0.8492
919,802,0.593845,2116,1797,0.8492
802,920,0.646159,2047,1798,0.8784
920,802,0.646159,2047,1798,0.8784
802,921,0.463708,1878,1542,0.8211
921,802,0.463708,1878,1542,0.8211
802,922,0.750566,2006,1827,0.9108
922,802,0.750566,2006,1827,0.9108
802,923,0.475395,2147,1773,0.8258
923,802,0.475395,2147,1773,0.8258
802,924,0.647585,2045,1805,0.8826
924,802,0.647585,2045,1805,0.8826
802,925,0.461884,2079,1708,0.8215
925,802,0.461884,2079,1708,0.8215
802,926,0.588309,1919,1656,0.8629
926,802,0.588309,1919,1656,0.8629
802,927,0.732996,2020,1839,0.9104
927,802,0.732996,2020,1839,0.9104
802,928,0.692831,1955,1745,0.8926
928,802,0.692831,1955,1745,0.8926
802,929,0.502839,2028,1654,0.8156
929,802,0.502839,2028,1654,0.8156
802,930,0.363424,2064,1525,0.7389
930,802,0.363424,2064,1525,0.7389
802,931,0.466392,1584,1235,0.7797
931,802,0.466392,1584,1235,0.7797
802,932,0.709256,2060,1848,0.8971
932,802,0.709256,2060,1848,0.8971
802,933,0.359503,1654,1227,0.7418
933,802,0.359503,1654,1227,0.7418
802,934,0.462363,2076,1681,0.8097
934,802,0.462363,2076,1681,0.8097
802,935,0.344243,2014,1457,0.7234
935,802,0.344243,2014,1457,0.7234
802,936,1.0,14,14,1.0
936,802,1.0,14,14,1.0
802,937,0.405888,2056,1600,0.7782
937,802,0.405888,2056,1600,0.7782
802,938,0.499218,304,248,0.8158
938,802,0.499218,304,248,0.8158
802,939,0.639567,2114,1834,0.8675
939,802,0.639567,2114,1834,0.8675
802,940,0.413502,1906,1489,0.7812
940,802,0.413502,1906,1489,0.7812
802,941,0.52901,1811,1501,0.8288
941,802,0.52901,1811,1501,0.8288
802,942,0.697783,2104,1859,0.8836
942,802,0.697783,2104,1859,0.8836
802,943,0.421383,1867,1394,0.7467
943,802,0.421383,1867,1394,0.7467
802,944,0.536282,1736,1406,0.8099
944,802,0.536282,1736,1406,0.8099
802,945,0.619857,1874,1605,0.8565
945,802,0.619857,1874,1605,0.8565
802,946,0.4563,1785,1370,0.7675
946,802,0.4563,1785,1370,0.7675
802,947,0.482934,1669,1332,0.7981
947,802,0.482934,1669,1332,0.7981
802,948,0.353978,1643,1232,0.7498
948,802,0.353978,1643,1232,0.7498
802,949,0.631147,1973,1695,0.8591
949,802,0.631147,1973,1695,0.8591
802,950,0.65249,1996,1748,0.8758
950,802,0.65249,1996,1748,0.8758
802,951,0.423655,1946,1518,0.7801
951,802,0.423655,1946,1518,0.7801
802,952,0.510045,1928,1578,0.8185
952,802,0.510045,1928,1578,0.8185
802,953,0.496127,2027,1695,0.8362
953,802,0.496127,2027,1695,0.8362
802,954,0.534327,1691,1373,0.8119
954,802,0.534327,1691,1373,0.8119
802,955,0.537972,1910,1560,0.8168
955,802,0.537972,1910,1560,0.8168
802,956,0.556081,1930,1617,0.8378
956,802,0.556081,1930,1617,0.8378
802,957,0.598096,1966,1677,0.853
957,802,0.598096,1966,1677,0.853
802,958,0.401927,1888,1478,0.7828
958,802,0.401927,1888,1478,0.7828
802,959,0.45264,2071,1661,0.802
959,802,0.45264,2071,1661,0.802
802,960,0.434465,2031,1602,0.7888
960,802,0.434465,2031,1602,0.7888
802,961,0.592366,1980,1703,0.8601
961,802,0.592366,1980,1703,0.8601
802,962,0.430961,1832,1376,0.7511
962,802,0.430961,1832,1376,0.7511
802,963,0.658861,1983,1744,0.8795
963,802,0.658861,1983,1744,0.8795
802,964,0.54488,1856,1534,0.8265
964,802,0.54488,1856,1534,0.8265
802,965,0.552977,1995,1657,0.8306
965,802,0.552977,1995,1657,0.8306
802,966,0.41263,1804,1328,0.7361
966,802,0.41263,1804,1328,0.7361
802,967,0.631214,1967,1712,0.8704
967,802,0.631214,1967,1712,0.8704
802,969,0.684613,2122,1899,0.8949
969,802,0.684613,2122,1899,0.8949
802,970,0.588683,2027,1740,0.8584
970,802,0.588683,2027,1740,0.8584
802,971,0.742553,1983,1807,0.9112
971,802,0.742553,1983,1807,0.9112
802,972,0.675318,1924,1703,0.8851
972,802,0.675318,1924,1703,0.8851
802,973,0.385424,1246,887,0.7119
973,802,0.385424,1246,887,0.7119
802,974,0.598279,1785,1530,0.8571
974,802,0.598279,1785,1530,0.8571
802,976,0.559372,1845,1512,0.8195
976,802,0.559372,1845,1512,0.8195
802,977,0.427062,2094,1657,0.7913
977,802,0.427062,2094,1657,0.7913
802,978,0.419632,1835,1456,0.7935
978,802,0.419632,1835,1456,0.7935
802,979,0.246849,59,53,0.8983
979,802,0.246849,59,53,0.8983
806,809,0.540147,1135,929,0.8185
809,806,0.540147,1135,929,0.8185
806,811,0.392878,1770,1339,0.7565
811,806,0.392878,1770,1339,0.7565
806,818,0.577659,1946,1638,0.8417
818,806,0.577659,1946,1638,0.8417
806,819,0.558581,1609,1322,0.8216
819,806,0.558581,1609,1322,0.8216
806,822,0.400591,1993,1550,0.7777
822,806,0.400591,1993,1550,0.7777
806,826,0.446383,2053,1628,0.793
826,806,0.446383,2053,1628,0.793
806,828,0.466845,1816,1505,0.8287
828,806,0.466845,1816,1505,0.8287
806,829,0.553427,1936,1629,0.8414
829,806,0.553427,1936,1629,0.8414
806,831,0.398825,1967,1517,0.7712
831,806,0.398825,1967,1517,0.7712
806,834,0.408482,2005,1558,0.7771
834,806,0.408482,2005,1558,0.7771
806,840,0.435161,1833,1369,0.7469
840,806,0.435161,1833,1369,0.7469
806,842,0.551566,1903,1578,0.8292
842,806,0.551566,1903,1578,0.8292
806,845,0.457304,2028,1599,0.7885
845,806,0.457304,2028,1599,0.7885
806,851,0.435729,1910,1532,0.8021
851,806,0.435729,1910,1532,0.8021
806,857,0.52594,1415,1175,0.8304
857,806,0.52594,1415,1175,0.8304
806,861,0.323094,1790,1298,0.7251
861,806,0.323094,1790,1298,0.7251
806,864,0.512684,1821,1477,0.8111
864,806,0.512684,1821,1477,0.8111
806,870,0.588721,1865,1569,0.8413
870,806,0.588721,1865,1569,0.8413
806,874,0.401811,2003,1531,0.7644
874,806,0.401811,2003,1531,0.7644
806,875,0.388541,1716,1334,0.7774
875,806,0.388541,1716,1334,0.7774
806,881,0.409324,1729,1313,0.7594
881,806,0.409324,1729,1313,0.7594
806,883,0.60763,2026,1731,0.8544
883,806,0.60763,2026,1731,0.8544
806,884,0.441503,2039,1596,0.7827
884,806,0.441503,2039,1596,0.7827
806,885,0.603172,1941,1650,0.8501
885,806,0.603172,1941,1650,0.8501
806,886,0.534434,1983,1641,0.8275
886,806,0.534434,1983,1641,0.8275
806,887,0.473765,2018,1671,0.828
887,806,0.473765,2018,1671,0.828
806,888,0.453845,1804,1423,0.7888
888,806,0.453845,1804,1423,0.7888
806,889,0.387583,2046,1540,0.7527
889,806,0.387583,2046,1540,0.7527
806,890,0.496588,1953,1548,0.7926
890,806,0.496588,1953,1548,0.7926
806,891,0.51208,2088,1740,0.8333
891,806,0.51208,2088,1740,0.8333
806,892,0.455263,1230,931,0.7569
892,806,0.455263,1230,931,0.7569
806,893,0.471681,2092,1672,0.7992
893,806,0.471681,2092,1672,0.7992
806,894,0.445893,2159,1719,0.7962
894,806,0.445893,2159,1719,0.7962
806,895,0.388282,2073,1574,0.7593
895,806,0.388282,2073,1574,0.7593
806,896,0.406948,2018,1538,0.7621
896,806,0.406948,2018,1538,0.7621
806,897,0.436571,2005,1583,0.7895
897,806,0.436571,2005,1583,0.7895
806,898,0.406802,1773,1283,0.7236
898,806,0.406802,1773,1283,0.7236
806,899,0.253891,1958,1361,0.6951
899,806,0.253891,1958,1361,0.6951
806,900,0.587515,2040,1720,0.8431
900,806,0.587515,2040,1720,0.8431
806,901,0.458653,1780,1362,0.7652
901,806,0.458653,1780,1362,0.7652
806,902,0.502902,2020,1669,0.8262
902,806,0.502902,2020,1669,0.8262
806,903,0.636507,2163,1875,0.8669
903,806,0.636507,2163,1875,0.8669
806,904,0.583897,1941,1642,0.846
904,806,0.583897,1941,1642,0.846
806,905,0.5362,1613,1317,0.8165
905,806,0.5362,1613,1317,0.8165
806,906,0.517541,1674,1341,0.8011
906,806,0.517541,1674,1341,0.8011
806,907,0.425328,2075,1642,0.7913
907,806,0.425328,2075,1642,0.7913
806,908,0.409635,2101,1636,0.7787
908,806,0.409635,2101,1636,0.7787
806,909,0.445314,2123,1687,0.7946
909,806,0.445314,2123,1687,0.7946
806,910,0.402305,1907,1471,0.7714
910,806,0.402305,1907,1471,0.7714
806,911,0.429989,2079,1616,0.7773
911,806,0.429989,2079,1616,0.7773
806,912,0.424645,2097,1647,0.7854
912,806,0.424645,2097,1647,0.7854
806,913,0.418235,1999,1567,0.7839
913,806,0.418235,1999,1567,0.7839
806,914,0.391059,1978,1495,0.7558
914,806,0.391059,1978,1495,0.7558
806,915,0.530898,2066,1701,0.8233
915,806,0.530898,2066,1701,0.8233
806,917,0.59675,1926,1620,0.8411
917,806,0.59675,1926,1620,0.8411
806,918,0.556015,2004,1671,0.8338
918,806,0.556015,2004,1671,0.8338
806,919,0.496521,2103,1692,0.8046
919,806,0.496521,2103,1692,0.8046
806,920,0.721961,2159,1945,0.9009
920,806,0.721961,2159,1945,0.9009
806,921,0.458105,1907,1548,0.8117
921,806,0.458105,1907,1548,0.8117
806,922,0.614507,1984,1694,0.8538
922,806,0.614507,1984,1694,0.8538
806,923,0.463558,2132,1729,0.811
923,806,0.463558,2132,1729,0.811
806,924,0.538572,2037,1704,0.8365
924,806,0.538572,2037,1704,0.8365
806,925,0.432902,2078,1666,0.8017
925,806,0.432902,2078,1666,0.8017
806,926,0.510956,1784,1504,0.843
926,806,0.510956,1784,1504,0.843
806,927,0.591064,2061,1762,0.8549
927,806,0.591064,2061,1762,0.8549
806,928,0.564755,1945,1630,0.838
928,806,0.564755,1945,1630,0.838
806,929,0.391645,1897,1477,0.7786
929,806,0.391645,1897,1477,0.7786
806,930,0.341951,2060,1495,0.7257
930,806,0.341951,2060,1495,0.7257
806,931,0.393763,1486,1119,0.753
931,806,0.393763,1486,1119,0.753
806,932,0.563728,2084,1743,0.8364
932,806,0.563728,2084,1743,0.8364
806,933,0.490305,1734,1373,0.7918
933,806,0.490305,1734,1373,0.7918
806,934,0.4571,2065,1652,0.8
934,806,0.4571,2065,1652,0.8
806,935,0.330119,2031,1441,0.7095
935,806,0.330119,2031,1441,0.7095
806,936,1.0,14,14,1.0
936,806,1.0,14,14,1.0
806,937,0.391456,2060,1568,0.7612
937,806,0.391456,2060,1568,0.7612
806,938,0.567067,285,245,0.8596
938,806,0.567067,285,245,0.8596
806,939,0.600989,2133,1805,0.8462
939,806,0.600989,2133,1805,0.8462
806,940,0.601945,1957,1656,0.8462
940,806,0.601945,1957,1656,0.8462
806,941,0.651865,1912,1659,0.8677
941,806,0.651865,1912,1659,0.8677
806,942,0.498565,2027,1614,0.7963
942,806,0.498565,2027,1614,0.7963
806,943,0.393889,1942,1427,0.7348
943,806,0.393889,1942,1427,0.7348
806,944,0.470003,1788,1386,0.7752
944,806,0.470003,1788,1386,0.7752
806,945,0.543107,1942,1595,0.8213
945,806,0.543107,1942,1595,0.8213
806,946,0.390981,1826,1345,0.7366
946,806,0.390981,1826,1345,0.7366
806,947,0.33804,1763,1304,0.7396
947,806,0.33804,1763,1304,0.7396
806,948,0.409445,1664,1267,0.7614
948,806,0.409445,1664,1267,0.7614
806,949,0.563807,2005,1660,0.8279
949,806,0.563807,2005,1660,0.8279
806,950,0.518375,2034,1671,0.8215
950,806,0.518375,2034,1671,0.8215
806,951,0.393017,1951,1480,0.7586
951,806,0.393017,1951,1480,0.7586
806,952,0.410233,1932,1485,0.7686
952,806,0.410233,1932,1485,0.7686
806,953,0.589546,2063,1768,0.857
953,806,0.589546,2063,1768,0.857
806,954,0.457376,1766,1368,0.7746
954,806,0.457376,1766,1368,0.7746
806,955,0.453068,1912,1473,0.7704
955,806,0.453068,1912,1473,0.7704
806,956,0.432176,1995,1571,0.7875
956,806,0.432176,1995,1571,0.7875
806,957,0.416022,2008,1562,0.7779
957,806,0.416022,2008,1562,0.7779
806,958,0.418627,1930,1509,0.7819
958,806,0.418627,1930,1509,0.7819
806,959,0.413726,2059,1601,0.7776
959,806,0.413726,2059,1601,0.7776
806,960,0.416946,2031,1567,0.7715
960,806,0.416946,2031,1567,0.7715
806,961,0.530288,1998,1654,0.8278
961,806,0.530288,1998,1654,0.8278
806,962,0.378902,1889,1376,0.7284
962,806,0.378902,1889,1376,0.7284
806,963,0.511625,2021,1663,0.8229
963,806,0.511625,2021,1663,0.8229
806,964,0.455333,1891,1487,0.7864
964,806,0.455333,1891,1487,0.7864
806,965,0.462056,1980,1568,0.7919
965,806,0.462056,1980,1568,0.7919
806,966,0.365328,1898,1355,0.7139
966,806,0.365328,1898,1355,0.7139
806,967,0.524376,2037,1684,0.8267
967,806,0.524376,2037,1684,0.8267
806,969,0.535535,2117,1775,0.8385
969,806,0.535535,2117,1775,0.8385
806,970,0.430185,1944,1571,0.8081
970,806,0.430185,1944,1571,0.8081
806,971,0.547341,1952,1631,0.8356
971,806,0.547341,1952,1631,0.8356
806,972,0.571921,1952,1642,0.8412
972,806,0.571921,1952,1642,0.8412
806,973,0.215979,1274,814,0.6389
973,806,0.215979,1274,814,0.6389
806,974,0.532247,1853,1524,0.8225
974,806,0.532247,1853,1524,0.8225
806,976,0.461413,1898,1467,0.7729
976,806,0.461413,1898,1467,0.7729
806,977,0.394565,2072,1594,0.7693
977,806,0.394565,2072,1594,0.7693
806,978,0.402303,1824,1409,0.7725
978,806,0.402303,1824,1409,0.7725
806,979,0.201435,54,48,0.8889
979,806,0.201435,54,48,0.8889
809,811,0.464696,1111,854,0.7687
811,809,0.464696,1111,854,0.7687
809,818,0.695384,1241,1092,0.8799
818,809,0.695384,1241,1092,0.8799
809,819,0.719346,914,803,0.8786
819,809,0.719346,914,803,0.8786
809,822,0.524676,1152,911,0.7908
822,809,0.524676,1152,911,0.7908
809,826,0.708805,1222,1080,0.8838
826,809,0.708805,1222,1080,0.8838
809,828,0.606804,1173,997,0.85
828,809,0.606804,1173,997,0.85
809,829,0.534618,1095,899,0.821
829,809,0.534618,1095,899,0.821
809,831,0.416164,1170,900,0.7692
831,809,0.416164,1170,900,0.7692
809,834,0.427971,1197,928,0.7753
834,809,0.427971,1197,928,0.7753
809,840,0.67391,1116,957,0.8575
840,809,0.67391,1116,957,0.8575
809,842,0.739244,1235,1108,0.8972
842,809,0.739244,1235,1108,0.8972
809,845,0.688958,1155,1009,0.8736
845,809,0.688958,1155,1009,0.8736
809,851,0.483257,1200,951,0.7925
851,809,0.483257,1200,951,0.7925
809,857,0.487312,677,568,0.839
857,809,0.487312,677,568,0.839
809,861,0.429292,1148,884,0.77
861,809,0.429292,1148,884,0.77
809,864,0.728596,1157,1029,0.8894
864,809,0.728596,1157,1029,0.8894
809,870,0.385077,1065,803,0.754
870,809,0.385077,1065,803,0.754
809,874,0.537428,1253,1015,0.8101
874,809,0.537428,1253,1015,0.8101
809,875,0.731095,1170,1044,0.8923
875,809,0.731095,1170,1044,0.8923
809,881,0.535743,1013,799,0.7887
881,809,0.535743,1013,799,0.7887
809,883,0.768533,1265,1151,0.9099
883,809,0.768533,1265,1151,0.9099
809,884,0.522504,1178,926,0.7861
884,809,0.522504,1178,926,0.7861
809,885,0.768345,1154,1046,0.9064
885,809,0.768345,1154,1046,0.9064
809,886,0.752934,1255,1135,0.9044
886,809,0.752934,1255,1135,0.9044
809,887,0.723542,1228,1095,0.8917
887,809,0.723542,1228,1095,0.8917
809,888,0.518769,1180,946,0.8017
888,809,0.518769,1180,946,0.8017
809,889,0.404894,1230,936,0.761
889,809,0.404894,1230,936,0.761
809,890,0.776871,1168,1060,0.9075
890,809,0.776871,1168,1060,0.9075
809,891,0.714284,1194,1061,0.8886
891,809,0.714284,1194,1061,0.8886
809,892,0.600854,928,758,0.8168
892,809,0.600854,928,758,0.8168
809,893,0.545699,1244,1022,0.8215
893,809,0.545699,1244,1022,0.8215
809,894,0.448511,1292,1019,0.7887
894,809,0.448511,1292,1019,0.7887
809,895,0.411047,1216,928,0.7632
895,809,0.411047,1216,928,0.7632
809,896,0.403992,1244,941,0.7564
896,809,0.403992,1244,941,0.7564
809,897,0.44725,1234,968,0.7844
897,809,0.44725,1234,968,0.7844
809,898,0.508266,1142,878,0.7688
898,809,0.508266,1142,878,0.7688
809,899,0.288669,1124,799,0.7109
899,809,0.288669,1124,799,0.7109
809,900,0.762575,1235,1118,0.9053
900,809,0.762575,1235,1118,0.9053
809,901,0.603544,1071,876,0.8179
901,809,0.603544,1071,876,0.8179
809,902,0.664064,1185,1030,0.8692
902,809,0.664064,1185,1030,0.8692
809,903,0.829396,1277,1192,0.9334
903,809,0.829396,1277,1192,0.9334
809,904,0.710981,1209,1069,0.8842
904,809,0.710981,1209,1069,0.8842
809,905,0.717547,1068,944,0.8839
905,809,0.717547,1068,944,0.8839
809,906,0.56598,1029,838,0.8144
906,809,0.56598,1029,838,0.8144
809,907,0.697255,1306,1152,0.8821
907,809,0.697255,1306,1152,0.8821
809,908,0.442484,1268,996,0.7855
908,809,0.442484,1268,996,0.7855
809,909,0.44967,1276,1005,0.7876
909,809,0.44967,1276,1005,0.7876
809,910,0.431255,1092,845,0.7738
910,809,0.431255,1092,845,0.7738
809,911,0.412129,1183,901,0.7616
911,809,0.412129,1183,901,0.7616
809,912,0.446971,1255,984,0.7841
912,809,0.446971,1255,984,0.7841
809,913,0.435231,1210,947,0.7826
913,809,0.435231,1210,947,0.7826
809,914,0.402628,1122,853,0.7602
914,809,0.402628,1122,853,0.7602
809,915,0.822692,1243,1155,0.9292
915,809,0.822692,1243,1155,0.9292
809,917,0.413655,1040,788,0.7577
917,809,0.413655,1040,788,0.7577
809,918,0.670586,1273,1107,0.8696
918,809,0.670586,1273,1107,0.8696
809,919,0.613958,1257,1058,0.8417
919,809,0.613958,1257,1058,0.8417
809,920,0.642592,1185,1020,0.8608
920,809,0.642592,1185,1020,0.8608
809,921,0.465421,1182,945,0.7995
921,809,0.465421,1182,945,0.7995
809,922,0.791129,1171,1071,0.9146
922,809,0.791129,1171,1071,0.9146
809,923,0.490808,1272,1026,0.8066
923,809,0.490808,1272,1026,0.8066
809,924,0.70577,1179,1046,0.8872
924,809,0.70577,1179,1046,0.8872
809,925,0.521187,1218,1002,0.8227
925,809,0.521187,1218,1002,0.8227
809,926,0.544264,1264,1050,0.8307
926,809,0.544264,1264,1050,0.8307
809,927,0.786456,1187,1087,0.9158
927,809,0.786456,1187,1087,0.9158
809,928,0.733569,1178,1054,0.8947
928,809,0.733569,1178,1054,0.8947
809,929,0.546493,1253,1026,0.8188
929,809,0.546493,1253,1026,0.8188
809,930,0.345085,1236,882,0.7136
930,809,0.345085,1236,882,0.7136
809,931,0.465311,1022,785,0.7681
931,809,0.465311,1022,785,0.7681
809,932,0.737013,1241,1110,0.8944
932,809,0.737013,1241,1110,0.8944
809,933,0.269105,974,654,0.6715
933,809,0.269105,974,654,0.6715
809,934,0.421008,1232,954,0.7744
934,809,0.421008,1232,954,0.7744
809,935,0.370414,1180,866,0.7339
935,809,0.370414,1180,866,0.7339
809,936,0.679366,14,13,0.9286
936,809,0.679366,14,13,0.9286
809,937,0.432456,1224,951,0.777
937,809,0.432456,1224,951,0.777
809,938,0.684569,245,217,0.8857
938,809,0.684569,245,217,0.8857
809,939,0.72305,1227,1090,0.8883
939,809,0.72305,1227,1090,0.8883
809,940,0.3281,1085,792,0.73
940,809,0.3281,1085,792,0.73
809,941,0.47918,1026,806,0.7856
941,809,0.47918,1026,806,0.7856
809,942,0.810765,1273,1177,0.9246
942,809,0.810765,1273,1177,0.9246
809,943,0.493825,1080,823,0.762
943,809,0.493825,1080,823,0.762
809,944,0.647155,1099,932,0.848
944,809,0.647155,1099,932,0.848
809,945,0.630879,1087,912,0.839
945,809,0.630879,1087,912,0.839
809,946,0.527191,1102,876,0.7949
946,809,0.527191,1102,876,0.7949
809,947,0.571131,1001,810,0.8092
947,809,0.571131,1001,810,0.8092
809,948,0.318844,1072,781,0.7285
948,809,0.318844,1072,781,0.7285
809,949,0.72181,1236,1098,0.8883
949,809,0.72181,1236,1098,0.8883
809,950,0.733579,1150,1026,0.8922
950,809,0.733579,1150,1026,0.8922
809,951,0.420868,1149,887,0.772
951,809,0.420868,1149,887,0.772
809,952,0.551762,1216,986,0.8109
952,809,0.551762,1216,986,0.8109
809,953,0.463232,1205,962,0.7983
953,809,0.463232,1205,962,0.7983
809,954,0.643397,968,812,0.8388
954,809,0.643397,968,812,0.8388
809,955,0.616592,1198,1002,0.8364
955,809,0.616592,1198,1002,0.8364
809,956,0.580376,1130,925,0.8186
956,809,0.580376,1130,925,0.8186
809,957,0.639853,1198,1025,0.8556
957,809,0.639853,1198,1025,0.8556
809,958,0.371524,1140,859,0.7535
958,809,0.371524,1140,859,0.7535
809,959,0.444727,1240,972,0.7839
959,809,0.444727,1240,972,0.7839
809,960,0.465415,1247,987,0.7915
960,809,0.465415,1247,987,0.7915
809,961,0.669719,1143,995,0.8705
961,809,0.669719,1143,995,0.8705
809,962,0.552946,1077,850,0.7892
962,809,0.552946,1077,850,0.7892
809,963,0.759756,1198,1083,0.904
963,809,0.759756,1198,1083,0.904
809,964,0.575299,1141,934,0.8186
964,809,0.575299,1141,934,0.8186
809,965,0.529594,1212,950,0.7838
965,809,0.529594,1212,950,0.7838
809,966,0.537796,1033,805,0.7793
966,809,0.537796,1033,805,0.7793
809,967,0.666882,1141,987,0.865
967,809,0.666882,1141,987,0.865
809,969,0.74625,1238,1115,0.9006
969,809,0.74625,1238,1115,0.9006
809,970,0.630482,1195,1022,0.8552
970,809,0.630482,1195,1022,0.8552
809,971,0.804143,1170,1079,0.9222
971,809,0.804143,1170,1079,0.9222
809,972,0.706542,1187,1046,0.8812
972,809,0.706542,1187,1046,0.8812
809,973,0.595239,942,770,0.8174
973,809,0.595239,942,770,0.8174
809,974,0.639115,1141,974,0.8536
974,809,0.639115,1141,974,0.8536
809,976,0.617785,1146,953,0.8316
976,809,0.617785,1146,953,0.8316
809,977,0.414472,1218,942,0.7734
977,809,0.414472,1218,942,0.7734
809,978,0.363196,1021,762,0.7463
978,809,0.363196,1021,762,0.7463
811,818,0.47167,1808,1413,0.7815
818,811,0.47167,1808,1413,0.7815
811,819,0.46802,1455,1111,0.7636
819,811,0.46802,1455,1111,0.7636
811,822,0.413259,1785,1348,0.7552
822,811,0.413259,1785,1348,0.7552
811,826,0.396488,1886,1423,0.7545
826,811,0.396488,1886,1423,0.7545
811,828,0.416469,1696,1316,0.7759
828,811,0.416469,1696,1316,0.7759
811,829,0.418883,1726,1318,0.7636
829,811,0.418883,1726,1318,0.7636
811,831,0.301196,1755,1237,0.7048
831,811,0.301196,1755,1237,0.7048
811,834,0.278377,1828,1273,0.6964
834,811,0.278377,1828,1273,0.6964
811,840,0.377825,1593,1149,0.7213
840,811,0.377825,1593,1149,0.7213
811,842,0.413962,1801,1358,0.754
842,811,0.413962,1801,1358,0.754
811,845,0.410212,1838,1380,0.7508
845,811,0.410212,1838,1380,0.7508
811,851,0.386482,1713,1292,0.7542
851,811,0.386482,1713,1292,0.7542
811,857,0.297223,1234,897,0.7269
857,811,0.297223,1234,897,0.7269
811,861,0.303,1599,1115,0.6973
861,811,0.303,1599,1115,0.6973
811,864,0.46264,1626,1252,0.77
864,811,0.46264,1626,1252,0.77
811,870,0.384498,1731,1281,0.74
870,811,0.384498,1731,1281,0.74
811,874,0.498065,1835,1449,0.7896
874,811,0.498065,1835,1449,0.7896
811,875,0.400676,1541,1167,0.7573
875,811,0.400676,1541,1167,0.7573
811,881,0.404423,1507,1111,0.7372
881,811,0.404423,1507,1111,0.7372
811,883,0.421711,1823,1382,0.7581
883,811,0.421711,1823,1382,0.7581
811,884,0.417486,1858,1387,0.7465
884,811,0.417486,1858,1387,0.7465
811,885,0.48206,1758,1385,0.7878
885,811,0.48206,1758,1385,0.7878
811,886,0.437333,1791,1374,0.7672
886,811,0.437333,1791,1374,0.7672
811,887,0.479172,1813,1437,0.7926
887,811,0.479172,1813,1437,0.7926
811,888,0.38089,1636,1211,0.7402
888,811,0.38089,1636,1211,0.7402
811,889,0.272643,1844,1264,0.6855
889,811,0.272643,1844,1264,0.6855
811,890,0.388481,1760,1291,0.7335
890,811,0.388481,1760,1291,0.7335
811,891,0.416043,1875,1436,0.7659
891,811,0.416043,1875,1436,0.7659
811,892,0.323792,1107,754,0.6811
892,811,0.323792,1107,754,0.6811
811,893,0.403415,1885,1421,0.7538
893,811,0.403415,1885,1421,0.7538
811,894,0.275843,1985,1389,0.6997
894,811,0.275843,1985,1389,0.6997
811,895,0.27907,1887,1307,0.6926
895,811,0.27907,1887,1307,0.6926
811,896,0.236114,1810,1207,0.6669
896,811,0.236114,1810,1207,0.6669
811,897,0.258832,1812,1249,0.6893
897,811,0.258832,1812,1249,0.6893
811,898,0.332016,1688,1160,0.6872
898,811,0.332016,1688,1160,0.6872
811,899,0.242155,1756,1189,0.6771
899,811,0.242155,1756,1189,0.6771
811,900,0.491708,1871,1471,0.7862
900,811,0.491708,1871,1471,0.7862
811,901,0.444459,1573,1180,0.7502
901,811,0.444459,1573,1180,0.7502
811,902,0.466627,1826,1429,0.7826
902,811,0.466627,1826,1429,0.7826
811,903,0.413627,1947,1477,0.7586
903,811,0.413627,1947,1477,0.7586
811,904,0.485058,1809,1417,0.7833
904,811,0.485058,1809,1417,0.7833
811,905,0.483598,1479,1150,0.7776
905,811,0.483598,1479,1150,0.7776
811,906,0.440268,1499,1128,0.7525
906,811,0.440268,1499,1128,0.7525
811,907,0.356787,1969,1445,0.7339
907,811,0.356787,1969,1445,0.7339
811,908,0.261805,1877,1306,0.6958
908,811,0.261805,1877,1306,0.6958
811,909,0.273817,1940,1358,0.7
909,811,0.273817,1940,1358,0.7
811,910,0.277784,1756,1222,0.6959
910,811,0.277784,1756,1222,0.6959
811,911,0.298374,1849,1302,0.7042
911,811,0.298374,1849,1302,0.7042
811,912,0.274568,1885,1317,0.6987
912,811,0.274568,1885,1317,0.6987
811,913,0.280609,1823,1278,0.701
913,811,0.280609,1823,1278,0.701
811,914,0.279935,1826,1267,0.6939
914,811,0.279935,1826,1267,0.6939
811,915,0.451858,1850,1430,0.773
915,811,0.451858,1850,1430,0.773
811,917,0.301082,1701,1200,0.7055
917,811,0.301082,1701,1200,0.7055
811,918,0.469015,1854,1441,0.7772
918,811,0.469015,1854,1441,0.7772
811,919,0.396893,1915,1423,0.7431
919,811,0.396893,1915,1423,0.7431
811,920,0.404426,1848,1402,0.7587
920,811,0.404426,1848,1402,0.7587
811,921,0.442116,1780,1386,0.7787
921,811,0.442116,1780,1386,0.7787
811,922,0.433986,1792,1369,0.764
922,811,0.433986,1792,1369,0.764
811,923,0.396811,1939,1467,0.7566
923,811,0.396811,1939,1467,0.7566
811,924,0.47342,1838,1446,0.7867
924,811,0.47342,1838,1446,0.7867
811,925,0.336586,1896,1405,0.741
925,811,0.336586,1896,1405,0.741
811,926,0.388866,1710,1302,0.7614
926,811,0.388866,1710,1302,0.7614
811,927,0.476382,1853,1463,0.7895
927,811,0.476382,1853,1463,0.7895
811,928,0.417732,1802,1359,0.7542
928,811,0.417732,1802,1359,0.7542
811,929,0.371877,1713,1272,0.7426
929,811,0.371877,1713,1272,0.7426
811,930,0.323203,1880,1328,0.7064
930,811,0.323203,1880,1328,0.7064
811,931,0.374305,1335,979,0.7333
931,811,0.374305,1335,979,0.7333
811,932,0.453205,1861,1433,0.77
932,811,0.453205,1861,1433,0.77
811,933,0.249893,1540,1027,0.6669
933,811,0.249893,1540,1027,0.6669
811,934,0.260079,1882,1312,0.6971
934,811,0.260079,1882,1312,0.6971
811,935,0.269318,1843,1242,0.6739
935,811,0.269318,1843,1242,0.6739
811,936,-0.395285,9,3,0.3333
936,811,-0.395285,9,3,0.3333
811,937,0.298144,1863,1317,0.7069
937,811,0.298144,1863,1317,0.7069
811,938,0.249505,269,195,0.7249
938,811,0.249505,269,195,0.7249
811,939,0.450431,1897,1464,0.7717
939,811,0.450431,1897,1464,0.7717
811,940,0.328254,1727,1241,0.7186
940,811,0.328254,1727,1241,0.7186
811,941,0.418301,1627,1222,0.7511
941,811,0.418301,1627,1222,0.7511
811,942,0.381209,1887,1381,0.7318
942,811,0.381209,1887,1381,0.7318
811,943,0.389479,1761,1270,0.7212
943,811,0.389479,1761,1270,0.7212
811,944,0.426679,1675,1249,0.7457
944,811,0.426679,1675,1249,0.7457
811,945,0.479365,1716,1333,0.7768
945,811,0.479365,1716,1333,0.7768
811,946,0.3637,1708,1217,0.7125
946,811,0.3637,1708,1217,0.7125
811,947,0.351588,1513,1089,0.7198
947,811,0.351588,1513,1089,0.7198
811,948,0.302481,1477,1034,0.7001
948,811,0.302481,1477,1034,0.7001
811,949,0.427796,1828,1387,0.7588
949,811,0.427796,1828,1387,0.7588
811,950,0.439139,1849,1429,0.7729
950,811,0.439139,1849,1429,0.7729
811,951,0.282323,1782,1237,0.6942
951,811,0.282323,1782,1237,0.6942
811,952,0.360642,1849,1350,0.7301
952,811,0.360642,1849,1350,0.7301
811,953,0.390233,1827,1378,0.7542
953,811,0.390233,1827,1378,0.7542
811,954,0.428429,1557,1170,0.7514
954,811,0.428429,1557,1170,0.7514
811,955,0.441327,1727,1310,0.7585
955,811,0.441327,1727,1310,0.7585
811,956,0.426552,1797,1363,0.7585
956,811,0.426552,1797,1363,0.7585
811,957,0.448384,1821,1407,0.7727
957,811,0.448384,1821,1407,0.7727
811,958,0.380533,1748,1299,0.7431
958,811,0.380533,1748,1299,0.7431
811,959,0.298672,1904,1347,0.7075
959,811,0.298672,1904,1347,0.7075
811,960,0.293106,1818,1270,0.6986
960,811,0.293106,1818,1270,0.6986
811,961,0.449025,1756,1363,0.7762
961,811,0.449025,1756,1363,0.7762
811,962,0.396586,1663,1217,0.7318
962,811,0.396586,1663,1217,0.7318
811,963,0.44865,1804,1397,0.7744
963,811,0.44865,1804,1397,0.7744
811,964,0.416318,1724,1293,0.75
964,811,0.416318,1724,1293,0.75
811,965,0.364554,1792,1305,0.7282
965,811,0.364554,1792,1305,0.7282
811,966,0.435789,1660,1234,0.7434
966,811,0.435789,1660,1234,0.7434
811,967,0.424718,1812,1386,0.7649
967,811,0.424718,1812,1386,0.7649
811,969,0.45854,1936,1510,0.78
969,811,0.45854,1936,1510,0.78
811,970,0.447487,1810,1418,0.7834
970,811,0.447487,1810,1418,0.7834
811,971,0.438376,1802,1391,0.7719
971,811,0.438376,1802,1391,0.7719
811,972,0.469141,1738,1354,0.7791
972,811,0.469141,1738,1354,0.7791
811,973,0.322659,1163,794,0.6827
973,811,0.322659,1163,794,0.6827
811,974,0.423668,1657,1261,0.761
974,811,0.423668,1657,1261,0.761
811,976,0.38457,1653,1197,0.7241
976,811,0.38457,1653,1197,0.7241
811,977,0.211821,1888,1267,0.6711
977,811,0.211821,1888,1267,0.6711
811,978,0.269022,1643,1138,0.6926
978,811,0.269022,1643,1138,0.6926
811,979,0.033315,70,50,0.7143
979,811,0.033315,70,50,0.7143
818,819,0.732156,1672,1489,0.8906
819,818,0.732156,1672,1489,0.8906
818,822,0.596336,1943,1637,0.8425
822,818,0.596336,1943,1637,0.8425
818,826,0.547624,2073,1718,0.8288
826,818,0.547624,2073,1718,0.8288
818,828,0.521194,1799,1507,0.8377
828,818,0.521194,1799,1507,0.8377
818,829,0.549665,1898,1578,0.8314
829,818,0.549665,1898,1578,0.8314
818,831,0.347398,1922,1426,0.7419
831,818,0.347398,1922,1426,0.7419
818,834,0.33829,2016,1493,0.7406
834,818,0.33829,2016,1493,0.7406
818,840,0.556054,1791,1426,0.7962
840,818,0.556054,1791,1426,0.7962
818,842,0.677845,1955,1716,0.8777
842,818,0.677845,1955,1716,0.8777
818,845,0.605313,1997,1684,0.8433
845,818,0.605313,1997,1684,0.8433
818,851,0.440073,1939,1544,0.7963
851,818,0.440073,1939,1544,0.7963
818,857,0.458539,1427,1154,0.8087
857,818,0.458539,1427,1154,0.8087
818,861,0.322144,1813,1308,0.7215
861,818,0.322144,1813,1308,0.7215
818,864,0.626688,1869,1595,0.8534
864,818,0.626688,1869,1595,0.8534
818,870,0.484064,1805,1433,0.7939
870,818,0.484064,1805,1433,0.7939
818,874,0.522908,2036,1657,0.8139
874,818,0.522908,2036,1657,0.8139
818,875,0.52529,1753,1442,0.8226
875,818,0.52529,1753,1442,0.8226
818,881,0.598663,1666,1383,0.8301
881,818,0.598663,1666,1383,0.8301
818,883,0.694258,2033,1795,0.8829
883,818,0.694258,2033,1795,0.8829
818,884,0.642833,2004,1709,0.8528
884,818,0.642833,2004,1709,0.8528
818,885,0.703667,1941,1721,0.8867
885,818,0.703667,1941,1721,0.8867
818,886,0.646242,2061,1789,0.868
886,818,0.646242,2061,1789,0.868
818,887,0.748256,1996,1823,0.9133
887,818,0.748256,1996,1823,0.9133
818,888,0.557345,1841,1523,0.8273
888,818,0.557345,1841,1523,0.8273
818,889,0.329591,2014,1463,0.7264
889,818,0.329591,2014,1463,0.7264
818,890,0.637163,1950,1659,0.8508
890,818,0.637163,1950,1659,0.8508
818,891,0.62876,2056,1781,0.8662
891,818,0.62876,2056,1781,0.8662
818,892,0.598314,1308,1073,0.8203
892,818,0.598314,1308,1073,0.8203
818,893,0.516995,2105,1716,0.8152
893,818,0.516995,2105,1716,0.8152
818,894,0.358373,2175,1647,0.7572
894,818,0.358373,2175,1647,0.7572
818,895,0.340419,2105,1551,0.7368
895,818,0.340419,2105,1551,0.7368
818,896,0.367241,1987,1470,0.7398
896,818,0.367241,1987,1470,0.7398
818,897,0.390215,1997,1530,0.7661
897,818,0.390215,1997,1530,0.7661
818,898,0.613904,1826,1479,0.81
898,818,0.613904,1826,1479,0.81
818,899,0.23832,1981,1359,0.686
899,818,0.23832,1981,1359,0.686
818,900,0.784853,2093,1921,0.9178
900,818,0.784853,2093,1921,0.9178
818,901,0.657138,1768,1500,0.8484
901,818,0.657138,1768,1500,0.8484
818,902,0.643341,2047,1779,0.8691
902,818,0.643341,2047,1779,0.8691
818,903,0.699667,2170,1925,0.8871
903,818,0.699667,2170,1925,0.8871
818,904,0.824912,2024,1890,0.9338
904,818,0.824912,2024,1890,0.9338
818,905,0.638439,1735,1486,0.8565
905,818,0.638439,1735,1486,0.8565
818,906,0.535976,1727,1392,0.806
906,818,0.535976,1727,1392,0.806
818,907,0.595112,2149,1832,0.8525
907,818,0.595112,2149,1832,0.8525
818,908,0.368194,2073,1575,0.7598
908,818,0.368194,2073,1575,0.7598
818,909,0.369153,2151,1635,0.7601
909,818,0.369153,2151,1635,0.7601
818,910,0.345479,1894,1405,0.7418
910,818,0.345479,1894,1405,0.7418
818,911,0.36983,1999,1488,0.7444
911,818,0.36983,1999,1488,0.7444
818,912,0.342428,2125,1586,0.7464
912,818,0.342428,2125,1586,0.7464
818,913,0.363632,1949,1479,0.7589
913,818,0.363632,1949,1479,0.7589
818,914,0.316272,1967,1424,0.7239
914,818,0.316272,1967,1424,0.7239
818,915,0.67184,2063,1803,0.874
915,818,0.67184,2063,1803,0.874
818,917,0.521971,1908,1542,0.8082
917,818,0.521971,1908,1542,0.8082
818,918,0.817927,2115,1970,0.9314
918,818,0.817927,2115,1970,0.9314
818,919,0.7409,2137,1914,0.8956
919,818,0.7409,2137,1914,0.8956
818,920,0.649105,2044,1780,0.8708
920,818,0.649105,2044,1780,0.8708
818,921,0.474009,1925,1566,0.8135
921,818,0.474009,1925,1566,0.8135
818,922,0.67435,1995,1740,0.8722
922,818,0.67435,1995,1740,0.8722
818,923,0.491075,2137,1737,0.8128
923,818,0.491075,2137,1737,0.8128
818,924,0.784156,2072,1909,0.9213
924,818,0.784156,2072,1909,0.9213
818,925,0.401566,2104,1652,0.7852
925,818,0.401566,2104,1652,0.7852
818,926,0.557527,1898,1620,0.8535
926,818,0.557527,1898,1620,0.8535
818,927,0.76106,2020,1843,0.9124
927,818,0.76106,2020,1843,0.9124
818,928,0.682902,2032,1791,0.8814
928,818,0.682902,2032,1791,0.8814
818,929,0.500167,1938,1576,0.8132
929,818,0.500167,1938,1576,0.8132
818,930,0.366526,2084,1541,0.7394
930,818,0.366526,2084,1541,0.7394
818,931,0.457214,1535,1197,0.7798
931,818,0.457214,1535,1197,0.7798
818,932,0.718355,2077,1852,0.8917
932,818,0.718355,2077,1852,0.8917
818,933,0.505214,1751,1386,0.7915
933,818,0.505214,1751,1386,0.7915
818,934,0.388128,2048,1570,0.7666
934,818,0.388128,2048,1570,0.7666
818,935,0.313465,1978,1400,0.7078
935,818,0.313465,1978,1400,0.7078
818,936,-0.076923,14,12,0.8571
936,818,-0.076923,14,12,0.8571
818,937,0.33563,2066,1522,0.7367
937,818,0.33563,2066,1522,0.7367
818,938,0.557284,343,291,0.8484
938,818,0.557284,343,291,0.8484
818,939,0.701678,2110,1863,0.8829
939,818,0.701678,2110,1863,0.8829
818,940,0.474309,1917,1515,0.7903
940,818,0.474309,1917,1515,0.7903
818,941,0.542035,1787,1459,0.8165
941,818,0.542035,1787,1459,0.8165
818,942,0.626552,2063,1752,0.8492
942,818,0.626552,2063,1752,0.8492
818,943,0.537932,1879,1466,0.7802
943,818,0.537932,1879,1466,0.7802
818,944,0.651071,1792,1522,0.8493
944,818,0.651071,1792,1522,0.8493
818,945,0.726526,1883,1674,0.889
945,818,0.726526,1883,1674,0.889
818,946,0.555129,1923,1545,0.8034
946,818,0.555129,1923,1545,0.8034
818,947,0.563199,1715,1413,0.8239
947,818,0.563199,1715,1413,0.8239
818,948,0.381009,1782,1332,0.7475
948,818,0.381009,1782,1332,0.7475
818,949,0.682638,1969,1719,0.873
949,818,0.682638,1969,1719,0.873
818,950,0.643653,2032,1755,0.8637
950,818,0.643653,2032,1755,0.8637
818,951,0.33017,1891,1377,0.7282
951,818,0.33017,1891,1377,0.7282
818,952,0.557879,1991,1642,0.8247
952,818,0.557879,1991,1642,0.8247
818,953,0.547571,2039,1706,0.8367
953,818,0.547571,2039,1706,0.8367
818,954,0.672137,1716,1481,0.8631
954,818,0.672137,1716,1481,0.8631
818,955,0.672425,1909,1650,0.8643
955,818,0.672425,1909,1650,0.8643
818,956,0.641881,1925,1657,0.8608
956,818,0.641881,1925,1657,0.8608
818,957,0.614415,2028,1726,0.8511
957,818,0.614415,2028,1726,0.8511
818,958,0.39457,1843,1409,0.7645
958,818,0.39457,1843,1409,0.7645
818,959,0.358689,2094,1582,0.7555
959,818,0.358689,2094,1582,0.7555
818,960,0.356353,2014,1501,0.7453
960,818,0.356353,2014,1501,0.7453
818,961,0.667697,1962,1716,0.8746
961,818,0.667697,1962,1716,0.8746
818,962,0.559767,1866,1487,0.7969
962,818,0.559767,1866,1487,0.7969
818,963,0.651741,1966,1705,0.8672
963,818,0.651741,1966,1705,0.8672
818,964,0.655441,1938,1669,0.8612
964,818,0.655441,1938,1669,0.8612
818,965,0.683025,1970,1715,0.8706
965,818,0.683025,1970,1715,0.8706
818,966,0.52683,1843,1428,0.7748
966,818,0.52683,1843,1428,0.7748
818,967,0.654377,1975,1716,0.8689
967,818,0.654377,1975,1716,0.8689
818,969,0.657666,2131,1867,0.8761
969,818,0.657666,2131,1867,0.8761
818,970,0.621945,1970,1715,0.8706
970,818,0.621945,1970,1715,0.8706
818,971,0.657722,1954,1702,0.871
971,818,0.657722,1954,1702,0.871
818,972,0.84622,1978,1863,0.9419
972,818,0.84622,1978,1863,0.9419
818,973,0.433083,1297,951,0.7332
973,818,0.433083,1297,951,0.7332
818,974,0.665703,1841,1602,0.8702
974,818,0.665703,1841,1602,0.8702
818,976,0.702542,1921,1677,0.873
976,818,0.702542,1921,1677,0.873
818,977,0.326385,2083,1537,0.7379
977,818,0.326385,2083,1537,0.7379
818,978,0.345271,1768,1311,0.7415
978,818,0.345271,1768,1311,0.7415
818,979,0.18362,73,62,0.8493
979,818,0.18362,73,62,0.8493
819,822,0.543043,1573,1266,0.8048
822,819,0.543043,1573,1266,0.8048
819,826,0.534779,1680,1361,0.8101
826,819,0.534779,1680,1361,0.8101
819,828,0.513033,1479,1217,0.8229
828,819,0.513033,1479,1217,0.8229
819,829,0.548754,1633,1344,0.823
829,819,0.548754,1633,1344,0.823
819,831,0.346494,1584,1149,0.7254
831,819,0.346494,1584,1149,0.7254
819,834,0.319278,1633,1170,0.7165
834,819,0.319278,1633,1170,0.7165
819,840,0.555941,1425,1113,0.7811
840,819,0.555941,1425,1113,0.7811
819,842,0.661518,1608,1384,0.8607
842,819,0.661518,1608,1384,0.8607
819,845,0.616046,1623,1360,0.838
845,819,0.616046,1623,1360,0.838
819,851,0.402815,1570,1205,0.7675
851,819,0.402815,1570,1205,0.7675
819,857,0.498361,1082,873,0.8068
857,819,0.498361,1082,873,0.8068
819,861,0.290401,1527,1066,0.6981
861,819,0.290401,1527,1066,0.6981
819,864,0.651651,1475,1261,0.8549
864,819,0.651651,1475,1261,0.8549
819,870,0.449305,1499,1145,0.7638
870,819,0.449305,1499,1145,0.7638
819,874,0.490188,1638,1292,0.7888
874,819,0.490188,1638,1292,0.7888
819,875,0.549872,1407,1152,0.8188
875,819,0.549872,1407,1152,0.8188
819,881,0.548969,1365,1089,0.7978
881,819,0.548969,1365,1089,0.7978
819,883,0.70358,1652,1450,0.8777
883,819,0.70358,1652,1450,0.8777
819,884,0.561049,1649,1329,0.8059
884,819,0.561049,1649,1329,0.8059
819,885,0.713876,1623,1432,0.8823
885,819,0.713876,1623,1432,0.8823
819,886,0.639075,1660,1417,0.8536
886,819,0.639075,1660,1417,0.8536
819,887,0.68735,1632,1445,0.8854
887,819,0.68735,1632,1445,0.8854
819,888,0.553855,1533,1252,0.8167
888,819,0.553855,1533,1252,0.8167
819,889,0.31866,1582,1113,0.7035
889,819,0.31866,1582,1113,0.7035
819,890,0.636055,1549,1306,0.8431
890,819,0.636055,1549,1306,0.8431
819,891,0.60267,1643,1385,0.843
891,819,0.60267,1643,1385,0.843
819,892,0.612193,1208,999,0.827
892,819,0.612193,1208,999,0.827
819,893,0.496462,1718,1366,0.7951
893,819,0.496462,1718,1366,0.7951
819,894,0.347271,1754,1291,0.736
894,819,0.347271,1754,1291,0.736
819,895,0.319031,1741,1241,0.7128
895,819,0.319031,1741,1241,0.7128
819,896,0.334248,1658,1183,0.7135
896,819,0.334248,1658,1183,0.7135
819,897,0.368633,1591,1178,0.7404
897,819,0.368633,1591,1178,0.7404
819,898,0.525929,1532,1172,0.765
898,819,0.525929,1532,1172,0.765
819,899,0.196674,1594,1030,0.6462
899,819,0.196674,1594,1030,0.6462
819,900,0.754863,1708,1536,0.8993
900,819,0.754863,1708,1536,0.8993
819,901,0.599297,1466,1197,0.8165
901,819,0.599297,1466,1197,0.8165
819,902,0.641089,1655,1420,0.858
902,819,0.641089,1655,1420,0.858
819,903,0.68596,1735,1512,0.8715
903,819,0.68596,1735,1512,0.8715
819,904,0.739556,1679,1502,0.8946
904,819,0.739556,1679,1502,0.8946
819,905,0.64305,1438,1224,0.8512
905,819,0.64305,1438,1224,0.8512
819,906,0.596461,1446,1197,0.8278
906,819,0.596461,1446,1197,0.8278
819,907,0.542821,1716,1400,0.8159
907,819,0.542821,1716,1400,0.8159
819,908,0.346445,1664,1221,0.7338
908,819,0.346445,1664,1221,0.7338
819,909,0.353516,1731,1275,0.7366
909,819,0.353516,1731,1275,0.7366
819,910,0.351774,1560,1135,0.7276
910,819,0.351774,1560,1135,0.7276
819,911,0.374035,1615,1187,0.735
911,819,0.374035,1615,1187,0.735
819,912,0.353525,1657,1218,0.7351
912,819,0.353525,1657,1218,0.7351
819,913,0.349653,1601,1179,0.7364
913,819,0.349653,1601,1179,0.7364
819,914,0.326291,1632,1165,0.7138
914,819,0.326291,1632,1165,0.7138
819,915,0.666426,1645,1418,0.862
915,819,0.666426,1645,1418,0.862
819,917,0.49547,1531,1202,0.7851
917,819,0.49547,1531,1202,0.7851
819,918,0.715145,1696,1499,0.8838
918,819,0.715145,1696,1499,0.8838
819,919,0.626313,1726,1447,0.8384
919,819,0.626313,1726,1447,0.8384
819,920,0.612813,1680,1420,0.8452
920,819,0.612813,1680,1420,0.8452
819,921,0.455268,1555,1228,0.7897
921,819,0.455268,1555,1228,0.7897
819,922,0.709089,1602,1407,0.8783
922,819,0.709089,1602,1407,0.8783
819,923,0.456881,1737,1367,0.787
923,819,0.456881,1737,1367,0.787
819,924,0.716198,1634,1449,0.8868
924,819,0.716198,1634,1449,0.8868
819,925,0.365178,1677,1263,0.7531
925,819,0.365178,1677,1263,0.7531
819,926,0.480346,1563,1274,0.8151
926,819,0.480346,1563,1274,0.8151
819,927,0.757071,1642,1482,0.9026
927,819,0.757071,1642,1482,0.9026
819,928,0.669553,1685,1461,0.8671
928,819,0.669553,1685,1461,0.8671
819,929,0.512694,1579,1279,0.81
929,819,0.512694,1579,1279,0.81
819,930,0.355541,1694,1228,0.7249
930,819,0.355541,1694,1228,0.7249
819,931,0.459331,1229,949,0.7722
931,819,0.459331,1229,949,0.7722
819,932,0.696003,1672,1461,0.8738
932,819,0.696003,1672,1461,0.8738
819,933,0.407041,1510,1115,0.7384
933,819,0.407041,1510,1115,0.7384
819,934,0.371013,1662,1237,0.7443
934,819,0.371013,1662,1237,0.7443
819,935,0.336214,1659,1162,0.7004
935,819,0.336214,1659,1162,0.7004
819,936,1.0,14,14,1.0
936,819,1.0,14,14,1.0
819,937,0.311783,1661,1175,0.7074
937,819,0.311783,1661,1175,0.7074
819,938,0.562857,153,133,0.8693
938,819,0.562857,153,133,0.8693
819,939,0.648884,1688,1434,0.8495
939,819,0.648884,1688,1434,0.8495
819,940,0.40092,1554,1161,0.7471
940,819,0.40092,1554,1161,0.7471
819,941,0.52403,1505,1202,0.7987
941,819,0.52403,1505,1202,0.7987
819,942,0.56993,1671,1354,0.8103
942,819,0.56993,1671,1354,0.8103
819,943,0.50916,1538,1170,0.7607
943,819,0.50916,1538,1170,0.7607
819,944,0.611229,1393,1137,0.8162
944,819,0.611229,1393,1137,0.8162
819,945,0.689018,1509,1303,0.8635
945,819,0.689018,1509,1303,0.8635
819,946,0.496914,1540,1177,0.7643
946,819,0.496914,1540,1177,0.7643
819,947,0.512033,1385,1090,0.787
947,819,0.512033,1385,1090,0.787
819,948,0.352609,1382,996,0.7207
948,819,0.352609,1382,996,0.7207
819,949,0.664544,1616,1387,0.8583
949,819,0.664544,1616,1387,0.8583
819,950,0.656566,1659,1426,0.8596
950,819,0.656566,1659,1426,0.8596
819,951,0.316156,1548,1088,0.7028
951,819,0.316156,1548,1088,0.7028
819,952,0.540158,1631,1310,0.8032
952,819,0.540158,1631,1310,0.8032
819,953,0.501564,1685,1355,0.8042
953,819,0.501564,1685,1355,0.8042
819,954,0.620238,1450,1206,0.8317
954,819,0.620238,1450,1206,0.8317
819,955,0.657745,1524,1296,0.8504
955,819,0.657745,1524,1296,0.8504
819,956,0.575597,1563,1280,0.8189
956,819,0.575597,1563,1280,0.8189
819,957,0.629397,1665,1414,0.8492
957,819,0.629397,1665,1414,0.8492
819,958,0.417774,1556,1188,0.7635
958,819,0.417774,1556,1188,0.7635
819,959,0.343836,1705,1249,0.7326
959,819,0.343836,1705,1249,0.7326
819,960,0.362287,1605,1178,0.734
960,819,0.362287,1605,1178,0.734
819,961,0.66687,1579,1360,0.8613
961,819,0.66687,1579,1360,0.8613
819,962,0.446132,1551,1132,0.7299
962,819,0.446132,1551,1132,0.7299
819,963,0.62549,1597,1352,0.8466
963,819,0.62549,1597,1352,0.8466
819,964,0.608612,1556,1294,0.8316
964,819,0.608612,1556,1294,0.8316
819,965,0.596027,1584,1304,0.8232
965,819,0.596027,1584,1304,0.8232
819,966,0.477884,1478,1098,0.7429
966,819,0.477884,1478,1098,0.7429
819,967,0.626875,1622,1377,0.849
967,819,0.626875,1622,1377,0.849
819,969,0.614166,1710,1447,0.8462
969,819,0.614166,1710,1447,0.8462
819,970,0.575202,1570,1318,0.8395
970,819,0.575202,1570,1318,0.8395
819,971,0.646967,1615,1382,0.8557
971,819,0.646967,1615,1382,0.8557
819,972,0.729863,1624,1446,0.8904
972,819,0.729863,1624,1446,0.8904
819,973,0.350305,1080,735,0.6806
973,819,0.350305,1080,735,0.6806
819,974,0.677367,1505,1305,0.8671
974,819,0.677367,1505,1305,0.8671
819,976,0.625174,1576,1312,0.8325
976,819,0.625174,1576,1312,0.8325
819,977,0.309225,1695,1206,0.7115
977,819,0.309225,1695,1206,0.7115
819,978,0.320769,1574,1130,0.7179
978,819,0.320769,1574,1130,0.7179
819,979,-0.01788,62,47,0.7581
979,819,-0.01788,62,47,0.7581
822,826,0.438091,2056,1610,0.7831
826,822,0.438091,2056,1610,0.7831
822,828,0.427562,1807,1436,0.7947
828,822,0.427562,1807,1436,0.7947
822,829,0.341059,1934,1462,0.7559
829,822,0.341059,1934,1462,0.7559
822,831,0.183129,1954,1318,0.6745
831,822,0.183129,1954,1318,0.6745
822,834,0.154411,1994,1330,0.667
834,822,0.154411,1994,1330,0.667
822,840,0.538406,1835,1451,0.7907
840,822,0.538406,1835,1451,0.7907
822,842,0.510929,1921,1549,0.8064
842,822,0.510929,1921,1549,0.8064
822,845,0.47305,2009,1586,0.7894
845,822,0.47305,2009,1586,0.7894
822,851,0.350434,1930,1470,0.7617
851,822,0.350434,1930,1470,0.7617
822,857,0.17396,1434,1009,0.7036
857,822,0.17396,1434,1009,0.7036
822,861,0.151657,1798,1154,0.6418
861,822,0.151657,1798,1154,0.6418
822,864,0.510916,1817,1468,0.8079
864,822,0.510916,1817,1468,0.8079
822,870,0.404925,1792,1359,0.7584
870,822,0.404925,1792,1359,0.7584
822,874,0.411192,2014,1546,0.7676
874,822,0.411192,2014,1546,0.7676
822,875,0.430078,1694,1317,0.7774
875,822,0.430078,1694,1317,0.7774
822,881,0.707773,1794,1577,0.879
881,822,0.707773,1794,1577,0.879
822,883,0.503501,2055,1663,0.8092
883,822,0.503501,2055,1663,0.8092
822,884,0.734373,2137,1913,0.8952
884,822,0.734373,2137,1913,0.8952
822,885,0.532864,1936,1587,0.8197
885,822,0.532864,1936,1587,0.8197
822,886,0.455451,2007,1587,0.7907
886,822,0.455451,2007,1587,0.7907
822,887,0.560836,2046,1726,0.8436
887,822,0.560836,2046,1726,0.8436
822,888,0.447717,1814,1413,0.7789
888,822,0.447717,1814,1413,0.7789
822,889,0.148139,2054,1329,0.647
889,822,0.148139,2054,1329,0.647
822,890,0.490022,1964,1554,0.7912
890,822,0.490022,1964,1554,0.7912
822,891,0.535006,2111,1758,0.8328
891,822,0.535006,2111,1758,0.8328
822,892,0.55397,1278,1017,0.7958
892,822,0.55397,1278,1017,0.7958
822,893,0.341013,2079,1540,0.7407
893,822,0.341013,2079,1540,0.7407
822,894,0.165947,2191,1480,0.6755
894,822,0.165947,2191,1480,0.6755
822,895,0.143024,2078,1349,0.6492
895,822,0.143024,2078,1349,0.6492
822,896,0.15936,2058,1339,0.6506
896,822,0.15936,2058,1339,0.6506
822,897,0.167709,2023,1366,0.6752
897,822,0.167709,2023,1366,0.6752
822,898,0.582659,1810,1454,0.8033
898,822,0.582659,1810,1454,0.8033
822,899,0.167577,1999,1314,0.6573
899,822,0.167577,1999,1314,0.6573
822,900,0.553955,2051,1692,0.825
900,822,0.553955,2051,1692,0.825
822,901,0.59196,1804,1481,0.821
901,822,0.59196,1804,1481,0.821
822,902,0.522831,2075,1711,0.8246
902,822,0.522831,2075,1711,0.8246
822,903,0.529585,2176,1792,0.8235
903,822,0.529585,2176,1792,0.8235
822,904,0.593628,1984,1674,0.8438
904,822,0.593628,1984,1674,0.8438
822,905,0.548706,1644,1346,0.8187
905,822,0.548706,1644,1346,0.8187
822,906,0.395184,1686,1260,0.7473
906,822,0.395184,1686,1260,0.7473
822,907,0.435696,2118,1666,0.7866
907,822,0.435696,2118,1666,0.7866
822,908,0.138684,2083,1384,0.6644
908,822,0.138684,2083,1384,0.6644
822,909,0.173304,2144,1456,0.6791
909,822,0.173304,2144,1456,0.6791
822,910,0.17661,1952,1326,0.6793
910,822,0.17661,1952,1326,0.6793
822,911,0.218038,2035,1395,0.6855
911,822,0.218038,2035,1395,0.6855
822,912,0.154027,2105,1416,0.6727
912,822,0.154027,2105,1416,0.6727
822,913,0.170549,2002,1359,0.6788
913,822,0.170549,2002,1359,0.6788
822,914,0.15845,1952,1276,0.6537
914,822,0.15845,1952,1276,0.6537
822,915,0.505317,2056,1662,0.8084
915,822,0.505317,2056,1662,0.8084
822,917,0.38828,1956,1474,0.7536
917,822,0.38828,1956,1474,0.7536
822,918,0.568334,2045,1704,0.8333
918,822,0.568334,2045,1704,0.8333
822,919,0.603832,2118,1787,0.8437
919,822,0.603832,2118,1787,0.8437
822,920,0.439359,2066,1632,0.7899
920,822,0.439359,2066,1632,0.7899
822,921,0.373634,1895,1462,0.7715
921,822,0.373634,1895,1462,0.7715
822,922,0.507499,1984,1606,0.8095
922,822,0.507499,1984,1606,0.8095
822,923,0.39192,2172,1686,0.7762
923,822,0.39192,2172,1686,0.7762
822,924,0.52657,2067,1702,0.8234
924,822,0.52657,2067,1702,0.8234
822,925,0.2742,2090,1538,0.7359
925,822,0.2742,2090,1538,0.7359
822,926,0.407787,1827,1434,0.7849
926,822,0.407787,1827,1434,0.7849
822,927,0.588506,2055,1741,0.8472
927,822,0.588506,2055,1741,0.8472
822,928,0.501929,1957,1576,0.8053
928,822,0.501929,1957,1576,0.8053
822,929,0.408523,1959,1511,0.7713
929,822,0.408523,1959,1511,0.7713
822,930,0.209799,2067,1364,0.6599
930,822,0.209799,2067,1364,0.6599
822,931,0.282301,1537,1082,0.704
931,822,0.282301,1537,1082,0.704
822,932,0.552116,2081,1720,0.8265
932,822,0.552116,2081,1720,0.8265
822,933,0.550989,1744,1421,0.8148
933,822,0.550989,1744,1421,0.8148
822,934,0.183948,2077,1422,0.6846
934,822,0.183948,2077,1422,0.6846
822,935,0.132256,2043,1269,0.6211
935,822,0.132256,2043,1269,0.6211
822,936,-0.377964,8,3,0.375
936,822,-0.377964,8,3,0.375
822,937,0.124934,2047,1321,0.6453
937,822,0.124934,2047,1321,0.6453
822,938,0.170084,324,232,0.716
938,822,0.170084,324,232,0.716
822,939,0.53567,2122,1731,0.8157
939,822,0.53567,2122,1731,0.8157
822,940,0.37517,1924,1459,0.7583
940,822,0.37517,1924,1459,0.7583
822,941,0.468493,1909,1514,0.7931
941,822,0.468493,1909,1514,0.7931
822,942,0.461874,2043,1589,0.7778
942,822,0.461874,2043,1589,0.7778
822,943,0.665313,1999,1688,0.8444
943,822,0.665313,1999,1688,0.8444
822,944,0.672961,1875,1613,0.8603
944,822,0.672961,1875,1613,0.8603
822,945,0.769032,2033,1849,0.9095
945,822,0.769032,2033,1849,0.9095
822,946,0.565463,1914,1545,0.8072
946,822,0.565463,1914,1545,0.8072
822,947,0.730937,1799,1609,0.8944
947,822,0.730937,1799,1609,0.8944
822,948,0.251529,1648,1145,0.6948
948,822,0.251529,1648,1145,0.6948
822,949,0.494713,1975,1572,0.7959
949,822,0.494713,1975,1572,0.7959
822,950,0.541302,2075,1717,0.8275
950,822,0.541302,2075,1717,0.8275
822,951,0.152417,1952,1279,0.6552
951,822,0.152417,1952,1279,0.6552
822,952,0.562716,1936,1597,0.8249
952,822,0.562716,1936,1597,0.8249
822,953,0.417959,2048,1614,0.7881
953,822,0.417959,2048,1614,0.7881
822,954,0.713638,1822,1604,0.8804
954,822,0.713638,1822,1604,0.8804
822,955,0.477187,1918,1492,0.7779
955,822,0.477187,1918,1492,0.7779
822,956,0.776078,2106,1926,0.9145
956,822,0.776078,2106,1926,0.9145
822,957,0.474496,1988,1576,0.7928
957,822,0.474496,1988,1576,0.7928
822,958,0.274077,1917,1374,0.7167
958,822,0.274077,1917,1374,0.7167
822,959,0.161338,2059,1373,0.6668
959,822,0.161338,2059,1373,0.6668
822,960,0.162835,2007,1329,0.6622
960,822,0.162835,2007,1329,0.6622
822,961,0.546812,1982,1640,0.8274
961,822,0.546812,1982,1640,0.8274
822,962,0.663577,1987,1686,0.8485
962,822,0.663577,1987,1686,0.8485
822,963,0.575485,1998,1677,0.8393
963,822,0.575485,1998,1677,0.8393
822,964,0.655712,1938,1675,0.8643
964,822,0.655712,1938,1675,0.8643
822,965,0.681851,1995,1744,0.8742
965,822,0.681851,1995,1744,0.8742
822,966,0.632789,1985,1639,0.8257
966,822,0.632789,1985,1639,0.8257
822,967,0.516955,2016,1649,0.818
967,822,0.516955,2016,1649,0.818
822,969,0.516408,2156,1777,0.8242
969,822,0.516408,2156,1777,0.8242
822,970,0.474278,1955,1582,0.8092
970,822,0.474278,1955,1582,0.8092
822,971,0.507241,2006,1633,0.8141
971,822,0.507241,2006,1633,0.8141
822,972,0.608158,1956,1661,0.8492
972,822,0.608158,1956,1661,0.8492
822,973,0.565314,1339,1068,0.7976
973,822,0.565314,1339,1068,0.7976
822,974,0.514718,1833,1485,0.8101
974,822,0.514718,1833,1485,0.8101
822,976,0.54386,1886,1518,0.8049
976,822,0.54386,1886,1518,0.8049
822,977,0.143554,2111,1396,0.6613
977,822,0.143554,2111,1396,0.6613
822,978,0.164893,1789,1191,0.6657
978,822,0.164893,1789,1191,0.6657
822,979,-0.161515,56,40,0.7143
979,822,-0.161515,56,40,0.7143
826,828,0.681985,1984,1782,0.8982
828,826,0.681985,1984,1782,0.8982
826,829,0.454347,2067,1669,0.8075
829,826,0.454347,2067,1669,0.8075
826,831,0.385499,2028,1539,0.7589
831,826,0.385499,2028,1539,0.7589
826,834,0.369467,2121,1608,0.7581
834,826,0.369467,2121,1608,0.7581
826,840,0.526418,1870,1466,0.784
840,826,0.526418,1870,1466,0.784
826,842,0.659167,2045,1781,0.8709
842,826,0.659167,2045,1781,0.8709
826,845,0.557827,2109,1742,0.826
845,826,0.557827,2109,1742,0.826
826,851,0.407383,2060,1631,0.7917
851,826,0.407383,2060,1631,0.7917
826,857,0.417241,1543,1225,0.7939
857,826,0.417241,1543,1225,0.7939
826,861,0.432961,1931,1490,0.7716
861,826,0.432961,1931,1490,0.7716
826,864,0.503844,1925,1554,0.8073
864,826,0.503844,1925,1554,0.8073
826,870,0.370972,1910,1447,0.7576
870,826,0.370972,1910,1447,0.7576
826,874,0.41392,2089,1612,0.7717
874,826,0.41392,2089,1612,0.7717
826,875,0.485035,1799,1450,0.806
875,826,0.485035,1799,1450,0.806
826,881,0.409875,1748,1311,0.75
881,826,0.409875,1748,1311,0.75
826,883,0.561737,2162,1811,0.8377
883,826,0.561737,2162,1811,0.8377
826,884,0.472943,2130,1680,0.7887
884,826,0.472943,2130,1680,0.7887
826,885,0.619105,2065,1769,0.8567
885,826,0.619105,2065,1769,0.8567
826,886,0.568659,2128,1789,0.8407
886,826,0.568659,2128,1789,0.8407
826,887,0.599928,2129,1839,0.8638
887,826,0.599928,2129,1839,0.8638
826,888,0.486792,1907,1523,0.7986
888,826,0.486792,1907,1523,0.7986
826,889,0.354934,2150,1586,0.7377
889,826,0.354934,2150,1586,0.7377
826,890,0.509894,2071,1660,0.8015
890,826,0.509894,2071,1660,0.8015
826,891,0.603511,2177,1873,0.8604
891,826,0.603511,2177,1873,0.8604
826,892,0.476964,1333,1021,0.7659
892,826,0.476964,1333,1021,0.7659
826,893,0.461827,2221,1769,0.7965
893,826,0.461827,2221,1769,0.7965
826,894,0.395595,2325,1808,0.7776
894,826,0.395595,2325,1808,0.7776
826,895,0.378975,2254,1710,0.7587
895,826,0.378975,2254,1710,0.7587
826,896,0.34931,2133,1570,0.7361
896,826,0.34931,2133,1570,0.7361
826,897,0.405434,2117,1641,0.7752
897,826,0.405434,2117,1641,0.7752
826,898,0.472468,1871,1404,0.7504
898,826,0.472468,1871,1404,0.7504
826,899,0.358224,2097,1552,0.7401
899,826,0.358224,2097,1552,0.7401
826,900,0.57821,2212,1859,0.8404
900,826,0.57821,2212,1859,0.8404
826,901,0.41723,1836,1366,0.744
901,826,0.41723,1836,1366,0.744
826,902,0.534883,2156,1799,0.8344
902,826,0.534883,2156,1799,0.8344
826,903,0.574757,2281,1928,0.8452
903,826,0.574757,2281,1928,0.8452
826,904,0.54735,2075,1722,0.8299
904,826,0.54735,2075,1722,0.8299
826,905,0.526919,1777,1449,0.8154
905,826,0.526919,1777,1449,0.8154
826,906,0.451169,1803,1395,0.7737
906,826,0.451169,1803,1395,0.7737
826,907,0.546277,2218,1852,0.835
907,826,0.546277,2218,1852,0.835
826,908,0.383985,2192,1678,0.7655
908,826,0.383985,2192,1678,0.7655
826,909,0.398057,2273,1765,0.7765
909,826,0.398057,2273,1765,0.7765
826,910,0.382973,2023,1545,0.7637
910,826,0.382973,2023,1545,0.7637
826,911,0.3847,2114,1597,0.7554
911,826,0.3847,2114,1597,0.7554
826,912,0.386305,2225,1713,0.7699
912,826,0.386305,2225,1713,0.7699
826,913,0.388264,2086,1605,0.7694
913,826,0.388264,2086,1605,0.7694
826,914,0.3475,2099,1553,0.7399
914,826,0.3475,2099,1553,0.7399
826,915,0.577501,2167,1819,0.8394
915,826,0.577501,2167,1819,0.8394
826,917,0.336551,2051,1504,0.7333
917,826,0.336551,2051,1504,0.7333
826,918,0.537019,2158,1784,0.8267
918,826,0.537019,2158,1784,0.8267
826,919,0.460825,2220,1749,0.7878
919,826,0.460825,2220,1749,0.7878
826,920,0.476841,2148,1736,0.8082
920,826,0.476841,2148,1736,0.8082
826,921,0.407218,1999,1576,0.7884
921,826,0.407218,1999,1576,0.7884
826,922,0.558275,2085,1735,0.8321
922,826,0.558275,2085,1735,0.8321
826,923,0.530257,2282,1902,0.8335
923,826,0.530257,2282,1902,0.8335
826,924,0.534323,2175,1814,0.834
924,826,0.534323,2175,1814,0.834
826,925,0.4546,2220,1803,0.8122
925,826,0.4546,2220,1803,0.8122
826,926,0.52421,1959,1647,0.8407
926,826,0.52421,1959,1647,0.8407
826,927,0.59893,2156,1845,0.8558
927,826,0.59893,2156,1845,0.8558
826,928,0.578249,2092,1766,0.8442
928,826,0.578249,2092,1766,0.8442
826,929,0.456471,2018,1612,0.7988
929,826,0.456471,2018,1612,0.7988
826,930,0.305529,2189,1556,0.7108
930,826,0.305529,2189,1556,0.7108
826,931,0.444781,1593,1236,0.7759
931,826,0.444781,1593,1236,0.7759
826,932,0.570212,2193,1838,0.8381
932,826,0.570212,2193,1838,0.8381
826,933,0.304981,1785,1264,0.7081
933,826,0.304981,1785,1264,0.7081
826,934,0.38352,2178,1674,0.7686
934,826,0.38352,2178,1674,0.7686
826,935,0.330644,2130,1517,0.7122
935,826,0.330644,2130,1517,0.7122
826,936,1.0,14,14,1.0
936,826,1.0,14,14,1.0
826,937,0.439069,2198,1716,0.7807
937,826,0.439069,2198,1716,0.7807
826,938,0.608484,329,284,0.8632
938,826,0.608484,329,284,0.8632
826,939,0.527787,2212,1803,0.8151
939,826,0.527787,2212,1803,0.8151
826,940,0.364904,2023,1516,0.7494
940,826,0.364904,2023,1516,0.7494
826,941,0.387162,1935,1470,0.7597
941,826,0.387162,1935,1470,0.7597
826,942,0.535448,2179,1770,0.8123
942,826,0.535448,2179,1770,0.8123
826,943,0.436948,2019,1500,0.7429
943,826,0.436948,2019,1500,0.7429
826,944,0.492613,1868,1462,0.7827
944,826,0.492613,1868,1462,0.7827
826,945,0.496566,2013,1610,0.7998
945,826,0.496566,2013,1610,0.7998
826,946,0.34446,1932,1372,0.7101
946,826,0.34446,1932,1372,0.7101
826,947,0.431318,1795,1379,0.7682
947,826,0.431318,1795,1379,0.7682
826,948,0.346923,1782,1307,0.7334
948,826,0.346923,1782,1307,0.7334
826,949,0.496569,2071,1656,0.7996
949,826,0.496569,2071,1656,0.7996
826,950,0.522168,2128,1746,0.8205
950,826,0.522168,2128,1746,0.8205
826,951,0.369115,2016,1504,0.746
951,826,0.369115,2016,1504,0.746
826,952,0.456586,2056,1621,0.7884
952,826,0.456586,2056,1621,0.7884
826,953,0.377395,2137,1670,0.7815
953,826,0.377395,2137,1670,0.7815
826,954,0.477154,1795,1403,0.7816
954,826,0.477154,1795,1403,0.7816
826,955,0.478708,2010,1570,0.7811
955,826,0.478708,2010,1570,0.7811
826,956,0.452402,2060,1629,0.7908
956,826,0.452402,2060,1629,0.7908
826,957,0.477953,2100,1685,0.8024
957,826,0.477953,2100,1685,0.8024
826,958,0.344705,1952,1455,0.7454
958,826,0.344705,1952,1455,0.7454
826,959,0.393144,2246,1739,0.7743
959,826,0.393144,2246,1739,0.7743
826,960,0.390747,2118,1608,0.7592
960,826,0.390747,2118,1608,0.7592
826,961,0.494079,2055,1667,0.8112
961,826,0.494079,2055,1667,0.8112
826,962,0.456948,1963,1482,0.755
962,826,0.456948,1963,1482,0.755
826,963,0.582421,2094,1769,0.8448
963,826,0.582421,2094,1769,0.8448
826,964,0.46665,1955,1539,0.7872
964,826,0.46665,1955,1539,0.7872
826,965,0.485758,2107,1676,0.7954
965,826,0.485758,2107,1676,0.7954
826,966,0.447523,1926,1439,0.7471
966,826,0.447523,1926,1439,0.7471
826,967,0.502093,2082,1694,0.8136
967,826,0.502093,2082,1694,0.8136
826,969,0.567387,2265,1924,0.8494
969,826,0.567387,2265,1924,0.8494
826,970,0.500708,2046,1693,0.8275
970,826,0.500708,2046,1693,0.8275
826,971,0.600234,2093,1785,0.8528
971,826,0.600234,2093,1785,0.8528
826,972,0.574888,2028,1704,0.8402
972,826,0.574888,2028,1704,0.8402
826,973,0.42742,1316,962,0.731
973,826,0.42742,1316,962,0.731
826,974,0.512496,1868,1516,0.8116
974,826,0.512496,1868,1516,0.8116
826,976,0.448017,1950,1487,0.7626
976,826,0.448017,1950,1487,0.7626
826,977,0.362505,2227,1688,0.758
977,826,0.362505,2227,1688,0.758
826,978,0.331911,1928,1434,0.7438
978,826,0.331911,1928,1434,0.7438
826,979,-0.065653,63,55,0.873
979,826,-0.065653,63,55,0.873
828,829,0.438011,1864,1551,0.8321
829,828,0.438011,1864,1551,0.8321
828,831,0.398627,1786,1401,0.7844
831,828,0.398627,1786,1401,0.7844
828,834,0.406949,1856,1477,0.7958
834,828,0.406949,1856,1477,0.7958
828,840,0.448045,1674,1282,0.7658
840,828,0.448045,1674,1282,0.7658
828,842,0.619215,1822,1591,0.8732
842,828,0.619215,1822,1591,0.8732
828,845,0.553125,1847,1546,0.837
845,828,0.553125,1847,1546,0.837
828,851,0.456852,1895,1553,0.8195
851,828,0.456852,1895,1553,0.8195
828,857,0.414496,1289,1071,0.8309
857,828,0.414496,1289,1071,0.8309
828,861,0.39608,1675,1312,0.7833
861,828,0.39608,1675,1312,0.7833
828,864,0.519072,1670,1381,0.8269
864,828,0.519072,1670,1381,0.8269
828,870,0.36027,1691,1303,0.7705
870,828,0.36027,1691,1303,0.7705
828,874,0.372725,1832,1413,0.7713
874,828,0.372725,1832,1413,0.7713
828,875,0.450354,1640,1314,0.8012
875,828,0.450354,1640,1314,0.8012
828,881,0.376839,1546,1167,0.7549
881,828,0.376839,1546,1167,0.7549
828,883,0.509987,1925,1617,0.84
883,828,0.509987,1925,1617,0.84
828,884,0.44992,1867,1469,0.7868
884,828,0.44992,1867,1469,0.7868
828,885,0.573422,1824,1564,0.8575
885,828,0.573422,1824,1564,0.8575
828,886,0.567713,1855,1600,0.8625
886,828,0.567713,1855,1600,0.8625
828,887,0.58322,1940,1687,0.8696
887,828,0.58322,1940,1687,0.8696
828,888,0.439165,1682,1349,0.802
888,828,0.439165,1682,1349,0.802
828,889,0.36505,1890,1441,0.7624
889,828,0.36505,1890,1441,0.7624
828,890,0.500335,1810,1474,0.8144
890,828,0.500335,1810,1474,0.8144
828,891,0.639835,1914,1703,0.8898
891,828,0.639835,1914,1703,0.8898
828,892,0.476045,1148,896,0.7805
892,828,0.476045,1148,896,0.7805
828,893,0.443937,1953,1584,0.8111
893,828,0.443937,1953,1584,0.8111
828,894,0.417162,2054,1663,0.8096
894,828,0.417162,2054,1663,0.8096
828,895,0.409871,1995,1583,0.7935
895,828,0.409871,1995,1583,0.7935
828,896,0.403659,1893,1474,0.7787
896,828,0.403659,1893,1474,0.7787
828,897,0.433668,1855,1499,0.8081
897,828,0.433668,1855,1499,0.8081
828,898,0.380322,1644,1198,0.7287
898,828,0.380322,1644,1198,0.7287
828,899,0.31002,1856,1394,0.7511
899,828,0.31002,1856,1394,0.7511
828,900,0.559962,1926,1635,0.8489
900,828,0.559962,1926,1635,0.8489
828,901,0.396745,1606,1198,0.746
901,828,0.396745,1606,1198,0.746
828,902,0.536633,1898,1616,0.8514
902,828,0.536633,1898,1616,0.8514
828,903,0.548672,2003,1709,0.8532
903,828,0.548672,2003,1709,0.8532
828,904,0.541625,1813,1536,0.8472
904,828,0.541625,1813,1536,0.8472
828,905,0.509245,1551,1286,0.8291
905,828,0.509245,1551,1286,0.8291
828,906,0.475594,1573,1264,0.8036
906,828,0.475594,1573,1264,0.8036
828,907,0.552305,1947,1652,0.8485
907,828,0.552305,1947,1652,0.8485
828,908,0.406718,1943,1550,0.7977
908,828,0.406718,1943,1550,0.7977
828,909,0.44174,2003,1635,0.8163
909,828,0.44174,2003,1635,0.8163
828,910,0.415266,1759,1405,0.7987
910,828,0.415266,1759,1405,0.7987
828,911,0.416753,1855,1465,0.7898
911,828,0.416753,1855,1465,0.7898
828,912,0.397989,1950,1559,0.7995
912,828,0.397989,1950,1559,0.7995
828,913,0.434065,1922,1562,0.8127
913,828,0.434065,1922,1562,0.8127
828,914,0.38483,1836,1424,0.7756
914,828,0.38483,1836,1424,0.7756
828,915,0.521432,1892,1579,0.8346
915,828,0.521432,1892,1579,0.8346
828,917,0.329495,1785,1338,0.7496
917,828,0.329495,1785,1338,0.7496
828,918,0.498128,1883,1563,0.8301
918,828,0.498128,1883,1563,0.8301
828,919,0.438131,1948,1551,0.7962
919,828,0.438131,1948,1551,0.7962
828,920,0.500652,1896,1592,0.8397
920,828,0.500652,1896,1592,0.8397
828,921,0.417021,1786,1460,0.8175
921,828,0.417021,1786,1460,0.8175
828,922,0.534992,1824,1534,0.841
922,828,0.534992,1824,1534,0.841
828,923,0.462653,2014,1683,0.8357
923,828,0.462653,2014,1683,0.8357
828,924,0.515561,1896,1607,0.8476
924,828,0.515561,1896,1607,0.8476
828,925,0.466565,1971,1653,0.8387
925,828,0.466565,1971,1653,0.8387
828,926,0.519504,1819,1557,0.856
926,828,0.519504,1819,1557,0.856
828,927,0.585461,1889,1642,0.8692
927,828,0.585461,1889,1642,0.8692
828,928,0.54231,1826,1552,0.8499
928,828,0.54231,1826,1552,0.8499
828,929,0.439711,1865,1493,0.8005
929,828,0.439711,1865,1493,0.8005
828,930,0.337491,1952,1440,0.7377
930,828,0.337491,1952,1440,0.7377
828,931,0.450046,1430,1119,0.7825
931,828,0.450046,1430,1119,0.7825
828,932,0.556759,1914,1625,0.849
932,828,0.556759,1914,1625,0.849
828,933,0.313349,1543,1132,0.7336
933,828,0.313349,1543,1132,0.7336
828,934,0.426577,1919,1552,0.8088
934,828,0.426577,1919,1552,0.8088
828,935,0.342189,1877,1374,0.732
935,828,0.342189,1877,1374,0.732
828,936,1.0,14,14,1.0
936,828,1.0,14,14,1.0
828,937,0.409465,1937,1542,0.7961
937,828,0.409465,1937,1542,0.7961
828,938,0.562013,306,260,0.8497
938,828,0.562013,306,260,0.8497
828,939,0.497309,1954,1604,0.8209
939,828,0.497309,1954,1604,0.8209
828,940,0.352324,1768,1373,0.7766
940,828,0.352324,1768,1373,0.7766
828,941,0.425496,1697,1354,0.7979
941,828,0.425496,1697,1354,0.7979
828,942,0.484826,1928,1553,0.8055
942,828,0.484826,1928,1553,0.8055
828,943,0.357562,1772,1292,0.7291
943,828,0.357562,1772,1292,0.7291
828,944,0.446373,1639,1274,0.7773
944,828,0.446373,1639,1274,0.7773
828,945,0.485625,1743,1420,0.8147
945,828,0.485625,1743,1420,0.8147
828,946,0.351768,1685,1231,0.7306
946,828,0.351768,1685,1231,0.7306
828,947,0.372764,1549,1179,0.7611
947,828,0.372764,1549,1179,0.7611
828,948,0.353738,1508,1161,0.7699
948,828,0.353738,1508,1161,0.7699
828,949,0.48353,1885,1528,0.8106
949,828,0.48353,1885,1528,0.8106
828,950,0.528755,1858,1559,0.8391
950,828,0.528755,1858,1559,0.8391
828,951,0.40779,1775,1400,0.7887
951,828,0.40779,1775,1400,0.7887
828,952,0.415752,1841,1454,0.7898
952,828,0.415752,1841,1454,0.7898
828,953,0.386237,1876,1529,0.815
953,828,0.386237,1876,1529,0.815
828,954,0.442072,1543,1207,0.7822
954,828,0.442072,1543,1207,0.7822
828,955,0.428413,1771,1374,0.7758
955,828,0.428413,1771,1374,0.7758
828,956,0.423401,1799,1426,0.7927
956,828,0.423401,1799,1426,0.7927
828,957,0.468369,1839,1505,0.8184
957,828,0.468369,1839,1505,0.8184
828,958,0.312701,1779,1346,0.7566
958,828,0.312701,1779,1346,0.7566
828,959,0.416231,1987,1595,0.8027
959,828,0.416231,1987,1595,0.8027
828,960,0.437136,1857,1501,0.8083
960,828,0.437136,1857,1501,0.8083
828,961,0.478677,1803,1496,0.8297
961,828,0.478677,1803,1496,0.8297
828,962,0.337177,1685,1210,0.7181
962,828,0.337177,1685,1210,0.7181
828,963,0.57029,1854,1586,0.8554
963,828,0.57029,1854,1586,0.8554
828,964,0.459444,1700,1363,0.8018
964,828,0.459444,1700,1363,0.8018
828,965,0.479227,1900,1531,0.8058
965,828,0.479227,1900,1531,0.8058
828,966,0.326752,1668,1180,0.7074
966,828,0.326752,1668,1180,0.7074
828,967,0.484836,1842,1523,0.8268
967,828,0.484836,1842,1523,0.8268
828,969,0.530971,1988,1702,0.8561
969,828,0.530971,1988,1702,0.8561
828,970,0.486066,1878,1565,0.8333
970,828,0.486066,1878,1565,0.8333
828,971,0.586863,1883,1627,0.864
971,828,0.586863,1883,1627,0.864
828,972,0.573788,1774,1524,0.8591
972,828,0.573788,1774,1524,0.8591
828,973,0.327596,1144,794,0.6941
973,828,0.327596,1144,794,0.6941
828,974,0.48304,1636,1340,0.8191
974,828,0.48304,1636,1340,0.8191
828,976,0.420686,1730,1320,0.763
976,828,0.420686,1730,1320,0.763
828,977,0.391531,1967,1551,0.7885
977,828,0.391531,1967,1551,0.7885
828,978,0.398504,1669,1326,0.7945
978,828,0.398504,1669,1326,0.7945
828,979,-0.058969,68,59,0.8676
979,828,-0.058969,68,59,0.8676
829,831,0.442514,1915,1510,0.7885
831,829,0.442514,1915,1510,0.7885
829,834,0.454506,1987,1581,0.7957
834,829,0.454506,1987,1581,0.7957
829,840,0.417244,1808,1335,0.7384
840,829,0.417244,1808,1335,0.7384
829,842,0.562117,1882,1580,0.8395
842,829,0.562117,1882,1580,0.8395
829,845,0.459526,1982,1577,0.7957
845,829,0.459526,1982,1577,0.7957
829,851,0.434194,1918,1554,0.8102
851,829,0.434194,1918,1554,0.8102
829,857,0.520904,1361,1129,0.8295
857,829,0.520904,1361,1129,0.8295
829,861,0.3828,1846,1407,0.7622
861,829,0.3828,1846,1407,0.7622
829,864,0.513528,1773,1443,0.8139
864,829,0.513528,1773,1443,0.8139
829,870,0.450724,1811,1423,0.7858
870,829,0.450724,1811,1423,0.7858
829,874,0.409007,1934,1501,0.7761
874,829,0.409007,1934,1501,0.7761
829,875,0.435349,1656,1320,0.7971
875,829,0.435349,1656,1320,0.7971
829,881,0.394527,1694,1271,0.7503
881,829,0.394527,1694,1271,0.7503
829,883,0.516115,2078,1718,0.8268
883,829,0.516115,2078,1718,0.8268
829,884,0.428743,1993,1540,0.7727
884,829,0.428743,1993,1540,0.7727
829,885,0.573799,1924,1624,0.8441
885,829,0.573799,1924,1624,0.8441
829,886,0.532112,1952,1624,0.832
886,829,0.532112,1952,1624,0.832
829,887,0.476214,2035,1703,0.8369
887,829,0.476214,2035,1703,0.8369
829,888,0.406954,1785,1390,0.7787
888,829,0.406954,1785,1390,0.7787
829,889,0.428262,2002,1548,0.7732
889,829,0.428262,2002,1548,0.7732
829,890,0.502853,1932,1552,0.8033
890,829,0.502853,1932,1552,0.8033
829,891,0.478409,2052,1704,0.8304
891,829,0.478409,2052,1704,0.8304
829,892,0.444987,1267,958,0.7561
892,829,0.444987,1267,958,0.7561
829,893,0.532181,2074,1716,0.8274
893,829,0.532181,2074,1716,0.8274
829,894,0.45896,2191,1769,0.8074
894,829,0.45896,2191,1769,0.8074
829,895,0.447804,2104,1661,0.7894
895,829,0.447804,2104,1661,0.7894
829,896,0.420665,2028,1566,0.7722
896,829,0.420665,2028,1566,0.7722
829,897,0.481894,2027,1650,0.814
897,829,0.481894,2027,1650,0.814
829,898,0.419914,1712,1236,0.722
898,829,0.419914,1712,1236,0.722
829,899,0.299489,1987,1451,0.7302
899,829,0.299489,1987,1451,0.7302
829,900,0.574359,2026,1704,0.8411
900,829,0.574359,2026,1704,0.8411
829,901,0.427595,1703,1271,0.7463
901,829,0.427595,1703,1271,0.7463
829,902,0.526542,2048,1721,0.8403
902,829,0.526542,2048,1721,0.8403
829,903,0.563894,2115,1787,0.8449
903,829,0.563894,2115,1787,0.8449
829,904,0.556507,1893,1584,0.8368
904,829,0.556507,1893,1584,0.8368
829,905,0.50833,1678,1364,0.8129
905,829,0.50833,1678,1364,0.8129
829,906,0.577594,1717,1424,0.8294
906,829,0.577594,1717,1424,0.8294
829,907,0.434541,2068,1656,0.8008
907,829,0.434541,2068,1656,0.8008
829,908,0.450288,2053,1641,0.7993
908,829,0.450288,2053,1641,0.7993
829,909,0.458464,2116,1706,0.8062
909,829,0.458464,2116,1706,0.8062
829,910,0.469121,1900,1530,0.8053
910,829,0.469121,1900,1530,0.8053
829,911,0.432041,1999,1559,0.7799
911,829,0.432041,1999,1559,0.7799
829,912,0.450562,2079,1664,0.8004
912,829,0.450562,2079,1664,0.8004
829,913,0.457488,1978,1597,0.8074
913,829,0.457488,1978,1597,0.8074
829,914,0.43029,1964,1526,0.777
914,829,0.43029,1964,1526,0.777
829,915,0.511675,2009,1646,0.8193
915,829,0.511675,2009,1646,0.8193
829,917,0.415634,1909,1452,0.7606
917,829,0.415634,1909,1452,0.7606
829,918,0.5326,1987,1645,0.8279
918,829,0.5326,1987,1645,0.8279
829,919,0.483632,2068,1650,0.7979
919,829,0.483632,2068,1650,0.7979
829,920,0.562013,1996,1688,0.8457
920,829,0.562013,1996,1688,0.8457
829,921,0.449999,1840,1500,0.8152
921,829,0.449999,1840,1500,0.8152
829,922,0.5285,1941,1598,0.8233
922,829,0.5285,1941,1598,0.8233
829,923,0.471388,2148,1762,0.8203
923,829,0.471388,2148,1762,0.8203
829,924,0.519716,2015,1682,0.8347
924,829,0.519716,2015,1682,0.8347
829,925,0.426613,2081,1688,0.8111
925,829,0.426613,2081,1688,0.8111
829,926,0.50858,1825,1561,0.8553
926,829,0.50858,1825,1561,0.8553
829,927,0.551276,2001,1690,0.8446
927,829,0.551276,2001,1690,0.8446
829,928,0.536095,1923,1603,0.8336
928,829,0.536095,1923,1603,0.8336
829,929,0.426069,1902,1510,0.7939
929,829,0.426069,1902,1510,0.7939
829,930,0.329575,2045,1485,0.7262
930,829,0.329575,2045,1485,0.7262
829,931,0.43769,1472,1139,0.7738
931,829,0.43769,1472,1139,0.7738
829,932,0.544049,2076,1728,0.8324
932,829,0.544049,2076,1728,0.8324
829,933,0.388279,1674,1250,0.7467
933,829,0.388279,1674,1250,0.7467
829,934,0.47444,2026,1646,0.8124
934,829,0.47444,2026,1646,0.8124
829,935,0.392585,1998,1477,0.7392
935,829,0.392585,1998,1477,0.7392
829,936,1.0,14,14,1.0
936,829,1.0,14,14,1.0
829,937,0.434457,2051,1605,0.7825
937,829,0.434457,2051,1605,0.7825
829,938,0.491287,273,226,0.8278
938,829,0.491287,273,226,0.8278
829,939,0.505471,2064,1668,0.8081
939,829,0.505471,2064,1668,0.8081
829,940,0.461277,1884,1492,0.7919
940,829,0.461277,1884,1492,0.7919
829,941,0.50815,1842,1499,0.8138
941,829,0.50815,1842,1499,0.8138
829,942,0.500736,1999,1594,0.7974
942,829,0.500736,1999,1594,0.7974
829,943,0.357077,1885,1342,0.7119
943,829,0.357077,1885,1342,0.7119
829,944,0.433164,1709,1288,0.7537
944,829,0.433164,1709,1288,0.7537
829,945,0.493548,1863,1489,0.7992
945,829,0.493548,1863,1489,0.7992
829,946,0.374561,1755,1274,0.7259
946,829,0.374561,1755,1274,0.7259
829,947,0.307843,1677,1217,0.7257
947,829,0.307843,1677,1217,0.7257
829,948,0.42245,1606,1232,0.7671
948,829,0.42245,1606,1232,0.7671
829,949,0.529248,1946,1583,0.8135
949,829,0.529248,1946,1583,0.8135
829,950,0.489375,2005,1631,0.8135
950,829,0.489375,2005,1631,0.8135
829,951,0.461388,1915,1515,0.7911
951,829,0.461388,1915,1515,0.7911
829,952,0.411164,1937,1504,0.7765
952,829,0.411164,1937,1504,0.7765
829,953,0.486722,2006,1665,0.83
953,829,0.486722,2006,1665,0.83
829,954,0.427837,1673,1276,0.7627
954,829,0.427837,1673,1276,0.7627
829,955,0.441006,1863,1422,0.7633
955,829,0.441006,1863,1422,0.7633
829,956,0.394994,1932,1496,0.7743
956,829,0.394994,1932,1496,0.7743
829,957,0.461072,1961,1570,0.8006
957,829,0.461072,1961,1570,0.8006
829,958,0.399286,1894,1471,0.7767
958,829,0.399286,1894,1471,0.7767
829,959,0.471056,2082,1679,0.8064
959,829,0.471056,2082,1679,0.8064
829,960,0.465674,2007,1610,0.8022
960,829,0.465674,2007,1610,0.8022
829,961,0.508229,1928,1584,0.8216
961,829,0.508229,1928,1584,0.8216
829,962,0.331841,1834,1278,0.6968
962,829,0.331841,1834,1278,0.6968
829,963,0.490601,1976,1620,0.8198
963,829,0.490601,1976,1620,0.8198
829,964,0.41274,1804,1385,0.7677
964,829,0.41274,1804,1385,0.7677
829,965,0.452627,1988,1564,0.7867
965,829,0.452627,1988,1564,0.7867
829,966,0.338912,1795,1247,0.6947
966,829,0.338912,1795,1247,0.6947
829,967,0.498721,1933,1580,0.8174
967,829,0.498721,1933,1580,0.8174
829,969,0.494486,2135,1783,0.8351
969,829,0.494486,2135,1783,0.8351
829,970,0.422668,1934,1568,0.8108
970,829,0.422668,1934,1568,0.8108
829,971,0.561059,1961,1658,0.8455
971,829,0.561059,1961,1658,0.8455
829,972,0.552706,1887,1580,0.8373
972,829,0.552706,1887,1580,0.8373
829,973,0.240388,1223,790,0.646
973,829,0.240388,1223,790,0.646
829,974,0.478063,1758,1419,0.8072
974,829,0.478063,1758,1419,0.8072
829,976,0.448649,1847,1413,0.765
976,829,0.448649,1847,1413,0.765
829,977,0.411119,2077,1629,0.7843
977,829,0.411119,2077,1629,0.7843
829,978,0.464559,1826,1466,0.8028
978,829,0.464559,1826,1466,0.8028
829,979,-0.082416,56,47,0.8393
979,829,-0.082416,56,47,0.8393
831,834,0.831993,2033,1898,0.9336
834,831,0.831993,2033,1898,0.9336
831,840,0.218267,1809,1179,0.6517
840,831,0.218267,1809,1179,0.6517
831,842,0.391135,1905,1447,0.7596
842,831,0.391135,1905,1447,0.7596
831,845,0.33179,2004,1471,0.734
845,831,0.33179,2004,1471,0.734
831,851,0.434032,1898,1490,0.785
851,831,0.434032,1898,1490,0.785
831,857,0.574887,1397,1177,0.8425
857,831,0.574887,1397,1177,0.8425
831,861,0.523002,1774,1424,0.8027
861,831,0.523002,1774,1424,0.8027
831,864,0.400208,1820,1380,0.7582
864,831,0.400208,1820,1380,0.7582
831,870,0.355672,1799,1326,0.7371
870,831,0.355672,1799,1326,0.7371
831,874,0.308078,1955,1405,0.7187
874,831,0.308078,1955,1405,0.7187
831,875,0.288994,1687,1228,0.7279
875,831,0.288994,1687,1228,0.7279
831,881,0.167974,1681,1081,0.6431
881,831,0.167974,1681,1081,0.6431
831,883,0.332752,2001,1477,0.7381
883,831,0.332752,2001,1477,0.7381
831,884,0.247849,2020,1396,0.6911
884,831,0.247849,2020,1396,0.6911
831,885,0.444085,1917,1495,0.7799
885,831,0.444085,1917,1495,0.7799
831,886,0.418191,1977,1527,0.7724
886,831,0.418191,1977,1527,0.7724
831,887,0.322592,1997,1513,0.7576
887,831,0.322592,1997,1513,0.7576
831,888,0.278025,1816,1286,0.7081
888,831,0.278025,1816,1286,0.7081
831,889,0.752466,2007,1801,0.8974
889,831,0.752466,2007,1801,0.8974
831,890,0.358322,1933,1415,0.732
890,831,0.358322,1933,1415,0.732
831,891,0.365538,2066,1586,0.7677
891,831,0.365538,2066,1586,0.7677
831,892,0.30095,1204,822,0.6827
892,831,0.30095,1204,822,0.6827
831,893,0.414425,2062,1578,0.7653
893,831,0.414425,2062,1578,0.7653
831,894,0.760051,2159,1958,0.9069
894,831,0.760051,2159,1958,0.9069
831,895,0.758479,2043,1843,0.9021
895,831,0.758479,2043,1843,0.9021
831,896,0.684108,2006,1745,0.8699
896,831,0.684108,2006,1745,0.8699
831,897,0.853368,1999,1883,0.942
897,831,0.853368,1999,1883,0.942
831,898,0.162481,1762,1072,0.6084
898,831,0.162481,1762,1072,0.6084
831,899,0.385991,1959,1456,0.7432
899,831,0.385991,1959,1456,0.7432
831,900,0.382671,2023,1525,0.7538
900,831,0.382671,2023,1525,0.7538
831,901,0.227578,1737,1148,0.6609
901,831,0.227578,1737,1148,0.6609
831,902,0.423143,2021,1580,0.7818
902,831,0.423143,2021,1580,0.7818
831,903,0.411944,2130,1647,0.7732
903,831,0.411944,2130,1647,0.7732
831,904,0.362837,1944,1458,0.75
904,831,0.362837,1944,1458,0.75
831,905,0.359324,1629,1205,0.7397
905,831,0.359324,1629,1205,0.7397
831,906,0.416899,1654,1247,0.7539
906,831,0.416899,1654,1247,0.7539
831,907,0.368665,2075,1571,0.7571
907,831,0.368665,2075,1571,0.7571
831,908,0.826561,2086,1945,0.9324
908,831,0.826561,2086,1945,0.9324
831,909,0.782486,2118,1938,0.915
909,831,0.782486,2118,1938,0.915
831,910,0.806582,1897,1752,0.9236
910,831,0.806582,1897,1752,0.9236
831,911,0.667906,2042,1769,0.8663
911,831,0.667906,2042,1769,0.8663
831,912,0.802297,2087,1927,0.9233
912,831,0.802297,2087,1927,0.9233
831,913,0.82574,1978,1843,0.9317
913,831,0.82574,1978,1843,0.9317
831,914,0.693492,1969,1723,0.8751
914,831,0.693492,1969,1723,0.8751
831,915,0.425306,2033,1578,0.7762
915,831,0.425306,2033,1578,0.7762
831,917,0.314982,1900,1357,0.7142
917,831,0.314982,1900,1357,0.7142
831,918,0.353193,2006,1496,0.7458
918,831,0.353193,2006,1496,0.7458
831,919,0.292516,2069,1479,0.7148
919,831,0.292516,2069,1479,0.7148
831,920,0.414394,2016,1569,0.7783
920,831,0.414394,2016,1569,0.7783
831,921,0.446236,1882,1495,0.7944
921,831,0.446236,1882,1495,0.7944
831,922,0.381711,1960,1477,0.7536
922,831,0.381711,1960,1477,0.7536
831,923,0.406006,2120,1643,0.775
923,831,0.406006,2120,1643,0.775
831,924,0.335828,2017,1507,0.7471
924,831,0.335828,2017,1507,0.7471
831,925,0.465091,2062,1649,0.7997
925,831,0.465091,2062,1649,0.7997
831,926,0.439965,1799,1443,0.8021
926,831,0.439965,1799,1443,0.8021
831,927,0.350257,2016,1517,0.7525
927,831,0.350257,2016,1517,0.7525
831,928,0.354173,1938,1446,0.7461
928,831,0.354173,1938,1446,0.7461
831,929,0.329379,1918,1430,0.7456
929,831,0.329379,1918,1430,0.7456
831,930,0.37434,2033,1485,0.7304
930,831,0.37434,2033,1485,0.7304
831,931,0.340971,1508,1092,0.7241
931,831,0.340971,1508,1092,0.7241
831,932,0.367901,2064,1551,0.7515
932,831,0.367901,2064,1551,0.7515
831,933,0.215111,1682,1117,0.6641
933,831,0.215111,1682,1117,0.6641
831,934,0.76525,2083,1894,0.9093
934,831,0.76525,2083,1894,0.9093
831,935,0.594574,2038,1675,0.8219
935,831,0.594574,2038,1675,0.8219
831,936,1.0,14,14,1.0
936,831,1.0,14,14,1.0
831,937,0.772069,2037,1852,0.9092
937,831,0.772069,2037,1852,0.9092
831,938,0.869605,290,276,0.9517
938,831,0.869605,290,276,0.9517
831,939,0.331883,2087,1525,0.7307
939,831,0.331883,2087,1525,0.7307
831,940,0.306477,1892,1352,0.7146
940,831,0.306477,1892,1352,0.7146
831,941,0.33332,1841,1349,0.7328
941,831,0.33332,1841,1349,0.7328
831,942,0.416185,2036,1550,0.7613
942,831,0.416185,2036,1550,0.7613
831,943,0.110458,1870,1123,0.6005
943,831,0.110458,1870,1123,0.6005
831,944,0.199906,1753,1148,0.6549
944,831,0.199906,1753,1148,0.6549
831,945,0.26054,1867,1306,0.6995
945,831,0.26054,1867,1306,0.6995
831,946,0.166475,1811,1142,0.6306
946,831,0.166475,1811,1142,0.6306
831,947,0.101314,1657,1032,0.6228
947,831,0.101314,1657,1032,0.6228
831,948,0.350053,1626,1195,0.7349
948,831,0.350053,1626,1195,0.7349
831,949,0.348779,1947,1426,0.7324
949,831,0.348779,1947,1426,0.7324
831,950,0.316138,2003,1464,0.7309
950,831,0.316138,2003,1464,0.7309
831,951,0.765573,1983,1794,0.9047
951,831,0.765573,1983,1794,0.9047
831,952,0.241209,1917,1332,0.6948
952,831,0.241209,1917,1332,0.6948
831,953,0.321775,2022,1508,0.7458
953,831,0.321775,2022,1508,0.7458
831,954,0.172203,1664,1073,0.6448
954,831,0.172203,1664,1073,0.6448
831,955,0.24193,1902,1289,0.6777
955,831,0.24193,1902,1289,0.6777
831,956,0.176686,1941,1312,0.6759
956,831,0.176686,1941,1312,0.6759
831,957,0.301266,1961,1415,0.7216
957,831,0.301266,1961,1415,0.7216
831,958,0.324789,1892,1387,0.7331
958,831,0.324789,1892,1387,0.7331
831,959,0.808116,2058,1902,0.9242
959,831,0.808116,2058,1902,0.9242
831,960,0.761058,2010,1818,0.9045
960,831,0.761058,2010,1818,0.9045
831,961,0.293024,1961,1420,0.7241
961,831,0.293024,1961,1420,0.7241
831,962,0.1284,1830,1113,0.6082
962,831,0.1284,1830,1113,0.6082
831,963,0.357251,1978,1489,0.7528
963,831,0.357251,1978,1489,0.7528
831,964,0.246282,1849,1281,0.6928
964,831,0.246282,1849,1281,0.6928
831,965,0.254131,1983,1379,0.6954
965,831,0.254131,1983,1379,0.6954
831,966,0.083837,1818,1056,0.5809
966,831,0.083837,1818,1056,0.5809
831,967,0.315321,1972,1443,0.7317
967,831,0.315321,1972,1443,0.7317
831,969,0.368963,2104,1606,0.7633
969,831,0.368963,2104,1606,0.7633
831,970,0.281231,1944,1438,0.7397
970,831,0.281231,1944,1438,0.7397
831,971,0.425127,1942,1512,0.7786
971,831,0.425127,1942,1512,0.7786
831,972,0.345071,1915,1426,0.7446
972,831,0.345071,1915,1426,0.7446
831,973,0.007582,1262,678,0.5372
973,831,0.007582,1262,678,0.5372
831,974,0.305716,1801,1305,0.7246
974,831,0.305716,1801,1305,0.7246
831,976,0.254674,1851,1259,0.6802
976,831,0.254674,1851,1259,0.6802
831,977,0.708343,2081,1842,0.8852
977,831,0.708343,2081,1842,0.8852
831,978,0.727158,1818,1622,0.8922
978,831,0.727158,1818,1622,0.8922
831,979,-0.106525,51,41,0.8039
979,831,-0.106525,51,41,0.8039
834,840,0.223427,1862,1223,0.6568
840,834,0.223427,1862,1223,0.6568
834,842,0.395099,2003,1530,0.7639
842,834,0.395099,2003,1530,0.7639
834,845,0.32227,2050,1500,0.7317
845,834,0.32227,2050,1500,0.7317
834,851,0.421618,1964,1542,0.7851
851,834,0.421618,1964,1542,0.7851
834,857,0.588919,1467,1242,0.8466
857,834,0.588919,1467,1242,0.8466
834,861,0.548859,1840,1494,0.812
861,834,0.548859,1840,1494,0.812
834,864,0.393551,1909,1452,0.7606
864,834,0.393551,1909,1452,0.7606
834,870,0.360046,1851,1369,0.7396
870,834,0.360046,1851,1369,0.7396
834,874,0.31396,2020,1464,0.7248
874,834,0.31396,2020,1464,0.7248
834,875,0.279791,1766,1281,0.7254
875,834,0.279791,1766,1281,0.7254
834,881,0.152967,1712,1099,0.6419
881,834,0.152967,1712,1099,0.6419
834,883,0.348402,2115,1578,0.7461
883,834,0.348402,2115,1578,0.7461
834,884,0.230865,2057,1415,0.6879
884,834,0.230865,2057,1415,0.6879
834,885,0.464161,1986,1573,0.792
885,834,0.464161,1986,1573,0.792
834,886,0.422364,2063,1602,0.7765
886,834,0.422364,2063,1602,0.7765
834,887,0.313413,2073,1569,0.7569
887,834,0.313413,2073,1569,0.7569
834,888,0.243922,1849,1294,0.6998
888,834,0.243922,1849,1294,0.6998
834,889,0.801159,2094,1918,0.916
889,834,0.801159,2094,1918,0.916
834,890,0.374452,2019,1495,0.7405
890,834,0.374452,2019,1495,0.7405
834,891,0.374981,2101,1619,0.7706
891,834,0.374981,2101,1619,0.7706
834,892,0.260035,1269,848,0.6682
892,834,0.260035,1269,848,0.6682
834,893,0.402324,2140,1633,0.7631
893,834,0.402324,2140,1633,0.7631
834,894,0.814666,2239,2079,0.9285
894,834,0.814666,2239,2079,0.9285
834,895,0.820145,2162,2003,0.9265
895,834,0.820145,2162,2003,0.9265
834,896,0.738257,2069,1843,0.8908
896,834,0.738257,2069,1843,0.8908
834,897,0.907091,2060,1985,0.9636
897,834,0.907091,2060,1985,0.9636
834,898,0.140575,1807,1092,0.6043
898,834,0.140575,1807,1092,0.6043
834,899,0.402267,2037,1535,0.7536
899,834,0.402267,2037,1535,0.7536
834,900,0.391072,2097,1589,0.7577
900,834,0.391072,2097,1589,0.7577
834,901,0.212473,1750,1142,0.6526
901,834,0.212473,1750,1142,0.6526
834,902,0.392235,2068,1598,0.7727
902,834,0.392235,2068,1598,0.7727
834,903,0.425839,2199,1717,0.7808
903,834,0.425839,2199,1717,0.7808
834,904,0.349677,1996,1491,0.747
904,834,0.349677,1996,1491,0.747
834,905,0.354049,1710,1265,0.7398
905,834,0.354049,1710,1265,0.7398
834,906,0.415076,1690,1274,0.7538
906,834,0.415076,1690,1274,0.7538
834,907,0.366068,2154,1636,0.7595
907,834,0.366068,2154,1636,0.7595
834,908,0.877633,2140,2038,0.9523
908,834,0.877633,2140,2038,0.9523
834,909,0.835136,2200,2059,0.9359
909,834,0.835136,2200,2059,0.9359
834,910,0.880685,1999,1905,0.953
910,834,0.880685,1999,1905,0.953
834,911,0.706916,2103,1852,0.8806
911,834,0.706916,2103,1852,0.8806
834,912,0.847133,2160,2032,0.9407
912,834,0.847133,2160,2032,0.9407
834,913,0.874527,2026,1928,0.9516
913,834,0.874527,2026,1928,0.9516
834,914,0.743937,2067,1848,0.894
914,834,0.743937,2067,1848,0.894
834,915,0.426402,2099,1632,0.7775
915,834,0.426402,2099,1632,0.7775
834,917,0.269051,1962,1358,0.6922
917,834,0.269051,1962,1358,0.6922
834,918,0.330977,2062,1522,0.7381
918,834,0.330977,2062,1522,0.7381
834,919,0.242487,2137,1480,0.6926
919,834,0.242487,2137,1480,0.6926
834,920,0.424472,2097,1638,0.7811
920,834,0.424472,2097,1638,0.7811
834,921,0.457173,1911,1534,0.8027
921,834,0.457173,1911,1534,0.8027
834,922,0.398126,2020,1537,0.7609
922,834,0.398126,2020,1537,0.7609
834,923,0.375154,2215,1695,0.7652
923,834,0.375154,2215,1695,0.7652
834,924,0.335347,2079,1551,0.746
924,834,0.335347,2079,1551,0.746
834,925,0.49839,2158,1764,0.8174
925,834,0.49839,2158,1764,0.8174
834,926,0.421519,1887,1518,0.8045
926,834,0.421519,1887,1518,0.8045
834,927,0.348315,2067,1562,0.7557
927,834,0.348315,2067,1562,0.7557
834,928,0.355213,2006,1506,0.7507
928,834,0.355213,2006,1506,0.7507
834,929,0.349257,1973,1492,0.7562
929,834,0.349257,1973,1492,0.7562
834,930,0.370556,2124,1556,0.7326
930,834,0.370556,2124,1556,0.7326
834,931,0.341599,1570,1141,0.7268
931,834,0.341599,1570,1141,0.7268
834,932,0.368854,2119,1597,0.7537
932,834,0.368854,2119,1597,0.7537
834,933,0.190894,1736,1145,0.6596
933,834,0.190894,1736,1145,0.6596
834,934,0.802501,2110,1950,0.9242
934,834,0.802501,2110,1950,0.9242
834,935,0.630185,2084,1739,0.8345
935,834,0.630185,2084,1739,0.8345
834,936,1.0,14,14,1.0
936,834,1.0,14,14,1.0
834,937,0.819002,2128,1973,0.9272
937,834,0.819002,2128,1973,0.9272
834,938,0.850382,288,271,0.941
938,834,0.850382,288,271,0.941
834,939,0.339418,2151,1580,0.7345
939,834,0.339418,2151,1580,0.7345
834,940,0.308189,1940,1390,0.7165
940,834,0.308189,1940,1390,0.7165
834,941,0.34457,1854,1369,0.7384
941,834,0.34457,1854,1369,0.7384
834,942,0.439668,2115,1634,0.7726
942,834,0.439668,2115,1634,0.7726
834,943,0.08962,1911,1131,0.5918
943,834,0.08962,1911,1131,0.5918
834,944,0.170313,1798,1152,0.6407
944,834,0.170313,1798,1152,0.6407
834,945,0.245863,1925,1336,0.694
945,834,0.245863,1925,1336,0.694
834,946,0.142521,1864,1155,0.6196
946,834,0.142521,1864,1155,0.6196
834,947,0.084828,1697,1045,0.6158
947,834,0.084828,1697,1045,0.6158
834,948,0.359093,1689,1237,0.7324
948,834,0.359093,1689,1237,0.7324
834,949,0.327792,2014,1461,0.7254
949,834,0.327792,2014,1461,0.7254
834,950,0.30908,2039,1486,0.7288
950,834,0.30908,2039,1486,0.7288
834,951,0.819307,2017,1867,0.9256
951,834,0.819307,2017,1867,0.9256
834,952,0.240035,1971,1372,0.6961
952,834,0.240035,1971,1372,0.6961
834,953,0.325351,2050,1546,0.7541
953,834,0.325351,2050,1546,0.7541
834,954,0.164254,1695,1090,0.6431
954,834,0.164254,1695,1090,0.6431
834,955,0.198224,1946,1286,0.6608
955,834,0.198224,1946,1286,0.6608
834,956,0.165694,1970,1328,0.6741
956,834,0.165694,1970,1328,0.6741
834,957,0.302827,2024,1469,0.7258
957,834,0.302827,2024,1469,0.7258
834,958,0.320898,1932,1413,0.7314
958,834,0.320898,1932,1413,0.7314
834,959,0.876189,2158,2054,0.9518
959,834,0.876189,2158,2054,0.9518
834,960,0.821876,2066,1917,0.9279
960,834,0.821876,2066,1917,0.9279
834,961,0.273871,1995,1432,0.7178
961,834,0.273871,1995,1432,0.7178
834,962,0.087941,1869,1102,0.5896
962,834,0.087941,1869,1102,0.5896
834,963,0.350552,2027,1524,0.7519
963,834,0.350552,2027,1524,0.7519
834,964,0.243524,1899,1314,0.6919
964,834,0.243524,1899,1314,0.6919
834,965,0.259235,2018,1415,0.7012
965,834,0.259235,2018,1415,0.7012
834,966,0.054239,1849,1051,0.5684
966,834,0.054239,1849,1051,0.5684
834,967,0.309655,2076,1519,0.7317
967,834,0.309655,2076,1519,0.7317
834,969,0.350625,2181,1659,0.7607
969,834,0.350625,2181,1659,0.7607
834,970,0.286486,2027,1516,0.7479
970,834,0.286486,2027,1516,0.7479
834,971,0.432072,2015,1578,0.7831
971,834,0.432072,2015,1578,0.7831
834,972,0.352334,1931,1447,0.7494
972,834,0.352334,1931,1447,0.7494
834,973,0.008629,1263,682,0.54
973,834,0.008629,1263,682,0.54
834,974,0.311461,1799,1309,0.7276
974,834,0.311461,1799,1309,0.7276
834,976,0.216827,1899,1255,0.6609
976,834,0.216827,1899,1255,0.6609
834,977,0.766436,2151,1955,0.9089
977,834,0.766436,2151,1955,0.9089
834,978,0.779697,1889,1727,0.9142
978,834,0.779697,1889,1727,0.9142
834,979,0.076556,59,49,0.8305
979,834,0.076556,59,49,0.8305
840,842,0.542049,1718,1353,0.7875
842,840,0.542049,1718,1353,0.7875
840,845,0.502031,1838,1424,0.7748
845,840,0.502031,1838,1424,0.7748
840,851,0.331409,1729,1251,0.7235
851,840,0.331409,1729,1251,0.7235
840,857,0.262214,1237,846,0.6839
857,840,0.262214,1237,846,0.6839
840,861,0.296827,1655,1125,0.6798
861,840,0.296827,1655,1125,0.6798
840,864,0.512444,1738,1359,0.7819
864,840,0.512444,1738,1359,0.7819
840,870,0.455704,1611,1231,0.7641
870,840,0.455704,1611,1231,0.7641
840,874,0.339085,1809,1269,0.7015
874,840,0.339085,1809,1269,0.7015
840,875,0.451859,1565,1191,0.761
875,840,0.451859,1565,1191,0.761
840,881,0.457525,1648,1244,0.7549
881,840,0.457525,1648,1244,0.7549
840,883,0.552183,1881,1506,0.8006
883,840,0.552183,1881,1506,0.8006
840,884,0.558321,1852,1484,0.8013
884,840,0.558321,1852,1484,0.8013
840,885,0.547256,1777,1405,0.7907
885,840,0.547256,1777,1405,0.7907
840,886,0.47846,1794,1372,0.7648
886,840,0.47846,1794,1372,0.7648
840,887,0.549454,1845,1486,0.8054
887,840,0.549454,1845,1486,0.8054
840,888,0.417291,1677,1228,0.7323
888,840,0.417291,1677,1228,0.7323
840,889,0.214735,1851,1200,0.6483
889,840,0.214735,1851,1200,0.6483
840,890,0.494477,1825,1412,0.7737
890,840,0.494477,1825,1412,0.7737
840,891,0.500124,1900,1474,0.7758
891,840,0.500124,1900,1474,0.7758
840,892,0.548159,1209,938,0.7758
892,840,0.548159,1209,938,0.7758
840,893,0.397119,1879,1374,0.7312
893,840,0.397119,1879,1374,0.7312
840,894,0.227133,1978,1308,0.6613
894,840,0.227133,1978,1308,0.6613
840,895,0.218953,1880,1219,0.6484
895,840,0.218953,1880,1219,0.6484
840,896,0.199904,1876,1197,0.6381
896,840,0.199904,1876,1197,0.6381
840,897,0.239413,1827,1211,0.6628
897,840,0.239413,1827,1211,0.6628
840,898,0.660921,1567,1311,0.8366
898,840,0.660921,1567,1311,0.8366
840,899,0.361982,1836,1312,0.7146
899,840,0.361982,1836,1312,0.7146
840,900,0.568595,1866,1498,0.8028
900,840,0.568595,1866,1498,0.8028
840,901,0.491961,1641,1249,0.7611
901,840,0.491961,1641,1249,0.7611
840,902,0.492624,1866,1443,0.7733
902,840,0.492624,1866,1443,0.7733
840,903,0.563556,1950,1569,0.8046
903,840,0.563556,1950,1569,0.8046
840,904,0.575716,1752,1406,0.8025
904,840,0.575716,1752,1406,0.8025
840,905,0.514728,1531,1184,0.7734
905,840,0.514728,1531,1184,0.7734
840,906,0.436307,1508,1114,0.7387
906,840,0.436307,1508,1114,0.7387
840,907,0.427325,1895,1411,0.7446
907,840,0.427325,1895,1411,0.7446
840,908,0.215306,1929,1266,0.6563
908,840,0.215306,1929,1266,0.6563
840,909,0.236791,1933,1286,0.6653
909,840,0.236791,1933,1286,0.6653
840,910,0.219322,1758,1145,0.6513
910,840,0.219322,1758,1145,0.6513
840,911,0.24565,1865,1235,0.6622
911,840,0.24565,1865,1235,0.6622
840,912,0.231357,1976,1310,0.663
912,840,0.231357,1976,1310,0.663
840,913,0.238526,1884,1257,0.6672
913,840,0.238526,1884,1257,0.6672
840,914,0.214732,1794,1151,0.6416
914,840,0.214732,1794,1151,0.6416
840,915,0.526197,1897,1495,0.7881
915,840,0.526197,1897,1495,0.7881
840,917,0.409663,1729,1261,0.7293
917,840,0.409663,1729,1261,0.7293
840,918,0.563576,1829,1465,0.801
918,840,0.563576,1829,1465,0.801
840,919,0.505499,1924,1495,0.777
919,840,0.505499,1924,1495,0.777
840,920,0.48638,1866,1433,0.768
920,840,0.48638,1866,1433,0.768
840,921,0.342647,1721,1220,0.7089
921,840,0.342647,1721,1220,0.7089
840,922,0.55092,1810,1442,0.7967
922,840,0.55092,1810,1442,0.7967
840,923,0.407298,1954,1444,0.739
923,840,0.407298,1954,1444,0.739
840,924,0.553002,1851,1480,0.7996
924,840,0.553002,1851,1480,0.7996
840,925,0.359976,1920,1383,0.7203
925,840,0.359976,1920,1383,0.7203
840,926,0.398074,1634,1201,0.735
926,840,0.398074,1634,1201,0.735
840,927,0.589685,1887,1532,0.8119
927,840,0.589685,1887,1532,0.8119
840,928,0.545249,1764,1389,0.7874
928,840,0.545249,1764,1389,0.7874
840,929,0.37798,1736,1264,0.7281
929,840,0.37798,1736,1264,0.7281
840,930,0.198106,1872,1182,0.6314
930,840,0.198106,1872,1182,0.6314
840,931,0.327624,1339,935,0.6983
931,840,0.327624,1339,935,0.6983
840,932,0.623743,1930,1601,0.8295
932,840,0.623743,1930,1601,0.8295
840,933,0.40398,1566,1126,0.719
933,840,0.40398,1566,1126,0.719
840,934,0.231549,1864,1233,0.6615
934,840,0.231549,1864,1233,0.6615
840,935,0.208653,1809,1144,0.6324
935,840,0.208653,1809,1144,0.6324
840,936,-0.175412,14,9,0.6429
936,840,-0.175412,14,9,0.6429
840,937,0.278861,1891,1278,0.6758
937,840,0.278861,1891,1278,0.6758
840,938,0.375949,302,232,0.7682
938,840,0.375949,302,232,0.7682
840,939,0.524629,1942,1528,0.7868
939,840,0.524629,1942,1528,0.7868
840,940,0.375212,1767,1275,0.7216
940,840,0.375212,1767,1275,0.7216
840,941,0.46411,1699,1287,0.7575
941,840,0.46411,1699,1287,0.7575
840,942,0.510439,1866,1452,0.7781
942,840,0.510439,1866,1452,0.7781
840,943,0.639018,1714,1431,0.8349
943,840,0.639018,1714,1431,0.8349
840,944,0.63652,1631,1370,0.84
944,840,0.63652,1631,1370,0.84
840,945,0.590303,1745,1424,0.816
945,840,0.590303,1745,1424,0.816
840,946,0.579981,1668,1341,0.804
946,840,0.579981,1668,1341,0.804
840,947,0.570477,1536,1230,0.8008
947,840,0.570477,1536,1230,0.8008
840,948,0.248776,1563,1025,0.6558
948,840,0.248776,1563,1025,0.6558
840,949,0.502065,1845,1427,0.7734
949,840,0.502065,1845,1427,0.7734
840,950,0.503,1882,1463,0.7774
950,840,0.503,1882,1463,0.7774
840,951,0.211616,1811,1173,0.6477
951,840,0.211616,1811,1173,0.6477
840,952,0.57325,1767,1420,0.8036
952,840,0.57325,1767,1420,0.8036
840,953,0.426381,1834,1364,0.7437
953,840,0.426381,1834,1364,0.7437
840,954,0.591624,1564,1265,0.8088
954,840,0.591624,1564,1265,0.8088
840,955,0.448422,1761,1314,0.7462
955,840,0.448422,1761,1314,0.7462
840,956,0.568716,1818,1462,0.8042
956,840,0.568716,1818,1462,0.8042
840,957,0.496965,1813,1393,0.7683
957,840,0.496965,1813,1393,0.7683
840,958,0.334021,1787,1267,0.709
958,840,0.334021,1787,1267,0.709
840,959,0.234038,1878,1243,0.6619
959,840,0.234038,1878,1243,0.6619
840,960,0.253277,1883,1256,0.667
960,840,0.253277,1883,1256,0.667
840,961,0.538626,1822,1447,0.7942
961,840,0.538626,1822,1447,0.7942
840,962,0.616278,1701,1395,0.8201
962,840,0.616278,1701,1395,0.8201
840,963,0.567744,1811,1461,0.8067
963,840,0.567744,1811,1461,0.8067
840,964,0.495567,1755,1359,0.7744
964,840,0.495567,1755,1359,0.7744
840,965,0.563921,1833,1473,0.8036
965,840,0.563921,1833,1473,0.8036
840,966,0.599453,1698,1375,0.8098
966,840,0.599453,1698,1375,0.8098
840,967,0.514427,1857,1448,0.7798
967,840,0.514427,1857,1448,0.7798
840,969,0.509779,1945,1518,0.7805
969,840,0.509779,1945,1518,0.7805
840,970,0.450483,1789,1366,0.7636
970,840,0.450483,1789,1366,0.7636
840,971,0.527468,1778,1401,0.788
971,840,0.527468,1778,1401,0.788
840,972,0.574879,1745,1402,0.8034
972,840,0.574879,1745,1402,0.8034
840,973,0.638089,1244,1026,0.8248
973,840,0.638089,1244,1026,0.8248
840,974,0.495926,1654,1269,0.7672
974,840,0.495926,1654,1269,0.7672
840,976,0.449485,1767,1312,0.7425
976,840,0.449485,1767,1312,0.7425
840,977,0.215358,1914,1259,0.6578
977,840,0.215358,1914,1259,0.6578
840,978,0.195786,1625,1032,0.6351
978,840,0.195786,1625,1032,0.6351
840,979,0.181762,45,37,0.8222
979,840,0.181762,45,37,0.8222
842,845,0.660404,1982,1713,0.8643
845,842,0.660404,1982,1713,0.8643
842,851,0.450515,1898,1525,0.8035
851,842,0.450515,1898,1525,0.8035
842,857,0.49818,1397,1144,0.8189
857,842,0.49818,1397,1144,0.8189
842,861,0.351596,1758,1288,0.7327
861,842,0.351596,1758,1288,0.7327
842,864,0.649981,1791,1539,0.8593
864,842,0.649981,1791,1539,0.8593
842,870,0.43406,1779,1369,0.7695
870,842,0.43406,1779,1369,0.7695
842,874,0.472892,1980,1565,0.7904
874,842,0.472892,1980,1565,0.7904
842,875,0.558388,1677,1400,0.8348
875,842,0.558388,1677,1400,0.8348
842,881,0.512511,1634,1292,0.7907
881,842,0.512511,1634,1292,0.7907
842,883,0.674745,2014,1764,0.8759
883,842,0.674745,2014,1764,0.8759
842,884,0.526754,1983,1595,0.8043
884,842,0.526754,1983,1595,0.8043
842,885,0.700992,1899,1678,0.8836
885,842,0.700992,1899,1678,0.8836
842,886,0.661621,2000,1749,0.8745
886,842,0.661621,2000,1749,0.8745
842,887,0.676804,1973,1759,0.8915
887,842,0.676804,1973,1759,0.8915
842,888,0.55606,1835,1520,0.8283
888,842,0.55606,1835,1520,0.8283
842,889,0.365357,1971,1456,0.7387
889,842,0.365357,1971,1456,0.7387
842,890,0.617334,1909,1603,0.8397
890,842,0.617334,1909,1603,0.8397
842,891,0.670958,2034,1792,0.881
891,842,0.670958,2034,1792,0.881
842,892,0.612572,1238,1019,0.8231
892,842,0.612572,1238,1019,0.8231
842,893,0.555736,2079,1722,0.8283
893,842,0.555736,2079,1722,0.8283
842,894,0.441273,2159,1711,0.7925
894,842,0.441273,2159,1711,0.7925
842,895,0.389838,2073,1569,0.7569
895,842,0.389838,2073,1569,0.7569
842,896,0.412323,1971,1498,0.76
896,842,0.412323,1971,1498,0.76
842,897,0.420035,1990,1550,0.7789
897,842,0.420035,1990,1550,0.7789
842,898,0.486538,1861,1405,0.755
898,842,0.486538,1861,1405,0.755
842,899,0.246094,1949,1342,0.6886
899,842,0.246094,1949,1342,0.6886
842,900,0.693006,2042,1799,0.881
900,842,0.693006,2042,1799,0.881
842,901,0.526016,1696,1332,0.7854
901,842,0.526016,1696,1332,0.7854
842,902,0.63883,2003,1739,0.8682
902,842,0.63883,2003,1739,0.8682
842,903,0.705914,2125,1891,0.8899
903,842,0.705914,2125,1891,0.8899
842,904,0.676865,1978,1736,0.8777
904,842,0.676865,1978,1736,0.8777
842,905,0.625252,1618,1375,0.8498
905,842,0.625252,1618,1375,0.8498
842,906,0.579531,1672,1380,0.8254
906,842,0.579531,1672,1380,0.8254
842,907,0.60434,2110,1806,0.8559
907,842,0.60434,2110,1806,0.8559
842,908,0.393568,2031,1558,0.7671
908,842,0.393568,2031,1558,0.7671
842,909,0.435443,2133,1681,0.7881
909,842,0.435443,2133,1681,0.7881
842,910,0.404277,1896,1455,0.7674
910,842,0.404277,1896,1455,0.7674
842,911,0.42499,1952,1503,0.77
911,842,0.42499,1952,1503,0.77
842,912,0.417761,2055,1600,0.7786
912,842,0.417761,2055,1600,0.7786
842,913,0.412286,1980,1536,0.7758
913,842,0.412286,1980,1536,0.7758
842,914,0.394187,1989,1505,0.7567
914,842,0.394187,1989,1505,0.7567
842,915,0.698158,2001,1766,0.8826
915,842,0.698158,2001,1766,0.8826
842,917,0.463093,1879,1464,0.7791
917,842,0.463093,1879,1464,0.7791
842,918,0.671309,2012,1757,0.8733
918,842,0.671309,2012,1757,0.8733
842,919,0.611345,2055,1735,0.8443
919,842,0.611345,2055,1735,0.8443
842,920,0.591842,2001,1694,0.8466
920,842,0.591842,2001,1694,0.8466
842,921,0.471844,1870,1519,0.8123
921,842,0.471844,1870,1519,0.8123
842,922,0.657751,1963,1701,0.8665
922,842,0.657751,1963,1701,0.8665
842,923,0.515814,2113,1744,0.8254
923,842,0.515814,2113,1744,0.8254
842,924,0.640794,2011,1744,0.8672
924,842,0.640794,2011,1744,0.8672
842,925,0.436446,2044,1637,0.8009
925,842,0.436446,2044,1637,0.8009
842,926,0.594966,1876,1630,0.8689
926,842,0.594966,1876,1630,0.8689
842,927,0.728016,1975,1777,0.8997
927,842,0.728016,1975,1777,0.8997
842,928,0.681003,1958,1723,0.88
928,842,0.681003,1958,1723,0.88
842,929,0.517929,1918,1579,0.8233
929,842,0.517929,1918,1579,0.8233
842,930,0.384828,2063,1528,0.7407
930,842,0.384828,2063,1528,0.7407
842,931,0.452123,1501,1166,0.7768
931,842,0.452123,1501,1166,0.7768
842,932,0.691947,2048,1805,0.8813
932,842,0.691947,2048,1805,0.8813
842,933,0.401847,1685,1258,0.7466
933,842,0.401847,1685,1258,0.7466
842,934,0.451059,2038,1619,0.7944
934,842,0.451059,2038,1619,0.7944
842,935,0.357119,2017,1459,0.7234
935,842,0.357119,2017,1459,0.7234
842,936,1.0,14,14,1.0
936,842,1.0,14,14,1.0
842,937,0.366944,2041,1525,0.7472
937,842,0.366944,2041,1525,0.7472
842,938,0.571189,256,218,0.8516
938,842,0.571189,256,218,0.8516
842,939,0.651686,2044,1761,0.8615
939,842,0.651686,2044,1761,0.8615
842,940,0.410189,1856,1420,0.7651
940,842,0.410189,1856,1420,0.7651
842,941,0.514087,1770,1422,0.8034
941,842,0.514087,1770,1422,0.8034
842,942,0.641212,2013,1718,0.8535
942,842,0.641212,2013,1718,0.8535
842,943,0.415145,1853,1344,0.7253
943,842,0.415145,1853,1344,0.7253
842,944,0.578128,1732,1409,0.8135
944,842,0.578128,1732,1409,0.8135
842,945,0.620211,1860,1570,0.8441
945,842,0.620211,1860,1570,0.8441
842,946,0.455044,1815,1371,0.7554
946,842,0.455044,1815,1371,0.7554
842,947,0.474537,1621,1261,0.7779
947,842,0.474537,1621,1261,0.7779
842,948,0.46909,1636,1286,0.7861
948,842,0.46909,1636,1286,0.7861
842,949,0.634524,1976,1684,0.8522
949,842,0.634524,1976,1684,0.8522
842,950,0.623767,1978,1692,0.8554
950,842,0.623767,1978,1692,0.8554
842,951,0.400858,1926,1463,0.7596
951,842,0.400858,1926,1463,0.7596
842,952,0.560976,1910,1576,0.8251
952,842,0.560976,1910,1576,0.8251
842,953,0.477833,2008,1632,0.8127
953,842,0.477833,2008,1632,0.8127
842,954,0.592591,1651,1363,0.8256
954,842,0.592591,1651,1363,0.8256
842,955,0.605001,1876,1566,0.8348
955,842,0.605001,1876,1566,0.8348
842,956,0.545627,1905,1563,0.8205
956,842,0.545627,1905,1563,0.8205
842,957,0.556118,1990,1653,0.8307
957,842,0.556118,1990,1653,0.8307
842,958,0.36528,1860,1394,0.7495
958,842,0.36528,1860,1394,0.7495
842,959,0.409958,2067,1600,0.7741
959,842,0.409958,2067,1600,0.7741
842,960,0.416298,1983,1519,0.766
960,842,0.416298,1983,1519,0.766
842,961,0.615391,1913,1631,0.8526
961,842,0.615391,1913,1631,0.8526
842,962,0.433549,1807,1333,0.7377
962,842,0.433549,1807,1333,0.7377
842,963,0.670072,1973,1727,0.8753
963,842,0.670072,1973,1727,0.8753
842,964,0.570787,1847,1524,0.8251
964,842,0.570787,1847,1524,0.8251
842,965,0.59062,1941,1613,0.831
965,842,0.59062,1941,1613,0.831
842,966,0.41349,1784,1286,0.7209
966,842,0.41349,1784,1286,0.7209
842,967,0.630043,1916,1644,0.858
967,842,0.630043,1916,1644,0.858
842,969,0.635087,2110,1834,0.8692
969,842,0.635087,2110,1834,0.8692
842,970,0.55102,1944,1645,0.8462
970,842,0.55102,1944,1645,0.8462
842,971,0.673556,1973,1730,0.8768
971,842,0.673556,1973,1730,0.8768
842,972,0.672627,1931,1691,0.8757
972,842,0.672627,1931,1691,0.8757
842,973,0.390916,1268,903,0.7121
973,842,0.390916,1268,903,0.7121
842,974,0.620821,1785,1524,0.8538
974,842,0.620821,1785,1524,0.8538
842,976,0.580803,1793,1468,0.8187
976,842,0.580803,1793,1468,0.8187
842,977,0.395843,2062,1587,0.7696
977,842,0.395843,2062,1587,0.7696
842,978,0.420065,1828,1420,0.7768
978,842,0.420065,1828,1420,0.7768
842,979,0.150649,52,45,0.8654
979,842,0.150649,52,45,0.8654
845,851,0.405845,1957,1512,0.7726
851,845,0.405845,1957,1512,0.7726
845,857,0.383285,1452,1118,0.77
857,845,0.383285,1452,1118,0.77
845,861,0.299044,1852,1313,0.709
861,845,0.299044,1852,1313,0.709
845,864,0.556138,1889,1554,0.8227
864,845,0.556138,1889,1554,0.8227
845,870,0.423899,1882,1439,0.7646
870,845,0.423899,1882,1439,0.7646
845,874,0.410217,2034,1548,0.7611
874,845,0.410217,2034,1548,0.7611
845,875,0.526779,1765,1443,0.8176
875,845,0.526779,1765,1443,0.8176
845,881,0.482816,1721,1343,0.7804
881,845,0.482816,1721,1343,0.7804
845,883,0.566612,2093,1735,0.829
883,845,0.566612,2093,1735,0.829
845,884,0.523128,2100,1687,0.8033
884,845,0.523128,2100,1687,0.8033
845,885,0.618252,1967,1671,0.8495
885,845,0.618252,1967,1671,0.8495
845,886,0.53062,2063,1685,0.8168
886,845,0.53062,2063,1685,0.8168
845,887,0.59032,2091,1780,0.8513
887,845,0.59032,2091,1780,0.8513
845,888,0.467186,1859,1461,0.7859
888,845,0.467186,1859,1461,0.7859
845,889,0.297735,2099,1485,0.7075
889,845,0.297735,2099,1485,0.7075
845,890,0.514836,2009,1603,0.7979
890,845,0.514836,2009,1603,0.7979
845,891,0.593531,2127,1796,0.8444
891,845,0.593531,2127,1796,0.8444
845,892,0.535888,1242,980,0.789
892,845,0.535888,1242,980,0.789
845,893,0.448916,2120,1651,0.7788
893,845,0.448916,2120,1651,0.7788
845,894,0.314813,2234,1637,0.7328
894,845,0.314813,2234,1637,0.7328
845,895,0.297153,2137,1523,0.7127
895,845,0.297153,2137,1523,0.7127
845,896,0.298709,2058,1459,0.7089
896,845,0.298709,2058,1459,0.7089
845,897,0.332865,2053,1513,0.737
897,845,0.332865,2053,1513,0.737
845,898,0.395078,1786,1271,0.7116
898,845,0.395078,1786,1271,0.7116
845,899,0.216116,2016,1346,0.6677
899,845,0.216116,2016,1346,0.6677
845,900,0.602406,2081,1753,0.8424
900,845,0.602406,2081,1753,0.8424
845,901,0.510768,1793,1407,0.7847
901,845,0.510768,1793,1407,0.7847
845,902,0.599115,2097,1774,0.846
902,845,0.599115,2097,1774,0.846
845,903,0.57842,2205,1842,0.8354
903,845,0.57842,2205,1842,0.8354
845,904,0.578231,1994,1660,0.8325
904,845,0.578231,1994,1660,0.8325
845,905,0.571957,1661,1372,0.826
905,845,0.571957,1661,1372,0.826
845,906,0.493201,1711,1347,0.7873
906,845,0.493201,1711,1347,0.7873
845,907,0.508158,2145,1734,0.8084
907,845,0.508158,2145,1734,0.8084
845,908,0.318709,2154,1584,0.7354
908,845,0.318709,2154,1584,0.7354
845,909,0.312507,2195,1606,0.7317
909,845,0.312507,2195,1606,0.7317
845,910,0.317929,1957,1421,0.7261
910,845,0.317929,1957,1421,0.7261
845,911,0.340235,2077,1526,0.7347
911,845,0.340235,2077,1526,0.7347
845,912,0.311217,2153,1574,0.7311
912,845,0.311217,2153,1574,0.7311
845,913,0.332862,2022,1494,0.7389
913,845,0.332862,2022,1494,0.7389
845,914,0.294573,2025,1438,0.7101
914,845,0.294573,2025,1438,0.7101
845,915,0.562868,2108,1743,0.8269
915,845,0.562868,2108,1743,0.8269
845,917,0.375343,1957,1445,0.7384
917,845,0.375343,1957,1445,0.7384
845,918,0.561482,2070,1710,0.8261
918,845,0.561482,2070,1710,0.8261
845,919,0.508534,2166,1736,0.8015
919,845,0.508534,2166,1736,0.8015
845,920,0.496546,2084,1677,0.8047
920,845,0.496546,2084,1677,0.8047
845,921,0.414984,1940,1513,0.7799
921,845,0.414984,1940,1513,0.7799
845,922,0.569985,2069,1717,0.8299
922,845,0.569985,2069,1717,0.8299
845,923,0.446043,2187,1729,0.7906
923,845,0.446043,2187,1729,0.7906
845,924,0.565337,2107,1753,0.832
924,845,0.565337,2107,1753,0.832
845,925,0.360315,2128,1625,0.7636
925,845,0.360315,2128,1625,0.7636
845,926,0.486386,1876,1526,0.8134
926,845,0.486386,1876,1526,0.8134
845,927,0.611506,2079,1769,0.8509
927,845,0.611506,2079,1769,0.8509
845,928,0.572639,2026,1684,0.8312
928,845,0.572639,2026,1684,0.8312
845,929,0.446689,1981,1555,0.785
929,845,0.446689,1981,1555,0.785
845,930,0.33083,2111,1502,0.7115
930,845,0.33083,2111,1502,0.7115
845,931,0.412926,1533,1160,0.7567
931,845,0.412926,1533,1160,0.7567
845,932,0.586377,2146,1795,0.8364
932,845,0.586377,2146,1795,0.8364
845,933,0.354199,1706,1233,0.7227
933,845,0.354199,1706,1233,0.7227
845,934,0.321703,2092,1536,0.7342
934,845,0.321703,2092,1536,0.7342
845,935,0.284711,2047,1405,0.6864
935,845,0.284711,2047,1405,0.6864
845,936,1.0,14,14,1.0
936,845,1.0,14,14,1.0
845,937,0.303555,2105,1512,0.7183
937,845,0.303555,2105,1512,0.7183
845,938,0.456454,292,235,0.8048
938,845,0.456454,292,235,0.8048
845,939,0.559262,2160,1778,0.8231
939,845,0.559262,2160,1778,0.8231
845,940,0.351145,1935,1423,0.7354
940,845,0.351145,1935,1423,0.7354
845,941,0.446286,1873,1454,0.7763
941,845,0.446286,1873,1454,0.7763
845,942,0.516502,2106,1683,0.7991
942,845,0.516502,2106,1683,0.7991
845,943,0.435376,1923,1427,0.7421
943,845,0.435376,1923,1427,0.7421
845,944,0.518508,1794,1417,0.7899
944,845,0.518508,1794,1417,0.7899
845,945,0.554954,1913,1563,0.817
945,845,0.554954,1913,1563,0.817
845,946,0.428192,1845,1373,0.7442
946,845,0.428192,1845,1373,0.7442
845,947,0.450216,1717,1326,0.7723
947,845,0.450216,1717,1326,0.7723
845,948,0.384698,1701,1269,0.746
948,845,0.384698,1701,1269,0.746
845,949,0.547801,1987,1616,0.8133
949,845,0.547801,1987,1616,0.8133
845,950,0.539764,2070,1696,0.8193
950,845,0.539764,2070,1696,0.8193
845,951,0.294311,2037,1444,0.7089
951,845,0.294311,2037,1444,0.7089
845,952,0.514873,1962,1579,0.8048
952,845,0.514873,1962,1579,0.8048
845,953,0.453479,2086,1651,0.7915
953,845,0.453479,2086,1651,0.7915
845,954,0.497197,1758,1380,0.785
954,845,0.497197,1758,1380,0.785
845,955,0.501353,1944,1529,0.7865
955,845,0.501353,1944,1529,0.7865
845,956,0.505749,2016,1620,0.8036
956,845,0.505749,2016,1620,0.8036
845,957,0.513981,2064,1665,0.8067
957,845,0.513981,2064,1665,0.8067
845,958,0.340561,1935,1431,0.7395
958,845,0.340561,1935,1431,0.7395
845,959,0.322377,2124,1555,0.7321
959,845,0.322377,2124,1555,0.7321
845,960,0.34583,2051,1509,0.7357
960,845,0.34583,2051,1509,0.7357
845,961,0.535974,2033,1671,0.8219
961,845,0.535974,2033,1671,0.8219
845,962,0.406559,1901,1390,0.7312
962,845,0.406559,1901,1390,0.7312
845,963,0.584421,2025,1695,0.837
963,845,0.584421,2025,1695,0.837
845,964,0.484894,1913,1506,0.7872
964,845,0.484894,1913,1506,0.7872
845,965,0.49111,2008,1592,0.7928
965,845,0.49111,2008,1592,0.7928
845,966,0.398559,1885,1357,0.7199
966,845,0.398559,1885,1357,0.7199
845,967,0.547199,2017,1662,0.824
967,845,0.547199,2017,1662,0.824
845,969,0.555971,2189,1823,0.8328
969,845,0.555971,2189,1823,0.8328
845,970,0.508867,2012,1652,0.8211
970,845,0.508867,2012,1652,0.8211
845,971,0.556597,1986,1643,0.8273
971,845,0.556597,1986,1643,0.8273
845,972,0.584636,1969,1644,0.8349
972,845,0.584636,1969,1644,0.8349
845,973,0.386829,1301,928,0.7133
973,845,0.386829,1301,928,0.7133
845,974,0.559138,1827,1510,0.8265
974,845,0.559138,1827,1510,0.8265
845,976,0.492698,1897,1478,0.7791
976,845,0.492698,1897,1478,0.7791
845,977,0.281221,2145,1533,0.7147
977,845,0.281221,2145,1533,0.7147
845,978,0.289557,1879,1350,0.7185
978,845,0.289557,1879,1350,0.7185
845,979,-0.187907,68,45,0.6618
979,845,-0.187907,68,45,0.6618
851,857,0.432887,1366,1111,0.8133
857,851,0.432887,1366,1111,0.8133
851,861,0.388542,1800,1367,0.7594
861,851,0.388542,1800,1367,0.7594
851,864,0.417101,1799,1400,0.7782
864,851,0.417101,1799,1400,0.7782
851,870,0.36072,1805,1369,0.7584
870,851,0.36072,1805,1369,0.7584
851,874,0.35828,1950,1466,0.7518
874,851,0.35828,1950,1466,0.7518
851,875,0.354856,1717,1292,0.7525
875,851,0.354856,1717,1292,0.7525
851,881,0.329197,1648,1199,0.7275
881,851,0.329197,1648,1199,0.7275
851,883,0.398026,2036,1599,0.7854
883,851,0.398026,2036,1599,0.7854
851,884,0.371154,1994,1516,0.7603
884,851,0.371154,1994,1516,0.7603
851,885,0.474316,1871,1518,0.8113
885,851,0.474316,1871,1518,0.8113
851,886,0.445577,2007,1610,0.8022
886,851,0.445577,2007,1610,0.8022
851,887,0.450143,2079,1678,0.8071
887,851,0.450143,2079,1678,0.8071
851,888,0.3461,1784,1341,0.7517
888,851,0.3461,1784,1341,0.7517
851,889,0.395887,2011,1527,0.7593
889,851,0.395887,2011,1527,0.7593
851,890,0.413192,1993,1537,0.7712
890,851,0.413192,1993,1537,0.7712
851,891,0.408756,2036,1627,0.7991
891,851,0.408756,2036,1627,0.7991
851,892,0.404567,1216,916,0.7533
892,851,0.404567,1216,916,0.7533
851,893,0.611815,2130,1828,0.8582
893,851,0.611815,2130,1828,0.8582
851,894,0.456847,2206,1776,0.8051
894,851,0.456847,2206,1776,0.8051
851,895,0.396347,2100,1614,0.7686
895,851,0.396347,2100,1614,0.7686
851,896,0.415196,1989,1528,0.7682
896,851,0.415196,1989,1528,0.7682
851,897,0.448255,1996,1596,0.7996
897,851,0.448255,1996,1596,0.7996
851,898,0.28044,1741,1192,0.6847
898,851,0.28044,1741,1192,0.6847
851,899,0.265041,2026,1451,0.7162
899,851,0.265041,2026,1451,0.7162
851,900,0.460143,2030,1628,0.802
900,851,0.460143,2030,1628,0.802
851,901,0.344668,1672,1205,0.7207
901,851,0.344668,1672,1205,0.7207
851,902,0.488425,2023,1660,0.8206
902,851,0.488425,2023,1660,0.8206
851,903,0.456738,2154,1744,0.8097
903,851,0.456738,2154,1744,0.8097
851,904,0.452073,1911,1531,0.8012
904,851,0.452073,1911,1531,0.8012
851,905,0.444713,1610,1272,0.7901
905,851,0.444713,1610,1272,0.7901
851,906,0.48573,1665,1325,0.7958
906,851,0.48573,1665,1325,0.7958
851,907,0.430321,2122,1685,0.7941
907,851,0.430321,2122,1685,0.7941
851,908,0.443915,2048,1628,0.7949
908,851,0.443915,2048,1628,0.7949
851,909,0.444848,2153,1720,0.7989
909,851,0.444848,2153,1720,0.7989
851,910,0.441274,1874,1485,0.7924
910,851,0.441274,1874,1485,0.7924
851,911,0.411604,1969,1525,0.7745
911,851,0.411604,1969,1525,0.7745
851,912,0.421914,2109,1666,0.7899
912,851,0.421914,2109,1666,0.7899
851,913,0.461751,1984,1597,0.8049
913,851,0.461751,1984,1597,0.8049
851,914,0.456004,1913,1506,0.7872
914,851,0.456004,1913,1506,0.7872
851,915,0.44267,2030,1615,0.7956
915,851,0.44267,2030,1615,0.7956
851,917,0.336779,1929,1443,0.7481
917,851,0.336779,1929,1443,0.7481
851,918,0.424411,2028,1608,0.7929
918,851,0.424411,2028,1608,0.7929
851,919,0.370052,2079,1580,0.76
919,851,0.370052,2079,1580,0.76
851,920,0.454406,2011,1632,0.8115
920,851,0.454406,2011,1632,0.8115
851,921,0.419853,1848,1484,0.803
921,851,0.419853,1848,1484,0.803
851,922,0.426717,1962,1554,0.792
922,851,0.426717,1962,1554,0.792
851,923,0.400763,2142,1699,0.7932
923,851,0.400763,2142,1699,0.7932
851,924,0.431832,2046,1649,0.806
924,851,0.431832,2046,1649,0.806
851,925,0.402248,2048,1633,0.7974
925,851,0.402248,2048,1633,0.7974
851,926,0.50797,1928,1604,0.832
926,851,0.50797,1928,1604,0.832
851,927,0.464827,1979,1606,0.8115
927,851,0.464827,1979,1606,0.8115
851,928,0.453105,1935,1554,0.8031
928,851,0.453105,1935,1554,0.8031
851,929,0.397666,2002,1530,0.7642
929,851,0.397666,2002,1530,0.7642
851,930,0.398607,2062,1542,0.7478
930,851,0.398607,2062,1542,0.7478
851,931,0.419901,1504,1141,0.7586
931,851,0.419901,1504,1141,0.7586
851,932,0.468685,2071,1676,0.8093
932,851,0.468685,2071,1676,0.8093
851,933,0.364512,1620,1220,0.7531
933,851,0.364512,1620,1220,0.7531
851,934,0.448502,2041,1630,0.7986
934,851,0.448502,2041,1630,0.7986
851,935,0.342192,1982,1424,0.7185
935,851,0.342192,1982,1424,0.7185
851,936,1.0,14,14,1.0
936,851,1.0,14,14,1.0
851,937,0.400365,2030,1566,0.7714
937,851,0.400365,2030,1566,0.7714
851,938,0.446783,337,268,0.7953
938,851,0.446783,337,268,0.7953
851,939,0.411818,2088,1627,0.7792
939,851,0.411818,2088,1627,0.7792
851,940,0.376822,1928,1481,0.7682
940,851,0.376822,1928,1481,0.7682
851,941,0.39834,1820,1414,0.7769
941,851,0.39834,1820,1414,0.7769
851,942,0.398487,2047,1566,0.765
942,851,0.398487,2047,1566,0.765
851,943,0.274221,1881,1294,0.6879
943,851,0.274221,1881,1294,0.6879
851,944,0.337131,1798,1307,0.7269
944,851,0.337131,1798,1307,0.7269
851,945,0.377747,1887,1445,0.7658
945,851,0.377747,1887,1445,0.7658
851,946,0.301165,1800,1271,0.7061
946,851,0.301165,1800,1271,0.7061
851,947,0.308418,1684,1243,0.7381
947,851,0.308418,1684,1243,0.7381
851,948,0.298887,1639,1194,0.7285
948,851,0.298887,1639,1194,0.7285
851,949,0.438249,1913,1499,0.7836
949,851,0.438249,1913,1499,0.7836
851,950,0.427026,1982,1567,0.7906
950,851,0.427026,1982,1567,0.7906
851,951,0.402679,1883,1442,0.7658
951,851,0.402679,1883,1442,0.7658
851,952,0.362789,1922,1471,0.7653
952,851,0.362789,1922,1471,0.7653
851,953,0.36686,2027,1591,0.7849
953,851,0.36686,2027,1591,0.7849
851,954,0.36761,1689,1271,0.7525
954,851,0.36761,1689,1271,0.7525
851,955,0.341893,1873,1374,0.7336
955,851,0.341893,1873,1374,0.7336
851,956,0.361647,1927,1481,0.7686
956,851,0.361647,1927,1481,0.7686
851,957,0.408426,1981,1544,0.7794
957,851,0.408426,1981,1544,0.7794
851,958,0.321685,1832,1374,0.75
958,851,0.321685,1832,1374,0.75
851,959,0.43393,2093,1658,0.7922
959,851,0.43393,2093,1658,0.7922
851,960,0.428445,1971,1543,0.7829
960,851,0.428445,1971,1543,0.7829
851,961,0.394546,1919,1508,0.7858
961,851,0.394546,1919,1508,0.7858
851,962,0.302029,1847,1296,0.7017
962,851,0.302029,1847,1296,0.7017
851,963,0.425722,1948,1549,0.7952
963,851,0.425722,1948,1549,0.7952
851,964,0.368381,1866,1417,0.7594
964,851,0.368381,1866,1417,0.7594
851,965,0.408555,1997,1562,0.7822
965,851,0.408555,1997,1562,0.7822
851,966,0.265614,1812,1233,0.6805
966,851,0.265614,1812,1233,0.6805
851,967,0.459358,1899,1532,0.8067
967,851,0.459358,1899,1532,0.8067
851,969,0.42765,2135,1721,0.8061
969,851,0.42765,2135,1721,0.8061
851,970,0.415612,2005,1591,0.7935
970,851,0.415612,2005,1591,0.7935
851,971,0.471462,1944,1577,0.8112
971,851,0.471462,1944,1577,0.8112
851,972,0.446621,1893,1515,0.8003
972,851,0.446621,1893,1515,0.8003
851,973,0.223825,1195,769,0.6435
973,851,0.223825,1195,769,0.6435
851,974,0.368875,1746,1348,0.7721
974,851,0.368875,1746,1348,0.7721
851,976,0.357077,1813,1332,0.7347
976,851,0.357077,1813,1332,0.7347
851,977,0.40043,2138,1665,0.7788
977,851,0.40043,2138,1665,0.7788
851,978,0.424799,1778,1403,0.7891
978,851,0.424799,1778,1403,0.7891
851,979,0.077267,72,61,0.8472
979,851,0.077267,72,61,0.8472
857,861,0.449303,1300,1017,0.7823
861,857,0.449303,1300,1017,0.7823
857,864,0.481496,1317,1068,0.8109
864,857,0.481496,1317,1068,0.8109
857,870,0.429601,1228,939,0.7647
870,857,0.429601,1228,939,0.7647
857,874,0.339022,1481,1113,0.7515
874,857,0.339022,1481,1113,0.7515
857,875,0.315983,1192,931,0.781
875,857,0.315983,1192,931,0.781
857,881,0.2224,1155,805,0.697
881,857,0.2224,1155,805,0.697
857,883,0.499349,1493,1223,0.8192
883,857,0.499349,1493,1223,0.8192
857,884,0.256686,1495,1074,0.7184
884,857,0.256686,1495,1074,0.7184
857,885,0.616828,1356,1168,0.8614
885,857,0.616828,1356,1168,0.8614
857,886,0.511287,1562,1294,0.8284
886,857,0.511287,1562,1294,0.8284
857,887,0.325849,1464,1166,0.7964
887,857,0.325849,1464,1166,0.7964
857,888,0.345166,1266,959,0.7575
888,857,0.345166,1266,959,0.7575
857,889,0.510286,1484,1191,0.8026
889,857,0.510286,1484,1191,0.8026
857,890,0.451429,1405,1107,0.7879
890,857,0.451429,1405,1107,0.7879
857,891,0.442343,1543,1257,0.8146
891,857,0.442343,1543,1257,0.8146
857,892,0.398403,764,574,0.7513
892,857,0.398403,764,574,0.7513
857,893,0.476822,1513,1217,0.8044
893,857,0.476822,1513,1217,0.8044
857,894,0.566848,1643,1387,0.8442
894,857,0.566848,1643,1387,0.8442
857,895,0.529656,1539,1258,0.8174
895,857,0.529656,1539,1258,0.8174
857,896,0.551389,1458,1204,0.8258
896,857,0.551389,1458,1204,0.8258
857,897,0.621701,1442,1245,0.8634
897,857,0.621701,1442,1245,0.8634
857,898,0.216568,1279,825,0.645
898,857,0.216568,1279,825,0.645
857,899,0.295131,1432,1025,0.7158
899,857,0.295131,1432,1025,0.7158
857,900,0.495952,1504,1227,0.8158
900,857,0.495952,1504,1227,0.8158
857,901,0.286685,1215,850,0.6996
901,857,0.286685,1215,850,0.6996
857,902,0.486936,1499,1231,0.8212
902,857,0.486936,1499,1231,0.8212
857,903,0.575726,1619,1379,0.8518
903,857,0.575726,1619,1379,0.8518
857,904,0.444378,1455,1169,0.8034
904,857,0.444378,1455,1169,0.8034
857,905,0.456833,1214,973,0.8015
905,857,0.456833,1214,973,0.8015
857,906,0.500195,1195,958,0.8017
906,857,0.500195,1195,958,0.8017
857,907,0.408662,1560,1243,0.7968
907,857,0.408662,1560,1243,0.7968
857,908,0.553755,1501,1249,0.8321
908,857,0.553755,1501,1249,0.8321
857,909,0.58117,1601,1358,0.8482
909,857,0.58117,1601,1358,0.8482
857,910,0.586964,1400,1181,0.8436
910,857,0.586964,1400,1181,0.8436
857,911,0.554263,1462,1216,0.8317
911,857,0.554263,1462,1216,0.8317
857,912,0.60337,1519,1295,0.8525
912,857,0.60337,1519,1295,0.8525
857,913,0.599671,1394,1189,0.8529
913,857,0.599671,1394,1189,0.8529
857,914,0.525076,1435,1170,0.8153
914,857,0.525076,1435,1170,0.8153
857,915,0.498433,1508,1237,0.8203
915,857,0.498433,1508,1237,0.8203
857,917,0.356069,1520,1123,0.7388
917,857,0.356069,1520,1123,0.7388
857,918,0.424915,1538,1229,0.7991
918,857,0.424915,1538,1229,0.7991
857,919,0.360501,1546,1179,0.7626
919,857,0.360501,1546,1179,0.7626
857,920,0.540464,1488,1241,0.834
920,857,0.540464,1488,1241,0.834
857,921,0.456116,1340,1101,0.8216
921,857,0.456116,1340,1101,0.8216
857,922,0.551613,1459,1223,0.8382
922,857,0.551613,1459,1223,0.8382
857,923,0.402162,1596,1256,0.787
923,857,0.402162,1596,1256,0.787
857,924,0.441414,1626,1317,0.81
924,857,0.441414,1626,1317,0.81
857,925,0.517019,1557,1299,0.8343
925,857,0.517019,1557,1299,0.8343
857,926,0.44115,1304,1082,0.8298
926,857,0.44115,1304,1082,0.8298
857,927,0.486345,1497,1238,0.827
927,857,0.486345,1497,1238,0.827
857,928,0.514095,1475,1226,0.8312
928,857,0.514095,1475,1226,0.8312
857,929,0.301715,1376,1046,0.7602
929,857,0.301715,1376,1046,0.7602
857,930,0.344096,1518,1109,0.7306
930,857,0.344096,1518,1109,0.7306
857,931,0.383755,1121,863,0.7698
931,857,0.383755,1121,863,0.7698
857,932,0.494177,1529,1251,0.8182
932,857,0.494177,1529,1251,0.8182
857,933,0.331943,1162,844,0.7263
933,857,0.331943,1162,844,0.7263
857,934,0.568173,1531,1292,0.8439
934,857,0.568173,1531,1292,0.8439
857,935,0.435831,1483,1134,0.7647
935,857,0.435831,1483,1134,0.7647
857,936,1.0,14,14,1.0
936,857,1.0,14,14,1.0
857,937,0.541498,1515,1243,0.8205
937,857,0.541498,1515,1243,0.8205
857,938,0.62924,284,248,0.8732
938,857,0.62924,284,248,0.8732
857,939,0.439584,1532,1214,0.7924
939,857,0.439584,1532,1214,0.7924
857,940,0.420618,1358,1041,0.7666
940,857,0.420618,1358,1041,0.7666
857,941,0.464761,1299,1029,0.7921
941,857,0.464761,1299,1029,0.7921
857,942,0.464768,1520,1208,0.7947
942,857,0.464768,1520,1208,0.7947
857,943,0.105909,1371,825,0.6018
943,857,0.105909,1371,825,0.6018
857,944,0.278306,1312,933,0.7111
944,857,0.278306,1312,933,0.7111
857,945,0.36682,1394,1064,0.7633
945,857,0.36682,1394,1064,0.7633
857,946,0.207692,1360,895,0.6581
946,857,0.207692,1360,895,0.6581
857,947,0.095999,1244,821,0.66
947,857,0.095999,1244,821,0.66
857,948,0.47852,1136,903,0.7949
948,857,0.47852,1136,903,0.7949
857,949,0.45201,1431,1133,0.7918
949,857,0.45201,1431,1133,0.7918
857,950,0.406526,1473,1157,0.7855
950,857,0.406526,1473,1157,0.7855
857,951,0.518975,1427,1155,0.8094
951,857,0.518975,1427,1155,0.8094
857,952,0.314256,1385,1030,0.7437
952,857,0.314256,1385,1030,0.7437
857,953,0.446862,1490,1203,0.8074
953,857,0.446862,1490,1203,0.8074
857,954,0.247342,1193,836,0.7008
954,857,0.247342,1193,836,0.7008
857,955,0.298568,1360,975,0.7169
955,857,0.298568,1360,975,0.7169
857,956,0.188597,1439,1025,0.7123
956,857,0.188597,1439,1025,0.7123
857,957,0.324344,1423,1064,0.7477
957,857,0.324344,1423,1064,0.7477
857,958,0.392626,1300,1002,0.7708
958,857,0.392626,1300,1002,0.7708
857,959,0.570069,1536,1289,0.8392
959,857,0.570069,1536,1289,0.8392
857,960,0.547902,1452,1194,0.8223
960,857,0.547902,1452,1194,0.8223
857,961,0.399504,1404,1103,0.7856
961,857,0.399504,1404,1103,0.7856
857,962,0.104257,1356,830,0.6121
962,857,0.104257,1356,830,0.6121
857,963,0.428997,1428,1148,0.8039
963,857,0.428997,1428,1148,0.8039
857,964,0.308727,1354,999,0.7378
964,857,0.308727,1354,999,0.7378
857,965,0.309833,1396,1033,0.74
965,857,0.309833,1396,1033,0.74
857,966,0.058675,1354,785,0.5798
966,857,0.058675,1354,785,0.5798
857,967,0.431474,1456,1170,0.8036
967,857,0.431474,1456,1170,0.8036
857,969,0.424463,1594,1288,0.808
969,857,0.424463,1594,1288,0.808
857,970,0.294352,1374,1069,0.778
970,857,0.294352,1374,1069,0.778
857,971,0.522451,1471,1237,0.8409
971,857,0.522451,1471,1237,0.8409
857,972,0.449114,1401,1127,0.8044
972,857,0.449114,1401,1127,0.8044
857,973,-0.091741,813,412,0.5068
973,857,-0.091741,813,412,0.5068
857,974,0.447886,1225,988,0.8065
974,857,0.447886,1225,988,0.8065
857,976,0.328912,1310,954,0.7282
976,857,0.328912,1310,954,0.7282
857,977,0.523278,1559,1285,0.8242
977,857,0.523278,1559,1285,0.8242
857,978,0.546388,1278,1061,0.8302
978,857,0.546388,1278,1061,0.8302
857,979,0.24232,74,65,0.8784
979,857,0.24232,74,65,0.8784
861,864,0.31522,1721,1235,0.7176
864,861,0.31522,1721,1235,0.7176
861,870,0.274407,1697,1185,0.6983
870,861,0.274407,1697,1185,0.6983
861,874,0.276026,1875,1311,0.6992
874,861,0.276026,1875,1311,0.6992
861,875,0.30142,1636,1180,0.7213
875,861,0.30142,1636,1180,0.7213
861,881,0.14049,1522,933,0.613
881,861,0.14049,1522,933,0.613
861,883,0.32739,1914,1389,0.7257
883,861,0.32739,1914,1389,0.7257
861,884,0.176697,1879,1221,0.6498
884,861,0.176697,1879,1221,0.6498
861,885,0.410904,1774,1346,0.7587
885,861,0.410904,1774,1346,0.7587
861,886,0.39757,1897,1438,0.758
886,861,0.39757,1897,1438,0.758
861,887,0.342195,1908,1436,0.7526
887,861,0.342195,1908,1436,0.7526
861,888,0.263449,1700,1186,0.6976
888,861,0.263449,1700,1186,0.6976
861,889,0.518363,1857,1474,0.7938
889,861,0.518363,1857,1474,0.7938
861,890,0.339503,1817,1300,0.7155
890,861,0.339503,1817,1300,0.7155
861,891,0.333464,1922,1430,0.744
891,861,0.333464,1922,1430,0.744
861,892,0.274235,1274,854,0.6703
892,861,0.274235,1274,854,0.6703
861,893,0.356642,1963,1447,0.7371
893,861,0.356642,1963,1447,0.7371
861,894,0.543388,2044,1671,0.8175
894,861,0.543388,2044,1671,0.8175
861,895,0.53628,1984,1601,0.807
895,861,0.53628,1984,1601,0.807
861,896,0.534614,1866,1497,0.8023
896,861,0.534614,1866,1497,0.8023
861,897,0.568895,1851,1526,0.8244
897,861,0.568895,1851,1526,0.8244
861,898,0.19933,1681,1036,0.6163
898,861,0.19933,1681,1036,0.6163
861,899,0.504397,1873,1482,0.7912
899,861,0.504397,1873,1482,0.7912
861,900,0.346602,1906,1393,0.7308
900,861,0.346602,1906,1393,0.7308
861,901,0.178673,1647,1037,0.6296
901,861,0.178673,1647,1037,0.6296
861,902,0.330009,1896,1395,0.7358
902,861,0.330009,1896,1395,0.7358
861,903,0.357611,1999,1484,0.7424
903,861,0.357611,1999,1484,0.7424
861,904,0.316069,1819,1308,0.7191
904,861,0.316069,1819,1308,0.7191
861,905,0.316237,1596,1140,0.7143
905,861,0.316237,1596,1140,0.7143
861,906,0.36047,1619,1169,0.7221
906,861,0.36047,1619,1169,0.7221
861,907,0.324544,1934,1412,0.7301
907,861,0.324544,1934,1412,0.7301
861,908,0.547587,1925,1571,0.8161
908,861,0.547587,1925,1571,0.8161
861,909,0.558827,1982,1629,0.8219
909,861,0.558827,1982,1629,0.8219
861,910,0.55414,1749,1422,0.813
910,861,0.55414,1749,1422,0.813
861,911,0.48169,1851,1445,0.7807
911,861,0.48169,1851,1445,0.7807
861,912,0.552726,1919,1571,0.8187
912,861,0.552726,1919,1571,0.8187
861,913,0.581085,1810,1502,0.8298
913,861,0.581085,1810,1502,0.8298
861,914,0.520563,1812,1443,0.7964
914,861,0.520563,1812,1443,0.7964
861,915,0.36841,1892,1404,0.7421
915,861,0.36841,1892,1404,0.7421
861,917,0.207021,1784,1172,0.657
917,861,0.207021,1784,1172,0.657
861,918,0.308463,1953,1405,0.7194
918,861,0.308463,1953,1405,0.7194
861,919,0.235845,1963,1327,0.676
919,861,0.235845,1963,1327,0.676
861,920,0.345414,1863,1373,0.737
920,861,0.345414,1863,1373,0.737
861,921,0.368362,1694,1275,0.7527
921,861,0.368362,1694,1275,0.7527
861,922,0.356527,1799,1315,0.731
922,861,0.356527,1799,1315,0.731
861,923,0.394271,2015,1540,0.7643
923,861,0.394271,2015,1540,0.7643
861,924,0.344946,1909,1418,0.7428
924,861,0.344946,1909,1418,0.7428
861,925,0.457212,1905,1503,0.789
925,861,0.457212,1905,1503,0.789
861,926,0.382427,1735,1344,0.7746
926,861,0.382427,1735,1344,0.7746
861,927,0.328964,1870,1369,0.7321
927,861,0.328964,1870,1369,0.7321
861,928,0.333528,1871,1369,0.7317
928,861,0.333528,1871,1369,0.7317
861,929,0.300029,1803,1289,0.7149
929,861,0.300029,1803,1289,0.7149
861,930,0.314547,1919,1341,0.6988
930,861,0.314547,1919,1341,0.6988
861,931,0.340789,1427,1021,0.7155
931,861,0.340789,1427,1021,0.7155
861,932,0.328912,1922,1388,0.7222
932,861,0.328912,1922,1388,0.7222
861,933,0.10864,1567,943,0.6018
933,861,0.10864,1567,943,0.6018
861,934,0.533656,1889,1535,0.8126
934,861,0.533656,1889,1535,0.8126
861,935,0.476175,1854,1422,0.767
935,861,0.476175,1854,1422,0.767
861,936,1.0,14,14,1.0
936,861,1.0,14,14,1.0
861,937,0.604035,1890,1576,0.8339
937,861,0.604035,1890,1576,0.8339
861,938,0.679676,294,260,0.8844
938,861,0.679676,294,260,0.8844
861,939,0.306588,1927,1366,0.7089
939,861,0.306588,1927,1366,0.7089
861,940,0.278715,1748,1208,0.6911
940,861,0.278715,1748,1208,0.6911
861,941,0.256444,1689,1158,0.6856
941,861,0.256444,1689,1158,0.6856
861,942,0.336941,1903,1362,0.7157
942,861,0.336941,1903,1362,0.7157
861,943,0.178754,1809,1113,0.6153
943,861,0.178754,1809,1113,0.6153
861,944,0.199719,1668,1072,0.6427
944,861,0.199719,1668,1072,0.6427
861,945,0.204105,1736,1136,0.6544
945,861,0.204105,1736,1136,0.6544
861,946,0.143114,1664,1012,0.6082
946,861,0.143114,1664,1012,0.6082
861,947,0.133166,1624,1016,0.6256
947,861,0.133166,1624,1016,0.6256
861,948,0.313366,1611,1139,0.707
948,861,0.313366,1611,1139,0.707
861,949,0.296336,1778,1241,0.698
949,861,0.296336,1778,1241,0.698
861,950,0.295312,1852,1314,0.7095
950,861,0.295312,1852,1314,0.7095
861,951,0.534482,1793,1442,0.8042
951,861,0.534482,1793,1442,0.8042
861,952,0.214371,1753,1169,0.6669
952,861,0.214371,1753,1169,0.6669
861,953,0.28504,1855,1345,0.7251
953,861,0.28504,1855,1345,0.7251
861,954,0.176184,1651,1051,0.6366
954,861,0.176184,1651,1051,0.6366
861,955,0.231412,1743,1147,0.6581
955,861,0.231412,1743,1147,0.6581
861,956,0.167275,1798,1171,0.6513
956,861,0.167275,1798,1171,0.6513
861,957,0.270706,1835,1283,0.6992
957,861,0.270706,1835,1283,0.6992
861,958,0.235268,1709,1174,0.687
958,861,0.235268,1709,1174,0.687
861,959,0.548422,1936,1579,0.8156
959,861,0.548422,1936,1579,0.8156
861,960,0.558334,1892,1543,0.8155
960,861,0.558334,1892,1543,0.8155
861,961,0.254752,1817,1268,0.6979
961,861,0.254752,1817,1268,0.6979
861,962,0.202111,1771,1125,0.6352
962,861,0.202111,1771,1125,0.6352
861,963,0.331225,1856,1364,0.7349
963,861,0.331225,1856,1364,0.7349
861,964,0.21434,1697,1129,0.6653
964,861,0.21434,1697,1129,0.6653
861,965,0.22449,1838,1234,0.6714
965,861,0.22449,1838,1234,0.6714
861,966,0.192662,1724,1082,0.6276
966,861,0.192662,1724,1082,0.6276
861,967,0.271095,1797,1253,0.6973
967,861,0.271095,1797,1253,0.6973
861,969,0.34139,1991,1483,0.7449
969,861,0.34139,1991,1483,0.7449
861,970,0.274918,1780,1294,0.727
970,861,0.274918,1780,1294,0.727
861,971,0.391526,1809,1366,0.7551
971,861,0.391526,1809,1366,0.7551
861,972,0.345739,1803,1325,0.7349
972,861,0.345739,1803,1325,0.7349
861,973,0.151701,1209,726,0.6005
973,861,0.151701,1209,726,0.6005
861,974,0.269565,1613,1116,0.6919
974,861,0.269565,1613,1116,0.6919
861,976,0.212328,1710,1107,0.6474
976,861,0.212328,1710,1107,0.6474
861,977,0.549593,1940,1592,0.8206
977,861,0.549593,1940,1592,0.8206
861,978,0.520165,1708,1369,0.8015
978,861,0.520165,1708,1369,0.8015
861,979,0.213498,48,39,0.8125
979,861,0.213498,48,39,0.8125
864,870,0.473474,1656,1296,0.7826
870,864,0.473474,1656,1296,0.7826
864,874,0.495125,1865,1487,0.7973
874,864,0.495125,1865,1487,0.7973
864,875,0.5348,1642,1351,0.8228
875,864,0.5348,1642,1351,0.8228
864,881,0.4553,1594,1224,0.7679
881,864,0.4553,1594,1224,0.7679
864,883,0.645322,1863,1604,0.861
883,864,0.645322,1863,1604,0.861
864,884,0.557029,1889,1551,0.8211
884,864,0.557029,1889,1551,0.8211
864,885,0.656486,1812,1565,0.8637
885,864,0.656486,1812,1565,0.8637
864,886,0.591283,1886,1586,0.8409
886,864,0.591283,1886,1586,0.8409
864,887,0.616098,1880,1619,0.8612
887,864,0.616098,1880,1619,0.8612
864,888,0.494218,1740,1387,0.7971
888,864,0.494218,1740,1387,0.7971
864,889,0.375789,1877,1392,0.7416
889,864,0.375789,1877,1392,0.7416
864,890,0.614345,1878,1580,0.8413
890,864,0.614345,1878,1580,0.8413
864,891,0.572029,1904,1597,0.8388
891,864,0.572029,1904,1597,0.8388
864,892,0.602968,1196,985,0.8236
892,864,0.602968,1196,985,0.8236
864,893,0.464956,1935,1520,0.7855
893,864,0.464956,1935,1520,0.7855
864,894,0.393346,2020,1542,0.7634
894,864,0.393346,2020,1542,0.7634
864,895,0.384393,1937,1453,0.7501
895,864,0.384393,1937,1453,0.7501
864,896,0.360288,1861,1363,0.7324
896,864,0.360288,1861,1363,0.7324
864,897,0.419084,1839,1415,0.7694
897,864,0.419084,1839,1415,0.7694
864,898,0.430335,1667,1219,0.7313
898,864,0.430335,1667,1219,0.7313
864,899,0.22242,1858,1244,0.6695
899,864,0.22242,1858,1244,0.6695
864,900,0.656675,1908,1648,0.8637
900,864,0.656675,1908,1648,0.8637
864,901,0.531622,1644,1298,0.7895
901,864,0.531622,1644,1298,0.7895
864,902,0.593636,1909,1614,0.8455
902,864,0.593636,1909,1614,0.8455
864,903,0.714485,2002,1782,0.8901
903,864,0.714485,2002,1782,0.8901
864,904,0.649943,1837,1586,0.8634
904,864,0.649943,1837,1586,0.8634
864,905,0.602123,1561,1306,0.8366
905,864,0.602123,1561,1306,0.8366
864,906,0.53453,1620,1305,0.8056
906,864,0.53453,1620,1305,0.8056
864,907,0.552187,1944,1604,0.8251
907,864,0.552187,1944,1604,0.8251
864,908,0.388251,1960,1492,0.7612
908,864,0.388251,1960,1492,0.7612
864,909,0.401862,1989,1526,0.7672
909,864,0.401862,1989,1526,0.7672
864,910,0.389463,1759,1326,0.7538
910,864,0.389463,1759,1326,0.7538
864,911,0.393799,1878,1417,0.7545
911,864,0.393799,1878,1417,0.7545
864,912,0.395219,1959,1493,0.7621
912,864,0.395219,1959,1493,0.7621
864,913,0.412243,1813,1396,0.77
913,864,0.412243,1813,1396,0.77
864,914,0.370299,1832,1359,0.7418
914,864,0.370299,1832,1359,0.7418
864,915,0.672948,1942,1692,0.8713
915,864,0.672948,1942,1692,0.8713
864,917,0.424653,1768,1344,0.7602
917,864,0.424653,1768,1344,0.7602
864,918,0.624437,1915,1633,0.8527
918,864,0.624437,1915,1633,0.8527
864,919,0.553708,1963,1607,0.8186
919,864,0.553708,1963,1607,0.8186
864,920,0.567232,1879,1567,0.834
920,864,0.567232,1879,1567,0.834
864,921,0.445911,1762,1399,0.794
921,864,0.445911,1762,1399,0.794
864,922,0.668183,1839,1598,0.869
922,864,0.668183,1839,1598,0.869
864,923,0.458339,1978,1573,0.7952
923,864,0.458339,1978,1573,0.7952
864,924,0.596006,1881,1591,0.8458
924,864,0.596006,1881,1591,0.8458
864,925,0.404382,1969,1536,0.7801
925,864,0.404382,1969,1536,0.7801
864,926,0.495627,1749,1433,0.8193
926,864,0.495627,1749,1433,0.8193
864,927,0.653253,1915,1661,0.8674
927,864,0.653253,1915,1661,0.8674
864,928,0.631838,1859,1594,0.8575
928,864,0.631838,1859,1594,0.8575
864,929,0.488229,1818,1463,0.8047
929,864,0.488229,1818,1463,0.8047
864,930,0.349855,1924,1380,0.7173
930,864,0.349855,1924,1380,0.7173
864,931,0.407577,1418,1063,0.7496
931,864,0.407577,1418,1063,0.7496
864,932,0.636478,1911,1634,0.855
932,864,0.636478,1911,1634,0.855
864,933,0.365452,1588,1163,0.7324
933,864,0.365452,1588,1163,0.7324
864,934,0.413923,1893,1462,0.7723
934,864,0.413923,1893,1462,0.7723
864,935,0.320991,1844,1297,0.7034
935,864,0.320991,1844,1297,0.7034
864,936,1.0,14,14,1.0
936,864,1.0,14,14,1.0
864,937,0.384729,1938,1455,0.7508
937,864,0.384729,1938,1455,0.7508
864,938,0.307928,323,239,0.7399
938,864,0.307928,323,239,0.7399
864,939,0.585251,1968,1638,0.8323
939,864,0.585251,1968,1638,0.8323
864,940,0.389585,1798,1349,0.7503
940,864,0.389585,1798,1349,0.7503
864,941,0.501757,1742,1393,0.7997
941,864,0.501757,1742,1393,0.7997
864,942,0.669483,1970,1705,0.8655
942,864,0.669483,1970,1705,0.8655
864,943,0.419938,1727,1268,0.7342
943,864,0.419938,1727,1268,0.7342
864,944,0.518741,1666,1316,0.7899
944,864,0.518741,1666,1316,0.7899
864,945,0.582116,1772,1469,0.829
945,864,0.582116,1772,1469,0.829
864,946,0.464211,1720,1313,0.7634
946,864,0.464211,1720,1313,0.7634
864,947,0.43479,1586,1217,0.7673
947,864,0.43479,1586,1217,0.7673
864,948,0.359099,1653,1218,0.7368
948,864,0.359099,1653,1218,0.7368
864,949,0.58901,1825,1513,0.829
949,864,0.58901,1825,1513,0.829
864,950,0.618467,1857,1579,0.8503
950,864,0.618467,1857,1579,0.8503
864,951,0.377529,1818,1349,0.742
951,864,0.377529,1818,1349,0.742
864,952,0.509805,1803,1447,0.8026
952,864,0.509805,1803,1447,0.8026
864,953,0.497444,1875,1520,0.8107
953,864,0.497444,1875,1520,0.8107
864,954,0.52588,1578,1259,0.7978
954,864,0.52588,1578,1259,0.7978
864,955,0.505306,1808,1421,0.786
955,864,0.505306,1808,1421,0.786
864,956,0.539127,1814,1487,0.8197
956,864,0.539127,1814,1487,0.8197
864,957,0.543311,1826,1492,0.8171
957,864,0.543311,1826,1492,0.8171
864,958,0.355928,1704,1267,0.7435
958,864,0.355928,1704,1267,0.7435
864,959,0.404628,1934,1478,0.7642
959,864,0.404628,1934,1478,0.7642
864,960,0.383551,1898,1420,0.7482
960,864,0.383551,1898,1420,0.7482
864,961,0.552592,1857,1536,0.8271
961,864,0.552592,1857,1536,0.8271
864,962,0.405982,1725,1259,0.7299
962,864,0.405982,1725,1259,0.7299
864,963,0.602442,1817,1533,0.8437
963,864,0.602442,1817,1533,0.8437
864,964,0.519424,1796,1445,0.8046
964,864,0.519424,1796,1445,0.8046
864,965,0.561914,1826,1503,0.8231
965,864,0.561914,1826,1503,0.8231
864,966,0.38957,1716,1227,0.715
966,864,0.38957,1716,1227,0.715
864,967,0.583881,1862,1564,0.84
967,864,0.583881,1862,1564,0.84
864,969,0.598109,1968,1670,0.8486
969,864,0.598109,1968,1670,0.8486
864,970,0.550686,1812,1516,0.8366
970,864,0.550686,1812,1516,0.8366
864,971,0.670906,1835,1599,0.8714
971,864,0.670906,1835,1599,0.8714
864,972,0.615025,1787,1514,0.8472
972,864,0.615025,1787,1514,0.8472
864,973,0.341185,1264,876,0.693
973,864,0.341185,1264,876,0.693
864,974,0.583979,1664,1386,0.8329
974,864,0.583979,1664,1386,0.8329
864,976,0.516214,1746,1378,0.7892
976,864,0.516214,1746,1378,0.7892
864,977,0.378899,1931,1459,0.7556
977,864,0.378899,1931,1459,0.7556
864,978,0.405218,1643,1257,0.7651
978,864,0.405218,1643,1257,0.7651
864,979,-0.147871,61,44,0.7213
979,864,-0.147871,61,44,0.7213
870,874,0.341535,1815,1322,0.7284
874,870,0.341535,1815,1322,0.7284
870,875,0.296039,1554,1133,0.7291
875,870,0.296039,1554,1133,0.7291
870,881,0.396157,1522,1134,0.7451
881,870,0.396157,1522,1134,0.7451
870,883,0.459606,1865,1458,0.7818
883,870,0.459606,1865,1458,0.7818
870,884,0.394683,1871,1397,0.7467
884,870,0.394683,1871,1397,0.7467
870,885,0.496369,1770,1415,0.7994
885,870,0.496369,1770,1415,0.7994
870,886,0.390815,1820,1374,0.7549
886,870,0.390815,1820,1374,0.7549
870,887,0.39609,1870,1463,0.7824
887,870,0.39609,1870,1463,0.7824
870,888,0.359421,1671,1237,0.7403
888,870,0.359421,1671,1237,0.7403
870,889,0.323271,1870,1330,0.7112
889,870,0.323271,1870,1330,0.7112
870,890,0.4022,1787,1335,0.7471
890,870,0.4022,1787,1335,0.7471
870,891,0.43096,1891,1482,0.7837
891,870,0.43096,1891,1482,0.7837
870,892,0.353135,1106,777,0.7025
892,870,0.353135,1106,777,0.7025
870,893,0.387324,1976,1493,0.7556
893,870,0.387324,1976,1493,0.7556
870,894,0.315498,2022,1461,0.7226
894,870,0.315498,2022,1461,0.7226
870,895,0.328136,1933,1387,0.7175
895,870,0.328136,1933,1387,0.7175
870,896,0.295406,1809,1262,0.6976
896,870,0.295406,1809,1262,0.6976
870,897,0.351591,1825,1346,0.7375
897,870,0.351591,1825,1346,0.7375
870,898,0.382234,1632,1170,0.7169
898,870,0.382234,1632,1170,0.7169
870,899,0.248066,1815,1242,0.6843
899,870,0.248066,1815,1242,0.6843
870,900,0.483684,1903,1507,0.7919
900,870,0.483684,1903,1507,0.7919
870,901,0.426216,1653,1232,0.7453
901,870,0.426216,1653,1232,0.7453
870,902,0.464956,1879,1489,0.7924
902,870,0.464956,1879,1489,0.7924
870,903,0.509704,1981,1597,0.8062
903,870,0.509704,1981,1597,0.8062
870,904,0.489698,1803,1436,0.7965
904,870,0.489698,1803,1436,0.7965
870,905,0.45547,1498,1161,0.775
905,870,0.45547,1498,1161,0.775
870,906,0.432197,1555,1183,0.7608
906,870,0.432197,1555,1183,0.7608
870,907,0.325278,1959,1435,0.7325
907,870,0.325278,1959,1435,0.7325
870,908,0.330204,1909,1399,0.7328
908,870,0.330204,1909,1399,0.7328
870,909,0.338244,1957,1435,0.7333
909,870,0.338244,1957,1435,0.7333
870,910,0.306084,1711,1217,0.7113
910,870,0.306084,1711,1217,0.7113
870,911,0.368205,1832,1354,0.7391
911,870,0.368205,1832,1354,0.7391
870,912,0.328637,1934,1406,0.727
912,870,0.328637,1934,1406,0.727
870,913,0.349706,1809,1337,0.7391
913,870,0.349706,1809,1337,0.7391
870,914,0.360182,1818,1329,0.731
914,870,0.360182,1818,1329,0.731
870,915,0.45827,1885,1475,0.7825
915,870,0.45827,1885,1475,0.7825
870,917,0.495636,1786,1409,0.7889
917,870,0.495636,1786,1409,0.7889
870,918,0.489548,1893,1506,0.7956
918,870,0.489548,1893,1506,0.7956
870,919,0.452505,1951,1512,0.775
919,870,0.452505,1951,1512,0.775
870,920,0.586137,1907,1602,0.8401
920,870,0.586137,1907,1602,0.8401
870,921,0.391516,1711,1313,0.7674
921,870,0.391516,1711,1313,0.7674
870,922,0.49905,1826,1459,0.799
922,870,0.49905,1826,1459,0.799
870,923,0.401963,1976,1519,0.7687
923,870,0.401963,1976,1519,0.7687
870,924,0.449981,1888,1476,0.7818
924,870,0.449981,1888,1476,0.7818
870,925,0.342851,1914,1446,0.7555
925,870,0.342851,1914,1446,0.7555
870,926,0.380737,1688,1306,0.7737
926,870,0.380737,1688,1306,0.7737
870,927,0.524162,1853,1520,0.8203
927,870,0.524162,1853,1520,0.8203
870,928,0.443732,1854,1438,0.7756
928,870,0.443732,1854,1438,0.7756
870,929,0.332291,1788,1316,0.736
929,870,0.332291,1788,1316,0.736
870,930,0.312855,1912,1343,0.7024
930,870,0.312855,1912,1343,0.7024
870,931,0.354389,1351,997,0.738
931,870,0.354389,1351,997,0.738
870,932,0.473906,1909,1508,0.7899
932,870,0.473906,1909,1508,0.7899
870,933,0.470239,1557,1210,0.7771
933,870,0.470239,1557,1210,0.7771
870,934,0.345321,1871,1379,0.737
934,870,0.345321,1871,1379,0.737
870,935,0.308682,1831,1268,0.6925
935,870,0.308682,1831,1268,0.6925
870,936,-0.471405,7,2,0.2857
936,870,-0.471405,7,2,0.2857
870,937,0.350561,1875,1375,0.7333
937,870,0.350561,1875,1375,0.7333
870,938,0.128508,221,156,0.7059
938,870,0.128508,221,156,0.7059
870,939,0.512535,1960,1571,0.8015
939,870,0.512535,1960,1571,0.8015
870,940,0.524002,1812,1471,0.8118
940,870,0.524002,1812,1471,0.8118
870,941,0.641798,1725,1479,0.8574
941,870,0.641798,1725,1479,0.8574
870,942,0.400797,1903,1420,0.7462
942,870,0.400797,1903,1420,0.7462
870,943,0.415738,1824,1347,0.7385
943,870,0.415738,1824,1347,0.7385
870,944,0.436524,1687,1269,0.7522
944,870,0.436524,1687,1269,0.7522
870,945,0.505947,1761,1396,0.7927
945,870,0.505947,1761,1396,0.7927
870,946,0.422337,1666,1241,0.7449
946,870,0.422337,1666,1241,0.7449
870,947,0.293881,1570,1111,0.7076
947,870,0.293881,1570,1111,0.7076
870,948,0.269081,1509,1040,0.6892
948,870,0.269081,1509,1040,0.6892
870,949,0.493746,1791,1419,0.7923
949,870,0.493746,1791,1419,0.7923
870,950,0.452613,1845,1451,0.7864
950,870,0.452613,1845,1451,0.7864
870,951,0.307953,1764,1246,0.7063
951,870,0.307953,1764,1246,0.7063
870,952,0.444925,1825,1404,0.7693
952,870,0.444925,1825,1404,0.7693
870,953,0.524752,1893,1550,0.8188
953,870,0.524752,1893,1550,0.8188
870,954,0.416928,1607,1212,0.7542
954,870,0.416928,1607,1212,0.7542
870,955,0.441422,1755,1335,0.7607
955,870,0.441422,1755,1335,0.7607
870,956,0.413115,1798,1373,0.7636
956,870,0.413115,1798,1373,0.7636
870,957,0.355541,1861,1376,0.7394
957,870,0.355541,1861,1376,0.7394
870,958,0.369194,1730,1299,0.7509
958,870,0.369194,1730,1299,0.7509
870,959,0.344137,1945,1426,0.7332
959,870,0.344137,1945,1426,0.7332
870,960,0.339969,1841,1336,0.7257
960,870,0.339969,1841,1336,0.7257
870,961,0.512702,1843,1497,0.8123
961,870,0.512702,1843,1497,0.8123
870,962,0.396508,1712,1267,0.7401
962,870,0.396508,1712,1267,0.7401
870,963,0.442457,1844,1440,0.7809
963,870,0.442457,1844,1440,0.7809
870,964,0.406166,1690,1275,0.7544
964,870,0.406166,1690,1275,0.7544
870,965,0.396886,1831,1384,0.7559
965,870,0.396886,1831,1384,0.7559
870,966,0.418381,1700,1264,0.7435
966,870,0.418381,1700,1264,0.7435
870,967,0.507904,1810,1468,0.811
967,870,0.507904,1810,1468,0.811
870,969,0.405459,1956,1511,0.7725
969,870,0.405459,1956,1511,0.7725
870,970,0.376287,1830,1414,0.7727
970,870,0.376287,1830,1414,0.7727
870,971,0.424389,1792,1378,0.769
971,870,0.424389,1792,1378,0.769
870,972,0.484572,1788,1421,0.7947
972,870,0.484572,1788,1421,0.7947
870,973,0.30261,1109,762,0.6871
973,870,0.30261,1109,762,0.6871
870,974,0.448458,1674,1310,0.7826
974,870,0.448458,1674,1310,0.7826
870,976,0.452329,1696,1301,0.7671
976,870,0.452329,1696,1301,0.7671
870,977,0.270784,1927,1347,0.699
977,870,0.270784,1927,1347,0.699
870,978,0.317301,1719,1236,0.719
978,870,0.317301,1719,1236,0.719
870,979,0.033315,70,50,0.7143
979,870,0.033315,70,50,0.7143
874,875,0.374545,1777,1341,0.7546
875,874,0.374545,1777,1341,0.7546
874,881,0.424192,1730,1308,0.7561
881,874,0.424192,1730,1308,0.7561
874,883,0.46595,2072,1635,0.7891
883,874,0.46595,2072,1635,0.7891
874,884,0.439643,2059,1583,0.7688
884,874,0.439643,2059,1583,0.7688
874,885,0.524981,1987,1621,0.8158
885,874,0.524981,1987,1621,0.8158
874,886,0.461528,2083,1646,0.7902
886,874,0.461528,2083,1646,0.7902
874,887,0.507335,2038,1671,0.8199
887,874,0.507335,2038,1671,0.8199
874,888,0.38033,1837,1376,0.749
888,874,0.38033,1837,1376,0.749
874,889,0.309045,2067,1470,0.7112
889,874,0.309045,2067,1470,0.7112
874,890,0.45474,2007,1547,0.7708
890,874,0.45474,2007,1547,0.7708
874,891,0.435228,2092,1648,0.7878
891,874,0.435228,2092,1648,0.7878
874,892,0.40143,1307,958,0.733
892,874,0.40143,1307,958,0.733
874,893,0.380074,2119,1593,0.7518
893,874,0.380074,2119,1593,0.7518
874,894,0.346984,2212,1648,0.745
894,874,0.346984,2212,1648,0.745
874,895,0.32852,2099,1519,0.7237
895,874,0.32852,2099,1519,0.7237
874,896,0.322393,2042,1462,0.716
896,874,0.322393,2042,1462,0.716
874,897,0.354902,2031,1508,0.7425
897,874,0.354902,2031,1508,0.7425
874,898,0.364348,1858,1303,0.7013
898,874,0.364348,1858,1303,0.7013
874,899,0.192536,2001,1329,0.6642
899,874,0.192536,2001,1329,0.6642
874,900,0.537425,2112,1726,0.8172
900,874,0.537425,2112,1726,0.8172
874,901,0.473875,1799,1382,0.7682
901,874,0.473875,1799,1382,0.7682
874,902,0.450607,2058,1632,0.793
902,874,0.450607,2058,1632,0.793
874,903,0.50998,2174,1756,0.8077
903,874,0.50998,2174,1756,0.8077
874,904,0.527201,2007,1636,0.8151
904,874,0.527201,2007,1636,0.8151
874,905,0.523369,1703,1379,0.8097
905,874,0.523369,1703,1379,0.8097
874,906,0.405598,1768,1326,0.75
906,874,0.405598,1768,1326,0.75
874,907,0.416311,2146,1664,0.7754
907,874,0.416311,2146,1664,0.7754
874,908,0.310682,2135,1547,0.7246
908,874,0.310682,2135,1547,0.7246
874,909,0.340906,2174,1609,0.7401
909,874,0.340906,2174,1609,0.7401
874,910,0.344135,1923,1413,0.7348
910,874,0.344135,1923,1413,0.7348
874,911,0.312518,2058,1474,0.7162
911,874,0.312518,2058,1474,0.7162
874,912,0.328336,2131,1563,0.7335
912,874,0.328336,2131,1563,0.7335
874,913,0.336929,2002,1474,0.7363
913,874,0.336929,2002,1474,0.7363
874,914,0.349833,2006,1473,0.7343
914,874,0.349833,2006,1473,0.7343
874,915,0.496708,2081,1666,0.8006
915,874,0.496708,2081,1666,0.8006
874,917,0.316222,1931,1384,0.7167
917,874,0.316222,1931,1384,0.7167
874,918,0.510728,2122,1717,0.8091
918,874,0.510728,2122,1717,0.8091
874,919,0.46609,2165,1697,0.7838
919,874,0.46609,2165,1697,0.7838
874,920,0.414795,2076,1601,0.7712
920,874,0.414795,2076,1601,0.7712
874,921,0.440494,1954,1550,0.7932
921,874,0.440494,1954,1550,0.7932
874,922,0.460085,2011,1574,0.7827
922,874,0.460085,2011,1574,0.7827
874,923,0.379879,2166,1666,0.7692
923,874,0.379879,2166,1666,0.7692
874,924,0.475425,2100,1679,0.7995
924,874,0.475425,2100,1679,0.7995
874,925,0.328452,2120,1586,0.7481
925,874,0.328452,2120,1586,0.7481
874,926,0.429603,1893,1518,0.8019
926,874,0.429603,1893,1518,0.8019
874,927,0.493774,2052,1659,0.8085
927,874,0.493774,2052,1659,0.8085
874,928,0.474996,2044,1624,0.7945
928,874,0.474996,2044,1624,0.7945
874,929,0.369553,1977,1494,0.7557
929,874,0.369553,1977,1494,0.7557
874,930,0.313515,2102,1490,0.7088
930,874,0.313515,2102,1490,0.7088
874,931,0.301441,1560,1109,0.7109
931,874,0.301441,1560,1109,0.7109
874,932,0.488133,2112,1681,0.7959
932,874,0.488133,2112,1681,0.7959
874,933,0.318322,1724,1221,0.7082
933,874,0.318322,1724,1221,0.7082
874,934,0.329719,2085,1536,0.7367
934,874,0.329719,2085,1536,0.7367
874,935,0.303042,2015,1401,0.6953
935,874,0.303042,2015,1401,0.6953
874,936,-0.372104,14,4,0.2857
936,874,-0.372104,14,4,0.2857
874,937,0.303452,2087,1491,0.7144
937,874,0.303452,2087,1491,0.7144
874,938,0.251209,308,220,0.7143
938,874,0.251209,308,220,0.7143
874,939,0.489997,2120,1686,0.7953
939,874,0.489997,2120,1686,0.7953
874,940,0.333826,1942,1413,0.7276
940,874,0.333826,1942,1413,0.7276
874,941,0.411008,1809,1377,0.7612
941,874,0.411008,1809,1377,0.7612
874,942,0.483185,2056,1619,0.7875
942,874,0.483185,2056,1619,0.7875
874,943,0.389679,1902,1371,0.7208
943,874,0.389679,1902,1371,0.7208
874,944,0.448434,1849,1406,0.7604
944,874,0.448434,1849,1406,0.7604
874,945,0.522588,1918,1542,0.804
945,874,0.522588,1918,1542,0.804
874,946,0.39357,1902,1389,0.7303
946,874,0.39357,1902,1389,0.7303
874,947,0.389926,1774,1328,0.7486
947,874,0.389926,1774,1328,0.7486
874,948,0.271535,1741,1212,0.6962
948,874,0.271535,1741,1212,0.6962
874,949,0.482025,1978,1558,0.7877
949,874,0.482025,1978,1558,0.7877
874,950,0.473735,2068,1648,0.7969
950,874,0.473735,2068,1648,0.7969
874,951,0.315779,1957,1399,0.7149
951,874,0.315779,1957,1399,0.7149
874,952,0.416355,1966,1502,0.764
952,874,0.416355,1966,1502,0.764
874,953,0.369487,2042,1560,0.764
953,874,0.369487,2042,1560,0.764
874,954,0.497641,1818,1432,0.7877
954,874,0.497641,1818,1432,0.7877
874,955,0.428864,1925,1459,0.7579
955,874,0.428864,1925,1459,0.7579
874,956,0.452652,1981,1553,0.7839
956,874,0.452652,1981,1553,0.7839
874,957,0.445348,2033,1584,0.7791
957,874,0.445348,2033,1584,0.7791
874,958,0.33904,1917,1413,0.7371
958,874,0.33904,1917,1413,0.7371
874,959,0.346709,2092,1546,0.739
959,874,0.346709,2092,1546,0.739
874,960,0.323041,2077,1502,0.7232
960,874,0.323041,2077,1502,0.7232
874,961,0.4726,1987,1575,0.7927
961,874,0.4726,1987,1575,0.7927
874,962,0.393163,1928,1404,0.7282
962,874,0.393163,1928,1404,0.7282
874,963,0.450981,1994,1566,0.7854
963,874,0.450981,1994,1566,0.7854
874,964,0.456717,1954,1518,0.7769
964,874,0.456717,1954,1518,0.7769
874,965,0.394572,1991,1495,0.7509
965,874,0.394572,1991,1495,0.7509
874,966,0.379623,1905,1366,0.7171
966,874,0.379623,1905,1366,0.7171
874,967,0.466249,1988,1569,0.7892
967,874,0.466249,1988,1569,0.7892
874,969,0.503441,2169,1766,0.8142
969,874,0.503441,2169,1766,0.8142
874,970,0.413963,2003,1572,0.7848
970,874,0.413963,2003,1572,0.7848
874,971,0.487523,1986,1597,0.8041
971,874,0.487523,1986,1597,0.8041
874,972,0.512631,2027,1640,0.8091
972,874,0.512631,2027,1640,0.8091
874,973,0.338769,1354,937,0.692
973,874,0.338769,1354,937,0.692
874,974,0.435404,1843,1428,0.7748
974,874,0.435404,1843,1428,0.7748
874,976,0.438964,1930,1465,0.7591
976,874,0.438964,1930,1465,0.7591
874,977,0.317323,2128,1551,0.7289
977,874,0.317323,2128,1551,0.7289
874,978,0.343849,1849,1369,0.7404
978,874,0.343849,1849,1369,0.7404
874,979,-0.155643,53,38,0.717
979,874,-0.155643,53,38,0.717
875,881,0.424797,1444,1095,0.7583
881,875,0.424797,1444,1095,0.7583
875,883,0.544935,1761,1469,0.8342
883,875,0.544935,1761,1469,0.8342
875,884,0.428337,1769,1364,0.7711
884,875,0.428337,1769,1364,0.7711
875,885,0.565547,1692,1415,0.8363
885,875,0.565547,1692,1415,0.8363
875,886,0.536495,1809,1503,0.8308
886,875,0.536495,1809,1503,0.8308
875,887,0.55691,1848,1548,0.8377
887,875,0.55691,1848,1548,0.8377
875,888,0.42426,1637,1268,0.7746
888,875,0.42426,1637,1268,0.7746
875,889,0.278804,1777,1270,0.7147
889,875,0.278804,1777,1270,0.7147
875,890,0.532354,1729,1407,0.8138
890,875,0.532354,1729,1407,0.8138
875,891,0.524098,1809,1495,0.8264
891,875,0.524098,1809,1495,0.8264
875,892,0.475188,1137,876,0.7704
892,875,0.475188,1137,876,0.7704
875,893,0.382518,1821,1390,0.7633
893,875,0.382518,1821,1390,0.7633
875,894,0.283802,1902,1394,0.7329
894,875,0.283802,1902,1394,0.7329
875,895,0.276107,1835,1312,0.715
895,875,0.276107,1835,1312,0.715
875,896,0.290746,1756,1260,0.7175
896,875,0.290746,1756,1260,0.7175
875,897,0.319236,1741,1296,0.7444
897,875,0.319236,1741,1296,0.7444
875,898,0.377426,1567,1121,0.7154
898,875,0.377426,1567,1121,0.7154
875,899,0.208251,1696,1157,0.6822
899,875,0.208251,1696,1157,0.6822
875,900,0.56076,1806,1508,0.835
900,875,0.56076,1806,1508,0.835
875,901,0.443549,1540,1173,0.7617
901,875,0.443549,1540,1173,0.7617
875,902,0.51194,1777,1461,0.8222
902,875,0.51194,1777,1461,0.8222
875,903,0.552275,1888,1577,0.8353
903,875,0.552275,1888,1577,0.8353
875,904,0.535955,1752,1448,0.8265
904,875,0.535955,1752,1448,0.8265
875,905,0.577901,1421,1189,0.8367
905,875,0.577901,1421,1189,0.8367
875,906,0.4256,1520,1167,0.7678
906,875,0.4256,1520,1167,0.7678
875,907,0.486715,1820,1466,0.8055
907,875,0.486715,1820,1466,0.8055
875,908,0.280634,1865,1361,0.7298
908,875,0.280634,1865,1361,0.7298
875,909,0.290721,1875,1377,0.7344
909,875,0.290721,1875,1377,0.7344
875,910,0.309082,1658,1220,0.7358
910,875,0.309082,1658,1220,0.7358
875,911,0.28877,1773,1282,0.7231
911,875,0.28877,1773,1282,0.7231
875,912,0.294718,1823,1342,0.7361
912,875,0.294718,1823,1342,0.7361
875,913,0.288493,1725,1265,0.7333
913,875,0.288493,1725,1265,0.7333
875,914,0.264048,1717,1219,0.71
914,875,0.264048,1717,1219,0.71
875,915,0.534031,1799,1481,0.8232
915,875,0.534031,1799,1481,0.8232
875,917,0.263774,1619,1146,0.7078
917,875,0.263774,1619,1146,0.7078
875,918,0.490254,1816,1469,0.8089
918,875,0.490254,1816,1469,0.8089
875,919,0.464772,1859,1474,0.7929
919,875,0.464772,1859,1474,0.7929
875,920,0.440621,1796,1425,0.7934
920,875,0.440621,1796,1425,0.7934
875,921,0.368866,1674,1298,0.7754
921,875,0.368866,1674,1298,0.7754
875,922,0.577557,1717,1446,0.8422
922,875,0.577557,1717,1446,0.8422
875,923,0.429033,1867,1483,0.7943
923,875,0.429033,1867,1483,0.7943
875,924,0.511035,1781,1467,0.8237
924,875,0.511035,1781,1467,0.8237
875,925,0.396336,1830,1437,0.7852
925,875,0.396336,1830,1437,0.7852
875,926,0.45261,1694,1362,0.804
926,875,0.45261,1694,1362,0.804
875,927,0.569657,1797,1516,0.8436
927,875,0.569657,1797,1516,0.8436
875,928,0.521081,1767,1455,0.8234
928,875,0.521081,1767,1455,0.8234
875,929,0.448605,1758,1378,0.7838
929,875,0.448605,1758,1378,0.7838
875,930,0.233894,1811,1238,0.6836
930,875,0.233894,1811,1238,0.6836
875,931,0.377108,1439,1078,0.7491
931,875,0.377108,1439,1078,0.7491
875,932,0.484916,1800,1448,0.8044
932,875,0.484916,1800,1448,0.8044
875,933,0.252403,1490,1029,0.6906
933,875,0.252403,1490,1029,0.6906
875,934,0.292689,1803,1326,0.7354
934,875,0.292689,1803,1326,0.7354
875,935,0.273861,1753,1219,0.6954
935,875,0.273861,1753,1219,0.6954
875,936,1.0,14,14,1.0
936,875,1.0,14,14,1.0
875,937,0.280924,1831,1323,0.7226
937,875,0.280924,1831,1323,0.7226
875,938,0.395135,311,241,0.7749
938,875,0.395135,311,241,0.7749
875,939,0.48959,1830,1471,0.8038
939,875,0.48959,1830,1471,0.8038
875,940,0.265421,1612,1155,0.7165
940,875,0.265421,1612,1155,0.7165
875,941,0.370329,1535,1164,0.7583
941,875,0.370329,1535,1164,0.7583
875,942,0.509077,1836,1477,0.8045
942,875,0.509077,1836,1477,0.8045
875,943,0.342408,1617,1145,0.7081
943,875,0.342408,1617,1145,0.7081
875,944,0.48164,1562,1229,0.7868
944,875,0.48164,1562,1229,0.7868
875,945,0.505783,1631,1316,0.8069
945,875,0.505783,1631,1316,0.8069
875,946,0.380769,1603,1183,0.738
946,875,0.380769,1603,1183,0.738
875,947,0.411082,1506,1141,0.7576
947,875,0.411082,1506,1141,0.7576
875,948,0.319879,1478,1088,0.7361
948,875,0.319879,1478,1088,0.7361
875,949,0.507192,1725,1396,0.8093
949,875,0.507192,1725,1396,0.8093
875,950,0.520416,1758,1435,0.8163
950,875,0.520416,1758,1435,0.8163
875,951,0.267005,1694,1204,0.7107
951,875,0.267005,1694,1204,0.7107
875,952,0.439785,1676,1309,0.781
952,875,0.439785,1676,1309,0.781
875,953,0.366272,1744,1349,0.7735
953,875,0.366272,1744,1349,0.7735
875,954,0.464955,1489,1159,0.7784
954,875,0.464955,1489,1159,0.7784
875,955,0.468577,1652,1291,0.7815
955,875,0.468577,1652,1291,0.7815
875,956,0.464971,1686,1332,0.79
956,875,0.464971,1686,1332,0.79
875,957,0.477906,1707,1360,0.7967
957,875,0.477906,1707,1360,0.7967
875,958,0.259799,1670,1201,0.7192
958,875,0.259799,1670,1201,0.7192
875,959,0.274652,1838,1333,0.7252
959,875,0.274652,1838,1333,0.7252
875,960,0.295845,1789,1296,0.7244
960,875,0.295845,1789,1296,0.7244
875,961,0.445652,1737,1382,0.7956
961,875,0.445652,1737,1382,0.7956
875,962,0.363269,1634,1175,0.7191
962,875,0.363269,1634,1175,0.7191
875,963,0.545257,1738,1440,0.8285
963,875,0.545257,1738,1440,0.8285
875,964,0.45149,1625,1273,0.7834
964,875,0.45149,1625,1273,0.7834
875,965,0.466351,1714,1348,0.7865
965,875,0.466351,1714,1348,0.7865
875,966,0.365913,1594,1144,0.7177
966,875,0.365913,1594,1144,0.7177
875,967,0.462451,1752,1401,0.7997
967,875,0.462451,1752,1401,0.7997
875,969,0.5624,1841,1551,0.8425
969,875,0.5624,1841,1551,0.8425
875,970,0.497482,1753,1426,0.8135
970,875,0.497482,1753,1426,0.8135
875,971,0.563008,1735,1454,0.838
971,875,0.563008,1735,1454,0.838
875,972,0.521134,1711,1402,0.8194
972,875,0.521134,1711,1402,0.8194
875,973,0.451867,1123,834,0.7427
973,875,0.451867,1123,834,0.7427
875,974,0.471471,1544,1232,0.7979
974,875,0.471471,1544,1232,0.7979
875,976,0.445089,1638,1256,0.7668
976,875,0.445089,1638,1256,0.7668
875,977,0.255859,1827,1306,0.7148
977,875,0.255859,1827,1306,0.7148
875,978,0.258046,1546,1112,0.7193
978,875,0.258046,1546,1112,0.7193
875,979,0.166667,56,34,0.6071
979,875,0.166667,56,34,0.6071
881,883,0.507074,1766,1401,0.7933
883,881,0.507074,1766,1401,0.7933
881,884,0.670011,1806,1553,0.8599
884,881,0.670011,1806,1553,0.8599
881,885,0.507174,1662,1314,0.7906
885,881,0.507174,1662,1314,0.7906
881,886,0.454536,1687,1300,0.7706
886,881,0.454536,1687,1300,0.7706
881,887,0.517824,1714,1384,0.8075
887,881,0.517824,1714,1384,0.8075
881,888,0.433848,1528,1158,0.7579
888,881,0.433848,1528,1158,0.7579
881,889,0.148842,1759,1103,0.6271
889,881,0.148842,1759,1103,0.6271
881,890,0.469804,1726,1327,0.7688
890,881,0.469804,1726,1327,0.7688
881,891,0.502516,1777,1415,0.7963
891,881,0.502516,1777,1415,0.7963
881,892,0.526374,1156,901,0.7794
892,881,0.526374,1156,901,0.7794
881,893,0.377944,1782,1310,0.7351
893,881,0.377944,1782,1310,0.7351
881,894,0.170335,1839,1198,0.6514
894,881,0.170335,1839,1198,0.6514
881,895,0.160489,1746,1107,0.634
895,881,0.160489,1746,1107,0.634
881,896,0.180197,1758,1125,0.6399
896,881,0.180197,1758,1125,0.6399
881,897,0.175825,1707,1107,0.6485
897,881,0.175825,1707,1107,0.6485
881,898,0.567092,1497,1190,0.7949
898,881,0.567092,1497,1190,0.7949
881,899,0.136381,1720,1064,0.6186
899,881,0.136381,1720,1064,0.6186
881,900,0.556529,1734,1406,0.8108
900,881,0.556529,1734,1406,0.8108
881,901,0.612743,1537,1267,0.8243
901,881,0.612743,1537,1267,0.8243
881,902,0.500893,1774,1410,0.7948
902,881,0.500893,1774,1410,0.7948
881,903,0.516679,1844,1474,0.7993
903,881,0.516679,1844,1474,0.7993
881,904,0.59858,1657,1373,0.8286
904,881,0.59858,1657,1373,0.8286
881,905,0.551569,1455,1178,0.8096
905,881,0.551569,1455,1178,0.8096
881,906,0.379822,1519,1101,0.7248
906,881,0.379822,1519,1101,0.7248
881,907,0.419569,1791,1360,0.7594
907,881,0.419569,1791,1360,0.7594
881,908,0.145536,1796,1146,0.6381
908,881,0.145536,1796,1146,0.6381
881,909,0.164874,1811,1176,0.6494
909,881,0.164874,1811,1176,0.6494
881,910,0.178894,1632,1063,0.6513
910,881,0.178894,1632,1063,0.6513
881,911,0.186852,1754,1140,0.6499
911,881,0.186852,1754,1140,0.6499
881,912,0.158483,1794,1161,0.6472
912,881,0.158483,1794,1161,0.6472
881,913,0.184037,1738,1145,0.6588
913,881,0.184037,1738,1145,0.6588
881,914,0.171539,1678,1074,0.64
914,881,0.171539,1678,1074,0.64
881,915,0.498708,1758,1385,0.7878
915,881,0.498708,1758,1385,0.7878
881,917,0.416692,1602,1203,0.7509
917,881,0.416692,1602,1203,0.7509
881,918,0.591251,1737,1435,0.8261
918,881,0.591251,1737,1435,0.8261
881,919,0.586207,1793,1474,0.8221
919,881,0.586207,1793,1474,0.8221
881,920,0.448333,1752,1354,0.7728
920,881,0.448333,1752,1354,0.7728
881,921,0.369273,1627,1212,0.7449
921,881,0.369273,1627,1212,0.7449
881,922,0.500995,1724,1365,0.7918
922,881,0.500995,1724,1365,0.7918
881,923,0.344701,1830,1343,0.7339
923,881,0.344701,1830,1343,0.7339
881,924,0.542855,1708,1383,0.8097
924,881,0.542855,1708,1383,0.8097
881,925,0.257564,1778,1242,0.6985
925,881,0.257564,1778,1242,0.6985
881,926,0.389269,1534,1165,0.7595
926,881,0.389269,1534,1165,0.7595
881,927,0.559524,1756,1436,0.8178
927,881,0.559524,1756,1436,0.8178
881,928,0.518995,1671,1329,0.7953
928,881,0.518995,1671,1329,0.7953
881,929,0.393689,1650,1237,0.7497
929,881,0.393689,1650,1237,0.7497
881,930,0.227565,1757,1147,0.6528
930,881,0.227565,1757,1147,0.6528
881,931,0.265102,1312,890,0.6784
931,881,0.265102,1312,890,0.6784
881,932,0.542854,1785,1438,0.8056
932,881,0.542854,1785,1438,0.8056
881,933,0.537792,1542,1232,0.799
933,881,0.537792,1542,1232,0.799
881,934,0.171402,1740,1133,0.6511
934,881,0.171402,1740,1133,0.6511
881,935,0.166741,1719,1068,0.6213
935,881,0.166741,1719,1068,0.6213
881,936,-0.377964,8,3,0.375
936,881,-0.377964,8,3,0.375
881,937,0.128803,1739,1080,0.621
937,881,0.128803,1739,1080,0.621
881,938,0.182845,224,157,0.7009
938,881,0.182845,224,157,0.7009
881,939,0.546254,1800,1451,0.8061
939,881,0.546254,1800,1451,0.8061
881,940,0.393696,1685,1252,0.743
940,881,0.393696,1685,1252,0.743
881,941,0.426679,1641,1249,0.7611
941,881,0.426679,1641,1249,0.7611
881,942,0.458734,1736,1327,0.7644
942,881,0.458734,1736,1327,0.7644
881,943,0.613447,1650,1366,0.8279
943,881,0.613447,1650,1366,0.8279
881,944,0.638177,1583,1329,0.8395
944,881,0.638177,1583,1329,0.8395
881,945,0.705177,1732,1516,0.8753
945,881,0.705177,1732,1516,0.8753
881,946,0.541521,1625,1298,0.7988
946,881,0.541521,1625,1298,0.7988
881,947,0.687353,1520,1319,0.8678
947,881,0.687353,1520,1319,0.8678
881,948,0.260483,1430,970,0.6783
948,881,0.260483,1430,970,0.6783
881,949,0.537953,1709,1369,0.8011
949,881,0.537953,1709,1369,0.8011
881,950,0.549726,1778,1446,0.8133
950,881,0.549726,1778,1446,0.8133
881,951,0.173078,1636,1048,0.6406
951,881,0.173078,1636,1048,0.6406
881,952,0.51619,1653,1316,0.7961
952,881,0.51619,1653,1316,0.7961
881,953,0.399527,1737,1308,0.753
953,881,0.399527,1737,1308,0.753
881,954,0.686087,1588,1372,0.864
954,881,0.686087,1588,1372,0.864
881,955,0.51505,1604,1253,0.7812
955,881,0.51505,1604,1253,0.7812
881,956,0.737042,1805,1608,0.8909
956,881,0.737042,1805,1608,0.8909
881,957,0.481645,1705,1331,0.7806
957,881,0.481645,1705,1331,0.7806
881,958,0.274963,1659,1159,0.6986
958,881,0.274963,1659,1159,0.6986
881,959,0.156037,1740,1113,0.6397
959,881,0.156037,1740,1113,0.6397
881,960,0.161005,1738,1116,0.6421
960,881,0.161005,1738,1116,0.6421
881,961,0.563081,1727,1413,0.8182
961,881,0.563081,1727,1413,0.8182
881,962,0.630397,1700,1411,0.83
962,881,0.630397,1700,1411,0.83
881,963,0.52306,1694,1353,0.7987
963,881,0.52306,1694,1353,0.7987
881,964,0.621803,1683,1411,0.8384
964,881,0.621803,1683,1411,0.8384
881,965,0.605388,1681,1400,0.8328
965,881,0.605388,1681,1400,0.8328
881,966,0.586322,1682,1355,0.8056
966,881,0.586322,1682,1355,0.8056
881,967,0.508034,1745,1389,0.796
967,881,0.508034,1745,1389,0.796
881,969,0.51332,1820,1453,0.7984
969,881,0.51332,1820,1453,0.7984
881,970,0.467378,1642,1296,0.7893
970,881,0.467378,1642,1296,0.7893
881,971,0.458937,1687,1304,0.773
971,881,0.458937,1687,1304,0.773
881,972,0.597462,1650,1364,0.8267
972,881,0.597462,1650,1364,0.8267
881,973,0.509547,1216,934,0.7681
973,881,0.509547,1216,934,0.7681
881,974,0.475105,1627,1266,0.7781
974,881,0.475105,1627,1266,0.7781
881,976,0.553603,1640,1315,0.8018
976,881,0.553603,1640,1315,0.8018
881,977,0.155655,1780,1138,0.6393
977,881,0.155655,1780,1138,0.6393
881,978,0.182575,1557,1005,0.6455
978,881,0.182575,1557,1005,0.6455
881,979,0.133595,43,36,0.8372
979,881,0.133595,43,36,0.8372
883,884,0.533405,2144,1745,0.8139
884,883,0.533405,2144,1745,0.8139
883,885,0.734591,1982,1785,0.9006
885,883,0.734591,1982,1785,0.9006
883,886,0.641371,2117,1835,0.8668
886,883,0.641371,2117,1835,0.8668
883,887,0.665017,2136,1896,0.8876
887,883,0.665017,2136,1896,0.8876
883,888,0.535204,1873,1536,0.8201
888,883,0.535204,1873,1536,0.8201
883,889,0.313785,2181,1573,0.7212
889,883,0.313785,2181,1573,0.7212
883,890,0.637286,2050,1749,0.8532
890,883,0.637286,2050,1749,0.8532
883,891,0.605475,2168,1865,0.8602
891,883,0.605475,2168,1865,0.8602
883,892,0.610514,1315,1088,0.8274
892,883,0.610514,1315,1088,0.8274
883,893,0.482765,2182,1750,0.802
893,883,0.482765,2182,1750,0.802
883,894,0.364406,2328,1774,0.762
894,883,0.364406,2328,1774,0.762
883,895,0.340579,2204,1624,0.7368
895,883,0.340579,2204,1624,0.7368
883,896,0.354817,2202,1631,0.7407
896,883,0.354817,2202,1631,0.7407
883,897,0.388043,2121,1632,0.7694
897,883,0.388043,2121,1632,0.7694
883,898,0.551107,1850,1458,0.7881
898,883,0.551107,1850,1458,0.7881
883,899,0.211141,2089,1430,0.6845
899,883,0.211141,2089,1430,0.6845
883,900,0.713911,2127,1894,0.8905
900,883,0.713911,2127,1894,0.8905
883,901,0.553049,1793,1437,0.8015
901,883,0.553049,1793,1437,0.8015
883,902,0.591968,2138,1826,0.8541
902,883,0.591968,2138,1826,0.8541
883,903,0.78757,2285,2107,0.9221
903,883,0.78757,2285,2107,0.9221
883,904,0.703689,2024,1798,0.8883
904,883,0.703689,2024,1798,0.8883
883,905,0.621612,1740,1477,0.8489
905,883,0.621612,1740,1477,0.8489
883,906,0.52626,1719,1377,0.801
906,883,0.52626,1719,1377,0.801
883,907,0.581814,2214,1878,0.8482
907,883,0.581814,2214,1878,0.8482
883,908,0.347738,2177,1634,0.7506
908,883,0.347738,2177,1634,0.7506
883,909,0.385465,2256,1733,0.7682
909,883,0.385465,2256,1733,0.7682
883,910,0.357158,2009,1509,0.7511
910,883,0.357158,2009,1509,0.7511
883,911,0.385168,2105,1591,0.7558
911,883,0.385168,2105,1591,0.7558
883,912,0.353724,2212,1667,0.7536
912,883,0.353724,2212,1667,0.7536
883,913,0.352528,2107,1595,0.757
913,883,0.352528,2107,1595,0.757
883,914,0.319266,2054,1488,0.7244
914,883,0.319266,2054,1488,0.7244
883,915,0.661075,2142,1865,0.8707
915,883,0.661075,2142,1865,0.8707
883,917,0.524388,2007,1614,0.8042
917,883,0.524388,2007,1614,0.8042
883,918,0.674902,2123,1862,0.8771
918,883,0.674902,2123,1862,0.8771
883,919,0.595056,2208,1852,0.8388
919,883,0.595056,2208,1852,0.8388
883,920,0.675659,2139,1887,0.8822
920,883,0.675659,2139,1887,0.8822
883,921,0.446469,1958,1575,0.8044
921,883,0.446469,1958,1575,0.8044
883,922,0.753441,2078,1882,0.9057
922,883,0.753441,2078,1882,0.9057
883,923,0.453796,2270,1829,0.8057
923,883,0.453796,2270,1829,0.8057
883,924,0.650968,2168,1898,0.8755
924,883,0.650968,2168,1898,0.8755
883,925,0.422973,2176,1737,0.7983
925,883,0.422973,2176,1737,0.7983
883,926,0.522042,1941,1643,0.8465
926,883,0.522042,1941,1643,0.8465
883,927,0.73132,2097,1892,0.9022
927,883,0.73132,2097,1892,0.9022
883,928,0.678112,2043,1797,0.8796
928,883,0.678112,2043,1797,0.8796
883,929,0.476964,2002,1615,0.8067
929,883,0.476964,2002,1615,0.8067
883,930,0.317757,2169,1538,0.7091
930,883,0.317757,2169,1538,0.7091
883,931,0.400651,1591,1197,0.7524
931,883,0.400651,1591,1197,0.7524
883,932,0.689529,2179,1923,0.8825
932,883,0.689529,2179,1923,0.8825
883,933,0.431237,1700,1289,0.7582
933,883,0.431237,1700,1289,0.7582
883,934,0.399111,2156,1669,0.7741
934,883,0.399111,2156,1669,0.7741
883,935,0.322475,2101,1484,0.7063
935,883,0.322475,2101,1484,0.7063
883,936,1.0,14,14,1.0
936,883,1.0,14,14,1.0
883,937,0.325169,2155,1575,0.7309
937,883,0.325169,2155,1575,0.7309
883,938,0.448989,295,238,0.8068
938,883,0.448989,295,238,0.8068
883,939,0.686235,2205,1933,0.8766
939,883,0.686235,2205,1933,0.8766
883,940,0.477301,1985,1579,0.7955
940,883,0.477301,1985,1579,0.7955
883,941,0.566075,1867,1546,0.8281
941,883,0.566075,1867,1546,0.8281
883,942,0.652781,2140,1840,0.8598
942,883,0.652781,2140,1840,0.8598
883,943,0.47841,1978,1509,0.7629
943,883,0.47841,1978,1509,0.7629
883,944,0.574284,1856,1520,0.819
944,883,0.574284,1856,1520,0.819
883,945,0.667535,1995,1732,0.8682
945,883,0.667535,1995,1732,0.8682
883,946,0.462828,1892,1443,0.7627
946,883,0.462828,1892,1443,0.7627
883,947,0.506021,1760,1410,0.8011
947,883,0.506021,1760,1410,0.8011
883,948,0.370077,1732,1282,0.7402
948,883,0.370077,1732,1282,0.7402
883,949,0.696188,2072,1820,0.8784
949,883,0.696188,2072,1820,0.8784
883,950,0.632913,2094,1805,0.862
950,883,0.632913,2094,1805,0.862
883,951,0.341433,2028,1488,0.7337
951,883,0.341433,2028,1488,0.7337
883,952,0.533355,2045,1666,0.8147
952,883,0.533355,2045,1666,0.8147
883,953,0.513427,2143,1778,0.8297
953,883,0.513427,2143,1778,0.8297
883,954,0.606256,1756,1466,0.8349
954,883,0.606256,1756,1466,0.8349
883,955,0.577813,1977,1621,0.8199
955,883,0.577813,1977,1621,0.8199
883,956,0.570015,2053,1716,0.8358
956,883,0.570015,2053,1716,0.8358
883,957,0.583311,2074,1747,0.8423
957,883,0.583311,2074,1747,0.8423
883,958,0.383935,2009,1538,0.7656
958,883,0.383935,2009,1538,0.7656
883,959,0.370827,2199,1668,0.7585
959,883,0.370827,2199,1668,0.7585
883,960,0.390254,2122,1623,0.7648
960,883,0.390254,2122,1623,0.7648
883,961,0.646199,2023,1753,0.8665
961,883,0.646199,2023,1753,0.8665
883,962,0.476919,1938,1477,0.7621
962,883,0.476919,1938,1477,0.7621
883,963,0.627239,2056,1770,0.8609
963,883,0.627239,2056,1770,0.8609
883,964,0.590949,1918,1604,0.8363
964,883,0.590949,1918,1604,0.8363
883,965,0.593947,2058,1730,0.8406
965,883,0.593947,2058,1730,0.8406
883,966,0.459631,1918,1432,0.7466
966,883,0.459631,1918,1432,0.7466
883,967,0.652982,2022,1758,0.8694
967,883,0.652982,2022,1758,0.8694
883,969,0.627464,2265,1967,0.8684
969,883,0.627464,2265,1967,0.8684
883,970,0.573486,2023,1730,0.8552
970,883,0.573486,2023,1730,0.8552
883,971,0.698398,2044,1818,0.8894
971,883,0.698398,2044,1818,0.8894
883,972,0.715598,2024,1808,0.8933
972,883,0.715598,2024,1808,0.8933
883,973,0.38934,1325,950,0.717
973,883,0.38934,1325,950,0.717
883,974,0.625099,1889,1616,0.8555
974,883,0.625099,1889,1616,0.8555
883,976,0.57537,1960,1600,0.8163
976,883,0.57537,1960,1600,0.8163
883,977,0.345113,2218,1662,0.7493
977,883,0.345113,2218,1662,0.7493
883,978,0.357202,1937,1455,0.7512
978,883,0.357202,1937,1455,0.7512
883,979,0.600099,25,22,0.88
979,883,0.600099,25,22,0.88
884,885,0.573589,1990,1646,0.8271
885,884,0.573589,1990,1646,0.8271
884,886,0.49901,2093,1672,0.7989
886,884,0.49901,2093,1672,0.7989
884,887,0.620237,2151,1841,0.8559
887,884,0.620237,2151,1841,0.8559
884,888,0.466462,1891,1470,0.7774
888,884,0.466462,1891,1470,0.7774
884,889,0.187189,2129,1397,0.6562
889,884,0.187189,2129,1397,0.6562
884,890,0.526696,2017,1621,0.8037
890,884,0.526696,2017,1621,0.8037
884,891,0.547466,2170,1789,0.8244
891,884,0.547466,2170,1789,0.8244
884,892,0.575959,1304,1052,0.8067
892,884,0.575959,1304,1052,0.8067
884,893,0.384525,2149,1608,0.7483
893,884,0.384525,2149,1608,0.7483
884,894,0.206339,2282,1558,0.6827
894,884,0.206339,2282,1558,0.6827
884,895,0.193089,2159,1428,0.6614
895,884,0.193089,2159,1428,0.6614
884,896,0.197535,2104,1384,0.6578
896,884,0.197535,2104,1384,0.6578
884,897,0.232677,2098,1449,0.6907
897,884,0.232677,2098,1449,0.6907
884,898,0.59856,1849,1492,0.8069
898,884,0.59856,1849,1492,0.8069
884,899,0.17595,2053,1338,0.6517
899,884,0.17595,2053,1338,0.6517
884,900,0.621214,2104,1777,0.8446
900,884,0.621214,2104,1777,0.8446
884,901,0.626957,1849,1544,0.835
901,884,0.626957,1849,1544,0.835
884,902,0.569643,2142,1783,0.8324
902,884,0.569643,2142,1783,0.8324
884,903,0.558873,2250,1859,0.8262
903,884,0.558873,2250,1859,0.8262
884,904,0.644855,2051,1756,0.8562
904,884,0.644855,2051,1756,0.8562
884,905,0.568905,1682,1379,0.8199
905,884,0.568905,1682,1379,0.8199
884,906,0.441387,1756,1336,0.7608
906,884,0.441387,1756,1336,0.7608
884,907,0.504745,2199,1764,0.8022
907,884,0.504745,2199,1764,0.8022
884,908,0.207202,2162,1476,0.6827
908,884,0.207202,2162,1476,0.6827
884,909,0.223317,2215,1526,0.6889
909,884,0.223317,2215,1526,0.6889
884,910,0.236358,2002,1389,0.6938
910,884,0.236358,2002,1389,0.6938
884,911,0.230692,2093,1428,0.6823
911,884,0.230692,2093,1428,0.6823
884,912,0.227856,2168,1503,0.6933
912,884,0.227856,2168,1503,0.6933
884,913,0.236107,2063,1436,0.6961
913,884,0.236107,2063,1436,0.6961
884,914,0.188584,2033,1340,0.6591
914,884,0.188584,2033,1340,0.6591
884,915,0.545009,2133,1746,0.8186
915,884,0.545009,2133,1746,0.8186
884,917,0.429934,2011,1532,0.7618
917,884,0.429934,2011,1532,0.7618
884,918,0.641788,2109,1802,0.8544
918,884,0.641788,2109,1802,0.8544
884,919,0.60736,2199,1845,0.839
919,884,0.60736,2199,1845,0.839
884,920,0.491443,2130,1706,0.8009
920,884,0.491443,2130,1706,0.8009
884,921,0.381964,1953,1484,0.7599
921,884,0.381964,1953,1484,0.7599
884,922,0.54494,2059,1682,0.8169
922,884,0.54494,2059,1682,0.8169
884,923,0.402169,2240,1724,0.7696
923,884,0.402169,2240,1724,0.7696
884,924,0.56658,2132,1769,0.8297
924,884,0.56658,2132,1769,0.8297
884,925,0.308729,2147,1581,0.7364
925,884,0.308729,2147,1581,0.7364
884,926,0.442353,1921,1510,0.786
926,884,0.442353,1921,1510,0.786
884,927,0.594837,2111,1777,0.8418
927,884,0.594837,2111,1777,0.8418
884,928,0.549419,2054,1678,0.8169
928,884,0.549419,2054,1678,0.8169
884,929,0.425139,2049,1581,0.7716
929,884,0.425139,2049,1581,0.7716
884,930,0.270641,2146,1456,0.6785
930,884,0.270641,2146,1456,0.6785
884,931,0.312073,1602,1137,0.7097
931,884,0.312073,1602,1137,0.7097
884,932,0.592599,2157,1802,0.8354
932,884,0.592599,2157,1802,0.8354
884,933,0.551727,1775,1431,0.8062
933,884,0.551727,1775,1431,0.8062
884,934,0.225715,2160,1493,0.6912
934,884,0.225715,2160,1493,0.6912
884,935,0.161063,2116,1331,0.629
935,884,0.161063,2116,1331,0.629
884,936,-0.395285,9,3,0.3333
936,884,-0.395285,9,3,0.3333
884,937,0.18935,2116,1400,0.6616
937,884,0.18935,2116,1400,0.6616
884,938,0.165055,337,239,0.7092
938,884,0.165055,337,239,0.7092
884,939,0.556062,2182,1786,0.8185
939,884,0.556062,2182,1786,0.8185
884,940,0.405585,1988,1511,0.7601
940,884,0.405585,1988,1511,0.7601
884,941,0.488322,1932,1536,0.795
941,884,0.488322,1932,1536,0.795
884,942,0.50213,2153,1706,0.7924
942,884,0.50213,2153,1706,0.7924
884,943,0.649776,2047,1713,0.8368
943,884,0.649776,2047,1713,0.8368
884,944,0.673464,1920,1648,0.8583
944,884,0.673464,1920,1648,0.8583
884,945,0.777191,2048,1866,0.9111
945,884,0.777191,2048,1866,0.9111
884,946,0.580465,1932,1568,0.8116
946,884,0.580465,1932,1568,0.8116
884,947,0.674035,1849,1601,0.8659
947,884,0.674035,1849,1601,0.8659
884,948,0.282647,1703,1189,0.6982
948,884,0.282647,1703,1189,0.6982
884,949,0.5371,2040,1646,0.8069
949,884,0.5371,2040,1646,0.8069
884,950,0.568883,2107,1752,0.8315
950,884,0.568883,2107,1752,0.8315
884,951,0.224068,2013,1360,0.6756
951,884,0.224068,2013,1360,0.6756
884,952,0.574457,1993,1640,0.8229
952,884,0.574457,1993,1640,0.8229
884,953,0.440235,2123,1660,0.7819
953,884,0.440235,2123,1660,0.7819
884,954,0.681144,1839,1591,0.8651
954,884,0.681144,1839,1591,0.8651
884,955,0.493211,1986,1547,0.779
955,884,0.493211,1986,1547,0.779
884,956,0.746514,2136,1923,0.9003
956,884,0.746514,2136,1923,0.9003
884,957,0.522555,2053,1650,0.8037
957,884,0.522555,2053,1650,0.8037
884,958,0.318044,1979,1430,0.7226
958,884,0.318044,1979,1430,0.7226
884,959,0.207229,2144,1449,0.6758
959,884,0.207229,2144,1449,0.6758
884,960,0.210706,2070,1392,0.6725
960,884,0.210706,2070,1392,0.6725
884,961,0.555699,2058,1695,0.8236
961,884,0.555699,2058,1695,0.8236
884,962,0.617889,2028,1676,0.8264
962,884,0.617889,2028,1676,0.8264
884,963,0.576306,2067,1716,0.8302
963,884,0.576306,2067,1716,0.8302
884,964,0.678146,1966,1708,0.8688
964,884,0.678146,1966,1708,0.8688
884,965,0.717712,2042,1805,0.8839
965,884,0.717712,2042,1805,0.8839
884,966,0.589537,2020,1629,0.8064
966,884,0.589537,2020,1629,0.8064
884,967,0.536615,2046,1670,0.8162
967,884,0.536615,2046,1670,0.8162
884,969,0.529061,2237,1828,0.8172
969,884,0.529061,2237,1828,0.8172
884,970,0.514096,2015,1643,0.8154
970,884,0.514096,2015,1643,0.8154
884,971,0.530917,2075,1691,0.8149
971,884,0.530917,2075,1691,0.8149
884,972,0.643832,2018,1726,0.8553
972,884,0.643832,2018,1726,0.8553
884,973,0.53676,1374,1076,0.7831
973,884,0.53676,1374,1076,0.7831
884,974,0.510337,1884,1508,0.8004
974,884,0.510337,1884,1508,0.8004
884,976,0.563897,1920,1551,0.8078
976,884,0.563897,1920,1551,0.8078
884,977,0.204051,2189,1486,0.6788
977,884,0.204051,2189,1486,0.6788
884,978,0.223172,1859,1268,0.6821
978,884,0.223172,1859,1268,0.6821
884,979,-0.008,68,52,0.7647
979,884,-0.008,68,52,0.7647
885,886,0.785987,1970,1811,0.9193
886,885,0.785987,1970,1811,0.9193
885,887,0.672189,1978,1759,0.8893
887,885,0.672189,1978,1759,0.8893
885,888,0.571628,1807,1504,0.8323
888,885,0.571628,1807,1504,0.8323
885,889,0.420954,1995,1520,0.7619
889,885,0.420954,1995,1520,0.7619
885,890,0.633992,1924,1634,0.8493
890,885,0.633992,1924,1634,0.8493
885,891,0.684181,2026,1797,0.887
891,885,0.684181,2026,1797,0.887
885,892,0.590651,1280,1045,0.8164
892,885,0.590651,1280,1045,0.8164
885,893,0.536341,2044,1678,0.8209
893,885,0.536341,2044,1678,0.8209
885,894,0.499408,2128,1728,0.812
894,885,0.499408,2128,1728,0.812
885,895,0.443642,2079,1621,0.7797
895,885,0.443642,2079,1621,0.7797
885,896,0.44741,1973,1524,0.7724
896,885,0.44741,1973,1524,0.7724
885,897,0.495699,1970,1589,0.8066
897,885,0.495699,1970,1589,0.8066
885,898,0.482122,1776,1332,0.75
898,885,0.482122,1776,1332,0.75
885,899,0.305427,1937,1381,0.713
899,885,0.305427,1937,1381,0.713
885,900,0.759182,2072,1883,0.9088
900,885,0.759182,2072,1883,0.9088
885,901,0.546405,1737,1391,0.8008
901,885,0.546405,1737,1391,0.8008
885,902,0.642185,2011,1750,0.8702
902,885,0.642185,2011,1750,0.8702
885,903,0.766321,2101,1918,0.9129
903,885,0.766321,2101,1918,0.9129
885,904,0.740184,1934,1743,0.9012
904,885,0.740184,1934,1743,0.9012
885,905,0.692456,1668,1465,0.8783
905,885,0.692456,1668,1465,0.8783
885,906,0.576149,1701,1403,0.8248
906,885,0.576149,1701,1403,0.8248
885,907,0.610292,2064,1767,0.8561
907,885,0.610292,2064,1767,0.8561
885,908,0.459772,2074,1645,0.7932
908,885,0.459772,2074,1645,0.7932
885,909,0.502349,2089,1698,0.8128
909,885,0.502349,2089,1698,0.8128
885,910,0.468496,1897,1504,0.7928
910,885,0.468496,1897,1504,0.7928
885,911,0.461751,1993,1562,0.7837
911,885,0.461751,1993,1562,0.7837
885,912,0.476403,2060,1648,0.8
912,885,0.476403,2060,1648,0.8
885,913,0.472238,1932,1541,0.7976
913,885,0.472238,1932,1541,0.7976
885,914,0.425774,1950,1498,0.7682
914,885,0.425774,1950,1498,0.7682
885,915,0.690806,2015,1776,0.8814
915,885,0.690806,2015,1776,0.8814
885,917,0.521755,1871,1510,0.8071
917,885,0.521755,1871,1510,0.8071
885,918,0.690216,2015,1777,0.8819
918,885,0.690216,2015,1777,0.8819
885,919,0.606196,2063,1737,0.842
919,885,0.606196,2063,1737,0.842
885,920,0.67778,2006,1764,0.8794
920,885,0.67778,2006,1764,0.8794
885,921,0.520967,1899,1577,0.8304
921,885,0.520967,1899,1577,0.8304
885,922,0.725406,1938,1732,0.8937
922,885,0.725406,1938,1732,0.8937
885,923,0.519858,2116,1750,0.827
923,885,0.519858,2116,1750,0.827
885,924,0.704151,1986,1773,0.8927
924,885,0.704151,1986,1773,0.8927
885,925,0.501598,2056,1690,0.822
925,885,0.501598,2056,1690,0.822
885,926,0.567582,1844,1582,0.8579
926,885,0.567582,1844,1582,0.8579
885,927,0.753551,2020,1838,0.9099
927,885,0.753551,2020,1838,0.9099
885,928,0.719417,1935,1730,0.8941
928,885,0.719417,1935,1730,0.8941
885,929,0.509991,1904,1567,0.823
929,885,0.509991,1904,1567,0.823
885,930,0.372496,2036,1502,0.7377
930,885,0.372496,2036,1502,0.7377
885,931,0.490932,1485,1183,0.7966
931,885,0.490932,1485,1183,0.7966
885,932,0.738826,2041,1837,0.9
932,885,0.738826,2041,1837,0.9
885,933,0.421995,1701,1285,0.7554
933,885,0.421995,1701,1285,0.7554
885,934,0.483142,2026,1632,0.8055
934,885,0.483142,2026,1632,0.8055
885,935,0.383574,1986,1458,0.7341
935,885,0.383574,1986,1458,0.7341
885,936,1.0,14,14,1.0
936,885,1.0,14,14,1.0
885,937,0.430311,2046,1584,0.7742
937,885,0.430311,2046,1584,0.7742
885,938,0.701366,324,291,0.8981
938,885,0.701366,324,291,0.8981
885,939,0.679397,2063,1801,0.873
939,885,0.679397,2063,1801,0.873
885,940,0.467479,1904,1500,0.7878
940,885,0.467479,1904,1500,0.7878
885,941,0.565745,1804,1496,0.8293
941,885,0.565745,1804,1496,0.8293
885,942,0.63647,2033,1732,0.8519
942,885,0.63647,2033,1732,0.8519
885,943,0.449143,1865,1398,0.7496
943,885,0.449143,1865,1398,0.7496
885,944,0.596326,1710,1406,0.8222
944,885,0.596326,1710,1406,0.8222
885,945,0.661961,1870,1618,0.8652
945,885,0.661961,1870,1618,0.8652
885,946,0.472953,1801,1377,0.7646
946,885,0.472953,1801,1377,0.7646
885,947,0.479786,1690,1330,0.787
947,885,0.479786,1690,1330,0.787
885,948,0.426765,1662,1267,0.7623
948,885,0.426765,1662,1267,0.7623
885,949,0.676214,1929,1676,0.8688
949,885,0.676214,1929,1676,0.8688
885,950,0.684355,2005,1766,0.8808
950,885,0.684355,2005,1766,0.8808
885,951,0.4326,1902,1465,0.7702
951,885,0.4326,1902,1465,0.7702
885,952,0.527898,1949,1584,0.8127
952,885,0.527898,1949,1584,0.8127
885,953,0.553272,1987,1668,0.8395
953,885,0.553272,1987,1668,0.8395
885,954,0.583119,1707,1408,0.8248
954,885,0.583119,1707,1408,0.8248
885,955,0.606647,1909,1596,0.836
955,885,0.606647,1909,1596,0.836
885,956,0.559937,1923,1594,0.8289
956,885,0.559937,1923,1594,0.8289
885,957,0.580739,1974,1656,0.8389
957,885,0.580739,1974,1656,0.8389
885,958,0.452306,1848,1459,0.7895
958,885,0.452306,1848,1459,0.7895
885,959,0.480698,2077,1669,0.8036
959,885,0.480698,2077,1669,0.8036
885,960,0.458952,2008,1574,0.7839
960,885,0.458952,2008,1574,0.7839
885,961,0.623496,1923,1646,0.856
961,885,0.623496,1923,1646,0.856
885,962,0.462551,1830,1381,0.7546
962,885,0.462551,1830,1381,0.7546
885,963,0.692343,1955,1729,0.8844
963,885,0.692343,1955,1729,0.8844
885,964,0.583006,1860,1545,0.8306
964,885,0.583006,1860,1545,0.8306
885,965,0.599262,1962,1647,0.8394
965,885,0.599262,1962,1647,0.8394
885,966,0.450871,1794,1342,0.748
966,885,0.450871,1794,1342,0.748
885,967,0.649846,1965,1702,0.8662
967,885,0.649846,1965,1702,0.8662
885,969,0.722568,2082,1874,0.9001
969,885,0.722568,2082,1874,0.9001
885,970,0.563505,1937,1648,0.8508
970,885,0.563505,1937,1648,0.8508
885,971,0.718274,1933,1730,0.895
971,885,0.718274,1933,1730,0.895
885,972,0.71632,1935,1728,0.893
972,885,0.71632,1935,1728,0.893
885,973,0.356472,1273,885,0.6952
973,885,0.356472,1273,885,0.6952
885,974,0.662049,1773,1540,0.8686
974,885,0.662049,1773,1540,0.8686
885,976,0.574592,1840,1501,0.8158
976,885,0.574592,1840,1501,0.8158
885,977,0.451821,2045,1608,0.7863
977,885,0.451821,2045,1608,0.7863
885,978,0.433465,1757,1369,0.7792
978,885,0.433465,1757,1369,0.7792
885,979,0.15883,58,51,0.8793
979,885,0.15883,58,51,0.8793
886,887,0.64106,2089,1841,0.8813
887,886,0.64106,2089,1841,0.8813
886,888,0.499682,1854,1496,0.8069
888,886,0.499682,1854,1496,0.8069
886,889,0.399209,2076,1561,0.7519
889,886,0.399209,2076,1561,0.7519
886,890,0.578905,2018,1670,0.8276
890,886,0.578905,2018,1670,0.8276
886,891,0.627552,2135,1867,0.8745
891,886,0.627552,2135,1867,0.8745
886,892,0.537017,1351,1075,0.7957
892,886,0.537017,1351,1075,0.7957
886,893,0.473746,2134,1707,0.7999
893,886,0.473746,2134,1707,0.7999
886,894,0.456855,2267,1811,0.7989
894,886,0.456855,2267,1811,0.7989
886,895,0.407011,2163,1655,0.7651
895,886,0.407011,2163,1655,0.7651
886,896,0.432282,2070,1590,0.7681
896,886,0.432282,2070,1590,0.7681
886,897,0.456977,2054,1633,0.795
897,886,0.456977,2054,1633,0.795
886,898,0.45879,1880,1390,0.7394
898,886,0.45879,1880,1390,0.7394
886,899,0.291221,2028,1442,0.711
899,886,0.291221,2028,1442,0.711
886,900,0.683485,2120,1865,0.8797
900,886,0.683485,2120,1865,0.8797
886,901,0.47451,1781,1365,0.7664
901,886,0.47451,1781,1365,0.7664
886,902,0.581632,2086,1776,0.8514
902,886,0.581632,2086,1776,0.8514
886,903,0.709978,2233,1999,0.8952
903,886,0.709978,2233,1999,0.8952
886,904,0.708812,2050,1834,0.8946
904,886,0.708812,2050,1834,0.8946
886,905,0.607452,1767,1495,0.8461
905,886,0.607452,1767,1495,0.8461
886,906,0.539247,1775,1432,0.8068
906,886,0.539247,1775,1432,0.8068
886,907,0.551184,2171,1820,0.8383
907,886,0.551184,2171,1820,0.8383
886,908,0.440167,2143,1685,0.7863
908,886,0.440167,2143,1685,0.7863
886,909,0.45662,2238,1784,0.7971
909,886,0.45662,2238,1784,0.7971
886,910,0.448936,1960,1543,0.7872
910,886,0.448936,1960,1543,0.7872
886,911,0.456357,2056,1610,0.7831
911,886,0.456357,2056,1610,0.7831
886,912,0.443672,2162,1709,0.7905
912,886,0.443672,2162,1709,0.7905
886,913,0.458873,2033,1624,0.7988
913,886,0.458873,2033,1624,0.7988
886,914,0.372627,2018,1507,0.7468
914,886,0.372627,2018,1507,0.7468
886,915,0.678687,2111,1855,0.8787
915,886,0.678687,2111,1855,0.8787
886,917,0.439863,1963,1510,0.7692
917,886,0.439863,1963,1510,0.7692
886,918,0.629193,2142,1849,0.8632
918,886,0.629193,2142,1849,0.8632
886,919,0.52034,2187,1775,0.8116
919,886,0.52034,2187,1775,0.8116
886,920,0.596651,2105,1799,0.8546
920,886,0.596651,2105,1799,0.8546
886,921,0.47179,1943,1584,0.8152
921,886,0.47179,1943,1584,0.8152
886,922,0.657179,2107,1833,0.87
922,886,0.657179,2107,1833,0.87
886,923,0.459408,2208,1791,0.8111
923,886,0.459408,2208,1791,0.8111
886,924,0.624891,2135,1854,0.8684
924,886,0.624891,2135,1854,0.8684
886,925,0.445512,2143,1732,0.8082
925,886,0.445512,2143,1732,0.8082
886,926,0.536529,1937,1657,0.8554
926,886,0.536529,1937,1657,0.8554
886,927,0.703022,2075,1853,0.893
927,886,0.703022,2075,1853,0.893
886,928,0.645603,2110,1839,0.8716
928,886,0.645603,2110,1839,0.8716
886,929,0.435271,1993,1580,0.7928
929,886,0.435271,1993,1580,0.7928
886,930,0.332713,2155,1551,0.7197
930,886,0.332713,2155,1551,0.7197
886,931,0.419997,1640,1255,0.7652
931,886,0.419997,1640,1255,0.7652
886,932,0.657112,2123,1847,0.87
932,886,0.657112,2123,1847,0.87
886,933,0.365799,1701,1245,0.7319
933,886,0.365799,1701,1245,0.7319
886,934,0.457051,2122,1691,0.7969
934,886,0.457051,2122,1691,0.7969
886,935,0.368171,2059,1493,0.7251
935,886,0.368171,2059,1493,0.7251
886,936,1.0,14,14,1.0
936,886,1.0,14,14,1.0
886,937,0.394913,2140,1630,0.7617
937,886,0.394913,2140,1630,0.7617
886,938,0.728328,338,305,0.9024
938,886,0.728328,338,305,0.9024
886,939,0.610852,2172,1840,0.8471
939,886,0.610852,2172,1840,0.8471
886,940,0.387687,1923,1454,0.7561
940,886,0.387687,1923,1454,0.7561
886,941,0.472417,1816,1434,0.7896
941,886,0.472417,1816,1434,0.7896
886,942,0.585459,2128,1767,0.8304
942,886,0.585459,2128,1767,0.8304
886,943,0.379752,1926,1370,0.7113
943,886,0.379752,1926,1370,0.7113
886,944,0.497317,1885,1475,0.7825
944,886,0.497317,1885,1475,0.7825
886,945,0.574549,1953,1619,0.829
945,886,0.574549,1953,1619,0.829
886,946,0.401936,1894,1391,0.7344
946,886,0.401936,1894,1391,0.7344
886,947,0.432164,1810,1398,0.7724
947,886,0.432164,1810,1398,0.7724
886,948,0.45936,1759,1369,0.7783
948,886,0.45936,1759,1369,0.7783
886,949,0.650529,2013,1731,0.8599
949,886,0.650529,2013,1731,0.8599
886,950,0.613004,2052,1752,0.8538
950,886,0.613004,2052,1752,0.8538
886,951,0.456411,1967,1534,0.7799
951,886,0.456411,1967,1534,0.7799
886,952,0.483989,1970,1565,0.7944
952,886,0.483989,1970,1565,0.7944
886,953,0.490085,2077,1709,0.8228
953,886,0.490085,2077,1709,0.8228
886,954,0.51303,1750,1393,0.796
954,886,0.51303,1750,1393,0.796
886,955,0.508508,1949,1540,0.7901
955,886,0.508508,1949,1540,0.7901
886,956,0.495926,1992,1605,0.8057
956,886,0.495926,1992,1605,0.8057
886,957,0.537551,2038,1678,0.8234
957,886,0.537551,2038,1678,0.8234
886,958,0.365606,1891,1427,0.7546
958,886,0.365606,1891,1427,0.7546
886,959,0.449152,2172,1717,0.7905
959,886,0.449152,2172,1717,0.7905
886,960,0.429025,2062,1592,0.7721
960,886,0.429025,2062,1592,0.7721
886,961,0.554986,1992,1659,0.8328
961,886,0.554986,1992,1659,0.8328
886,962,0.398384,1929,1402,0.7268
962,886,0.398384,1929,1402,0.7268
886,963,0.639842,2018,1750,0.8672
963,886,0.639842,2018,1750,0.8672
886,964,0.509749,1929,1549,0.803
964,886,0.509749,1929,1549,0.803
886,965,0.553497,2005,1647,0.8214
965,886,0.553497,2005,1647,0.8214
886,966,0.364839,1896,1333,0.7031
966,886,0.364839,1896,1333,0.7031
886,967,0.601925,2002,1705,0.8516
967,886,0.601925,2002,1705,0.8516
886,969,0.646092,2200,1930,0.8773
969,886,0.646092,2200,1930,0.8773
886,970,0.527147,1984,1666,0.8397
970,886,0.527147,1984,1666,0.8397
886,971,0.672457,2007,1768,0.8809
971,886,0.672457,2007,1768,0.8809
886,972,0.682878,1986,1753,0.8827
972,886,0.682878,1986,1753,0.8827
886,973,0.353031,1353,946,0.6992
973,886,0.353031,1353,946,0.6992
886,974,0.607571,1786,1515,0.8483
974,886,0.607571,1786,1515,0.8483
886,976,0.490591,1917,1495,0.7799
976,886,0.490591,1917,1495,0.7799
886,977,0.423319,2175,1697,0.7802
977,886,0.423319,2175,1697,0.7802
886,978,0.404512,1855,1429,0.7704
978,886,0.404512,1855,1429,0.7704
886,979,0.475986,66,60,0.9091
979,886,0.475986,66,60,0.9091
887,888,0.589151,1912,1635,0.8551
888,887,0.589151,1912,1635,0.8551
887,889,0.28161,2097,1529,0.7291
889,887,0.28161,2097,1529,0.7291
887,890,0.571033,2021,1690,0.8362
890,887,0.571033,2021,1690,0.8362
887,891,0.654636,2138,1910,0.8934
891,887,0.654636,2138,1910,0.8934
887,892,0.627381,1274,1076,0.8446
892,887,0.627381,1274,1076,0.8446
887,893,0.460094,2165,1754,0.8102
893,887,0.460094,2165,1754,0.8102
887,894,0.318422,2293,1762,0.7684
894,887,0.318422,2293,1762,0.7684
887,895,0.31563,2165,1620,0.7483
895,887,0.31563,2165,1620,0.7483
887,896,0.314986,2087,1545,0.7403
896,887,0.314986,2087,1545,0.7403
887,897,0.359272,2122,1658,0.7813
897,887,0.359272,2122,1658,0.7813
887,898,0.509631,1797,1391,0.7741
898,887,0.509631,1797,1391,0.7741
887,899,0.224074,2060,1465,0.7112
899,887,0.224074,2060,1465,0.7112
887,900,0.724197,2093,1891,0.9035
900,887,0.724197,2093,1891,0.9035
887,901,0.585525,1775,1455,0.8197
901,887,0.585525,1775,1455,0.8197
887,902,0.716788,2150,1957,0.9102
902,887,0.716788,2150,1957,0.9102
887,903,0.65538,2241,1989,0.8876
903,887,0.65538,2241,1989,0.8876
887,904,0.733535,2017,1838,0.9113
904,887,0.733535,2017,1838,0.9113
887,905,0.627082,1662,1437,0.8646
905,887,0.627082,1662,1437,0.8646
887,906,0.507759,1744,1415,0.8114
906,887,0.507759,1744,1415,0.8114
887,907,0.707732,2195,1976,0.9002
907,887,0.707732,2195,1976,0.9002
887,908,0.338702,2170,1676,0.7724
908,887,0.338702,2170,1676,0.7724
887,909,0.316755,2220,1703,0.7671
909,887,0.316755,2220,1703,0.7671
887,910,0.318696,1997,1519,0.7606
910,887,0.318696,1997,1519,0.7606
887,911,0.335041,2073,1569,0.7569
911,887,0.335041,2073,1569,0.7569
887,912,0.332134,2178,1680,0.7713
912,887,0.332134,2178,1680,0.7713
887,913,0.356277,2057,1606,0.7807
913,887,0.356277,2057,1606,0.7807
887,914,0.274559,2020,1469,0.7272
914,887,0.274559,2020,1469,0.7272
887,915,0.670639,2113,1870,0.885
915,887,0.670639,2113,1870,0.885
887,917,0.38495,1991,1529,0.768
917,887,0.38495,1991,1529,0.768
887,918,0.697908,2090,1876,0.8976
918,887,0.697908,2090,1876,0.8976
887,919,0.619307,2184,1877,0.8594
919,887,0.619307,2184,1877,0.8594
887,920,0.566407,2111,1814,0.8593
920,887,0.566407,2111,1814,0.8593
887,921,0.438266,1923,1582,0.8227
921,887,0.438266,1923,1582,0.8227
887,922,0.657036,2047,1807,0.8828
922,887,0.657036,2047,1807,0.8828
887,923,0.551698,2267,1946,0.8584
923,887,0.551698,2267,1946,0.8584
887,924,0.684588,2129,1916,0.9
924,887,0.684588,2129,1916,0.9
887,925,0.400368,2158,1756,0.8137
925,887,0.400368,2158,1756,0.8137
887,926,0.650912,2032,1813,0.8922
926,887,0.650912,2032,1813,0.8922
887,927,0.712623,2091,1897,0.9072
927,887,0.712623,2091,1897,0.9072
887,928,0.662789,2046,1818,0.8886
928,887,0.662789,2046,1818,0.8886
887,929,0.602905,2140,1833,0.8565
929,887,0.602905,2140,1833,0.8565
887,930,0.394009,2151,1614,0.7503
930,887,0.394009,2151,1614,0.7503
887,931,0.487499,1647,1306,0.793
931,887,0.487499,1647,1306,0.793
887,932,0.687944,2161,1930,0.8931
932,887,0.687944,2161,1930,0.8931
887,933,0.36502,1732,1300,0.7506
933,887,0.36502,1732,1300,0.7506
887,934,0.338367,2131,1652,0.7752
934,887,0.338367,2131,1652,0.7752
887,935,0.258161,2086,1450,0.6951
935,887,0.258161,2086,1450,0.6951
887,936,-0.076923,14,12,0.8571
936,887,-0.076923,14,12,0.8571
887,937,0.313228,2119,1587,0.7489
937,887,0.313228,2119,1587,0.7489
887,938,0.428371,346,280,0.8092
938,887,0.428371,346,280,0.8092
887,939,0.626662,2182,1885,0.8639
939,887,0.626662,2182,1885,0.8639
887,940,0.347569,1963,1501,0.7646
940,887,0.347569,1963,1501,0.7646
887,941,0.477521,1892,1543,0.8155
941,887,0.477521,1892,1543,0.8155
887,942,0.600515,2143,1815,0.8469
942,887,0.600515,2143,1815,0.8469
887,943,0.50556,1975,1534,0.7767
943,887,0.50556,1975,1534,0.7767
887,944,0.575061,1802,1486,0.8246
944,887,0.575061,1802,1486,0.8246
887,945,0.656076,1947,1701,0.8737
945,887,0.656076,1947,1701,0.8737
887,946,0.463798,1856,1430,0.7705
946,887,0.463798,1856,1430,0.7705
887,947,0.546448,1746,1444,0.827
947,887,0.546448,1746,1444,0.827
887,948,0.31622,1684,1251,0.7429
948,887,0.31622,1684,1251,0.7429
887,949,0.605908,2015,1718,0.8526
949,887,0.605908,2015,1718,0.8526
887,950,0.613801,2109,1830,0.8677
950,887,0.613801,2109,1830,0.8677
887,951,0.295043,1985,1466,0.7385
951,887,0.295043,1985,1466,0.7385
887,952,0.567783,1990,1675,0.8417
952,887,0.567783,1990,1675,0.8417
887,953,0.445219,2097,1738,0.8288
953,887,0.445219,2097,1738,0.8288
887,954,0.586543,1757,1467,0.8349
954,887,0.586543,1757,1467,0.8349
887,955,0.599709,1958,1642,0.8386
955,887,0.599709,1958,1642,0.8386
887,956,0.605502,2046,1757,0.8587
956,887,0.605502,2046,1757,0.8587
887,957,0.650088,2067,1808,0.8747
957,887,0.650088,2067,1808,0.8747
887,958,0.331788,1958,1496,0.764
958,887,0.331788,1958,1496,0.764
887,959,0.328286,2151,1645,0.7648
959,887,0.328286,2151,1645,0.7648
887,960,0.340513,2077,1580,0.7607
960,887,0.340513,2077,1580,0.7607
887,961,0.617667,2033,1771,0.8711
961,887,0.617667,2033,1771,0.8711
887,962,0.483301,1921,1484,0.7725
962,887,0.483301,1921,1484,0.7725
887,963,0.659155,2054,1815,0.8836
963,887,0.659155,2054,1815,0.8836
887,964,0.588482,1900,1610,0.8474
964,887,0.588482,1900,1610,0.8474
887,965,0.640655,2067,1786,0.8641
965,887,0.640655,2067,1786,0.8641
887,966,0.481782,1908,1453,0.7615
966,887,0.481782,1908,1453,0.7615
887,967,0.623268,2015,1757,0.872
967,887,0.623268,2015,1757,0.872
887,969,0.657343,2236,1999,0.894
969,887,0.657343,2236,1999,0.894
887,970,0.691657,2140,1924,0.8991
970,887,0.691657,2140,1924,0.8991
887,971,0.668706,2080,1851,0.8899
971,887,0.668706,2080,1851,0.8899
887,972,0.748132,1966,1800,0.9156
972,887,0.748132,1966,1800,0.9156
887,973,0.489815,1278,971,0.7598
973,887,0.489815,1278,971,0.7598
887,974,0.642861,1822,1598,0.8771
974,887,0.642861,1822,1598,0.8771
887,976,0.578285,1891,1555,0.8223
976,887,0.578285,1891,1555,0.8223
887,977,0.294302,2196,1651,0.7518
977,887,0.294302,2196,1651,0.7518
887,978,0.303924,1870,1419,0.7588
978,887,0.303924,1870,1419,0.7588
887,979,-0.043396,60,53,0.8833
979,887,-0.043396,60,53,0.8833
888,889,0.260427,1851,1278,0.6904
889,888,0.260427,1851,1278,0.6904
888,890,0.47014,1810,1412,0.7801
890,888,0.47014,1810,1412,0.7801
888,891,0.510989,1906,1567,0.8221
891,888,0.510989,1906,1567,0.8221
888,892,0.519786,1219,955,0.7834
892,888,0.519786,1219,955,0.7834
888,893,0.396017,1936,1476,0.7624
893,888,0.396017,1936,1476,0.7624
888,894,0.282629,2014,1463,0.7264
894,888,0.282629,2014,1463,0.7264
888,895,0.260954,1958,1373,0.7012
895,888,0.260954,1958,1373,0.7012
888,896,0.249188,1838,1262,0.6866
896,888,0.249188,1838,1262,0.6866
888,897,0.287473,1850,1333,0.7205
897,888,0.287473,1850,1333,0.7205
888,898,0.416025,1651,1183,0.7165
898,888,0.416025,1651,1183,0.7165
888,899,0.187648,1802,1181,0.6554
899,888,0.187648,1802,1181,0.6554
888,900,0.582535,1935,1623,0.8388
900,888,0.582535,1935,1623,0.8388
888,901,0.439851,1671,1261,0.7546
901,888,0.439851,1671,1261,0.7546
888,902,0.515323,1886,1546,0.8197
902,888,0.515323,1886,1546,0.8197
888,903,0.554066,1976,1637,0.8284
903,888,0.554066,1976,1637,0.8284
888,904,0.583451,1847,1552,0.8403
904,888,0.583451,1847,1552,0.8403
888,905,0.504443,1542,1234,0.8003
905,888,0.504443,1542,1234,0.8003
888,906,0.476276,1565,1224,0.7821
906,888,0.476276,1565,1224,0.7821
888,907,0.48892,1994,1607,0.8059
907,888,0.48892,1994,1607,0.8059
888,908,0.258523,1933,1371,0.7093
908,888,0.258523,1933,1371,0.7093
888,909,0.275849,1968,1418,0.7205
909,888,0.275849,1968,1418,0.7205
888,910,0.256578,1772,1247,0.7037
910,888,0.256578,1772,1247,0.7037
888,911,0.305396,1841,1322,0.7181
911,888,0.305396,1841,1322,0.7181
888,912,0.265522,1925,1376,0.7148
912,888,0.265522,1925,1376,0.7148
888,913,0.27569,1826,1308,0.7163
913,888,0.27569,1826,1308,0.7163
888,914,0.231559,1808,1239,0.6853
914,888,0.231559,1808,1239,0.6853
888,915,0.507414,1873,1507,0.8046
915,888,0.507414,1873,1507,0.8046
888,917,0.371838,1764,1321,0.7489
917,888,0.371838,1764,1321,0.7489
888,918,0.577926,1889,1580,0.8364
918,888,0.577926,1889,1580,0.8364
888,919,0.517674,1944,1568,0.8066
919,888,0.517674,1944,1568,0.8066
888,920,0.482766,1889,1517,0.8031
920,888,0.482766,1889,1517,0.8031
888,921,0.339043,1802,1368,0.7592
921,888,0.339043,1802,1368,0.7592
888,922,0.518907,1799,1455,0.8088
922,888,0.518907,1799,1455,0.8088
888,923,0.455335,1991,1592,0.7996
923,888,0.455335,1991,1592,0.7996
888,924,0.565159,1874,1575,0.8404
924,888,0.565159,1874,1575,0.8404
888,925,0.325138,1923,1448,0.753
925,888,0.325138,1923,1448,0.753
888,926,0.498268,1793,1481,0.826
926,888,0.498268,1793,1481,0.826
888,927,0.607223,1870,1594,0.8524
927,888,0.607223,1870,1594,0.8524
888,928,0.53467,1836,1506,0.8203
928,888,0.53467,1836,1506,0.8203
888,929,0.46256,1846,1470,0.7963
929,888,0.46256,1846,1470,0.7963
888,930,0.308354,1911,1348,0.7054
930,888,0.308354,1911,1348,0.7054
888,931,0.376755,1395,1032,0.7398
931,888,0.376755,1395,1032,0.7398
888,932,0.559161,1927,1594,0.8272
932,888,0.559161,1927,1594,0.8272
888,933,0.330264,1580,1127,0.7133
933,888,0.330264,1580,1127,0.7133
888,934,0.297907,1907,1391,0.7294
934,888,0.297907,1907,1391,0.7294
888,935,0.236293,1851,1239,0.6694
935,888,0.236293,1851,1239,0.6694
888,936,-1.0,14,13,0.9286
936,888,-1.0,14,13,0.9286
888,937,0.239396,1922,1326,0.6899
937,888,0.239396,1922,1326,0.6899
888,938,0.407832,305,245,0.8033
938,888,0.407832,305,245,0.8033
888,939,0.520698,1941,1568,0.8078
939,888,0.520698,1941,1568,0.8078
888,940,0.374885,1790,1345,0.7514
940,888,0.374885,1790,1345,0.7514
888,941,0.439153,1692,1313,0.776
941,888,0.439153,1692,1313,0.776
888,942,0.469384,1915,1496,0.7812
942,888,0.469384,1915,1496,0.7812
888,943,0.377486,1740,1233,0.7086
943,888,0.377486,1740,1233,0.7086
888,944,0.483211,1598,1235,0.7728
944,888,0.483211,1598,1235,0.7728
888,945,0.528696,1727,1392,0.806
945,888,0.528696,1727,1392,0.806
888,946,0.359926,1740,1241,0.7132
946,888,0.359926,1740,1241,0.7132
888,947,0.417527,1539,1163,0.7557
947,888,0.417527,1539,1163,0.7557
888,948,0.326784,1609,1161,0.7216
948,888,0.326784,1609,1161,0.7216
888,949,0.520685,1845,1484,0.8043
949,888,0.520685,1845,1484,0.8043
888,950,0.50671,1869,1512,0.809
950,888,0.50671,1869,1512,0.809
888,951,0.241754,1837,1268,0.6903
951,888,0.241754,1837,1268,0.6903
888,952,0.420318,1842,1417,0.7693
952,888,0.420318,1842,1417,0.7693
888,953,0.399785,1905,1491,0.7827
953,888,0.399785,1905,1491,0.7827
888,954,0.504464,1577,1244,0.7888
954,888,0.504464,1577,1244,0.7888
888,955,0.561774,1838,1508,0.8205
955,888,0.561774,1838,1508,0.8205
888,956,0.475162,1799,1427,0.7932
956,888,0.475162,1799,1427,0.7932
888,957,0.486091,1928,1540,0.7988
957,888,0.486091,1928,1540,0.7988
888,958,0.333748,1745,1283,0.7352
958,888,0.333748,1745,1283,0.7352
888,959,0.266298,1938,1379,0.7116
959,888,0.266298,1938,1379,0.7116
888,960,0.257283,1852,1289,0.696
960,888,0.257283,1852,1289,0.696
888,961,0.528183,1817,1485,0.8173
961,888,0.528183,1817,1485,0.8173
888,962,0.389593,1714,1232,0.7188
962,888,0.389593,1714,1232,0.7188
888,963,0.492857,1841,1480,0.8039
963,888,0.492857,1841,1480,0.8039
888,964,0.450979,1768,1371,0.7755
964,888,0.450979,1768,1371,0.7755
888,965,0.493728,1899,1499,0.7894
965,888,0.493728,1899,1499,0.7894
888,966,0.400527,1672,1203,0.7195
966,888,0.400527,1672,1203,0.7195
888,967,0.515342,1821,1477,0.8111
967,888,0.515342,1821,1477,0.8111
888,969,0.513004,1959,1610,0.8218
969,888,0.513004,1959,1610,0.8218
888,970,0.559927,1862,1569,0.8426
970,888,0.559927,1862,1569,0.8426
888,971,0.538799,1827,1501,0.8216
971,888,0.538799,1827,1501,0.8216
888,972,0.579377,1821,1527,0.8386
972,888,0.579377,1821,1527,0.8386
888,973,0.315553,1234,835,0.6767
973,888,0.315553,1234,835,0.6767
888,974,0.582301,1748,1464,0.8375
974,888,0.582301,1748,1464,0.8375
888,976,0.512609,1688,1333,0.7897
976,888,0.512609,1688,1333,0.7897
888,977,0.293899,1931,1404,0.7271
977,888,0.293899,1931,1404,0.7271
888,978,0.257995,1641,1158,0.7057
978,888,0.257995,1641,1158,0.7057
888,979,-1.0,52,47,0.9038
979,888,-1.0,52,47,0.9038
889,890,0.368284,2063,1508,0.731
890,889,0.368284,2063,1508,0.731
889,891,0.333155,2161,1594,0.7376
891,889,0.333155,2161,1594,0.7376
889,892,0.26432,1289,856,0.6641
892,889,0.26432,1289,856,0.6641
889,893,0.376263,2164,1604,0.7412
893,889,0.376263,2164,1604,0.7412
889,894,0.732741,2291,2037,0.8891
894,889,0.732741,2291,2037,0.8891
889,895,0.74173,2168,1931,0.8907
895,889,0.74173,2168,1931,0.8907
889,896,0.647155,2103,1784,0.8483
896,889,0.647155,2103,1784,0.8483
889,897,0.831124,2137,1986,0.9293
897,889,0.831124,2137,1986,0.9293
889,898,0.143491,1804,1082,0.5998
898,889,0.143491,1804,1082,0.5998
889,899,0.367295,2051,1497,0.7299
899,889,0.367295,2051,1497,0.7299
889,900,0.361085,2127,1561,0.7339
900,889,0.361085,2127,1561,0.7339
889,901,0.218879,1793,1164,0.6492
901,889,0.218879,1793,1164,0.6492
889,902,0.366463,2111,1575,0.7461
902,889,0.366463,2111,1575,0.7461
889,903,0.370305,2254,1680,0.7453
903,889,0.370305,2254,1680,0.7453
889,904,0.3263,2002,1446,0.7223
904,889,0.3263,2002,1446,0.7223
889,905,0.342064,1719,1239,0.7208
905,889,0.342064,1719,1239,0.7208
889,906,0.409937,1715,1272,0.7417
906,889,0.409937,1715,1272,0.7417
889,907,0.335457,2190,1600,0.7306
907,889,0.335457,2190,1600,0.7306
889,908,0.823714,2187,2027,0.9268
908,889,0.823714,2187,2027,0.9268
889,909,0.746964,2238,2000,0.8937
909,889,0.746964,2238,2000,0.8937
889,910,0.798038,1987,1818,0.9149
910,889,0.798038,1987,1818,0.9149
889,911,0.656757,2096,1792,0.855
911,889,0.656757,2096,1792,0.855
889,912,0.784869,2197,2002,0.9112
912,889,0.784869,2197,2002,0.9112
889,913,0.802977,2067,1897,0.9178
913,889,0.802977,2067,1897,0.9178
889,914,0.696393,2043,1779,0.8708
914,889,0.696393,2043,1779,0.8708
889,915,0.384924,2118,1587,0.7493
915,889,0.384924,2118,1587,0.7493
889,917,0.251107,1996,1351,0.6769
917,889,0.251107,1996,1351,0.6769
889,918,0.308903,2104,1508,0.7167
918,889,0.308903,2104,1508,0.7167
889,919,0.233586,2195,1486,0.677
919,889,0.233586,2195,1486,0.677
889,920,0.386744,2134,1608,0.7535
920,889,0.386744,2134,1608,0.7535
889,921,0.412071,1979,1520,0.7681
921,889,0.412071,1979,1520,0.7681
889,922,0.357355,2059,1508,0.7324
922,889,0.357355,2059,1508,0.7324
889,923,0.37238,2236,1674,0.7487
923,889,0.37238,2236,1674,0.7487
889,924,0.315995,2137,1549,0.7248
924,889,0.315995,2137,1549,0.7248
889,925,0.463902,2174,1711,0.787
925,889,0.463902,2174,1711,0.787
889,926,0.396252,1898,1474,0.7766
926,889,0.396252,1898,1474,0.7766
889,927,0.341683,2096,1544,0.7366
927,889,0.341683,2096,1544,0.7366
889,928,0.343579,2040,1488,0.7294
928,889,0.343579,2040,1488,0.7294
889,929,0.329846,1988,1456,0.7324
929,889,0.329846,1988,1456,0.7324
889,930,0.358831,2143,1537,0.7172
930,889,0.358831,2143,1537,0.7172
889,931,0.32141,1564,1114,0.7123
931,889,0.32141,1564,1114,0.7123
889,932,0.334836,2191,1601,0.7307
932,889,0.334836,2191,1601,0.7307
889,933,0.176503,1738,1108,0.6375
933,889,0.176503,1738,1108,0.6375
889,934,0.729862,2132,1897,0.8898
934,889,0.729862,2132,1897,0.8898
889,935,0.586132,2083,1693,0.8128
935,889,0.586132,2083,1693,0.8128
889,936,1.0,14,14,1.0
936,889,1.0,14,14,1.0
889,937,0.770811,2154,1947,0.9039
937,889,0.770811,2154,1947,0.9039
889,938,0.802357,330,304,0.9212
938,889,0.802357,330,304,0.9212
889,939,0.32595,2205,1584,0.7184
939,889,0.32595,2205,1584,0.7184
889,940,0.277065,1980,1372,0.6929
940,889,0.277065,1980,1372,0.6929
889,941,0.316457,1863,1330,0.7139
941,889,0.316457,1863,1330,0.7139
889,942,0.411789,2137,1605,0.7511
942,889,0.411789,2137,1605,0.7511
889,943,0.098539,1951,1146,0.5874
943,889,0.098539,1951,1146,0.5874
889,944,0.207352,1853,1204,0.6498
944,889,0.207352,1853,1204,0.6498
889,945,0.232229,1980,1332,0.6727
945,889,0.232229,1980,1332,0.6727
889,946,0.156624,1890,1165,0.6164
946,889,0.156624,1890,1165,0.6164
889,947,0.091489,1813,1109,0.6117
947,889,0.091489,1813,1109,0.6117
889,948,0.338724,1698,1216,0.7161
948,889,0.338724,1698,1216,0.7161
889,949,0.344555,2019,1461,0.7236
949,889,0.344555,2019,1461,0.7236
889,950,0.298145,2092,1492,0.7132
950,889,0.298145,2092,1492,0.7132
889,951,0.748188,2029,1811,0.8926
951,889,0.748188,2029,1811,0.8926
889,952,0.209152,2021,1352,0.669
952,889,0.209152,2021,1352,0.669
889,953,0.320082,2118,1552,0.7328
953,889,0.320082,2118,1552,0.7328
889,954,0.15652,1768,1116,0.6312
954,889,0.15652,1768,1116,0.6312
889,955,0.217407,2003,1316,0.657
955,889,0.217407,2003,1316,0.657
889,956,0.156781,2063,1351,0.6549
956,889,0.156781,2063,1351,0.6549
889,957,0.27766,2065,1454,0.7041
957,889,0.27766,2065,1454,0.7041
889,958,0.305892,1972,1406,0.713
958,889,0.305892,1972,1406,0.713
889,959,0.815417,2172,2004,0.9227
959,889,0.815417,2172,2004,0.9227
889,960,0.76491,2089,1885,0.9023
960,889,0.76491,2089,1885,0.9023
889,961,0.249267,2041,1419,0.6952
961,889,0.249267,2041,1419,0.6952
889,962,0.093541,1928,1133,0.5877
962,889,0.093541,1928,1133,0.5877
889,963,0.322238,2059,1498,0.7275
963,889,0.322238,2059,1498,0.7275
889,964,0.236986,1912,1299,0.6794
964,889,0.236986,1912,1299,0.6794
889,965,0.229144,2051,1394,0.6797
965,889,0.229144,2051,1394,0.6797
889,966,0.073961,1924,1104,0.5738
966,889,0.073961,1924,1104,0.5738
889,967,0.28594,2042,1444,0.7071
967,889,0.28594,2042,1444,0.7071
889,969,0.324332,2238,1641,0.7332
969,889,0.324332,2238,1641,0.7332
889,970,0.275275,2011,1460,0.726
970,889,0.275275,2011,1460,0.726
889,971,0.382742,2038,1535,0.7532
971,889,0.382742,2038,1535,0.7532
889,972,0.318062,1993,1439,0.722
972,889,0.318062,1993,1439,0.722
889,973,0.028849,1321,719,0.5443
973,889,0.028849,1321,719,0.5443
889,974,0.300032,1878,1337,0.7119
974,889,0.300032,1878,1337,0.7119
889,976,0.218797,1963,1293,0.6587
976,889,0.218797,1963,1293,0.6587
889,977,0.676661,2200,1906,0.8664
977,889,0.676661,2200,1906,0.8664
889,978,0.692696,1891,1648,0.8715
978,889,0.692696,1891,1648,0.8715
889,979,-0.059868,68,47,0.6912
979,889,-0.059868,68,47,0.6912
890,891,0.566972,2074,1713,0.8259
891,890,0.566972,2074,1713,0.8259
890,892,0.591296,1244,1016,0.8167
892,890,0.591296,1244,1016,0.8167
890,893,0.48969,2081,1638,0.7871
893,890,0.48969,2081,1638,0.7871
890,894,0.374657,2199,1647,0.749
894,890,0.374657,2199,1647,0.749
890,895,0.368039,2105,1545,0.734
895,890,0.368039,2105,1545,0.734
890,896,0.36967,2034,1490,0.7325
896,890,0.36967,2034,1490,0.7325
890,897,0.406164,2020,1528,0.7564
897,890,0.406164,2020,1528,0.7564
890,898,0.475007,1774,1344,0.7576
898,890,0.475007,1774,1344,0.7576
890,899,0.224448,2046,1373,0.6711
899,890,0.224448,2046,1373,0.6711
890,900,0.633488,2064,1752,0.8488
900,890,0.633488,2064,1752,0.8488
890,901,0.562772,1739,1399,0.8045
901,890,0.562772,1739,1399,0.8045
890,902,0.534961,2045,1665,0.8142
902,890,0.534961,2045,1665,0.8142
890,903,0.690822,2173,1901,0.8748
903,890,0.690822,2173,1901,0.8748
890,904,0.636745,1949,1658,0.8507
904,890,0.636745,1949,1658,0.8507
890,905,0.623637,1617,1362,0.8423
905,890,0.623637,1617,1362,0.8423
890,906,0.500181,1720,1346,0.7826
906,890,0.500181,1720,1346,0.7826
890,907,0.518353,2105,1697,0.8062
907,890,0.518353,2105,1697,0.8062
890,908,0.385427,2100,1578,0.7514
908,890,0.385427,2100,1578,0.7514
890,909,0.392792,2158,1627,0.7539
909,890,0.392792,2158,1627,0.7539
890,910,0.370761,1932,1428,0.7391
910,890,0.370761,1932,1428,0.7391
890,911,0.367664,2030,1489,0.7335
911,890,0.367664,2030,1489,0.7335
890,912,0.364368,2129,1581,0.7426
912,890,0.364368,2129,1581,0.7426
890,913,0.393216,2006,1514,0.7547
913,890,0.393216,2006,1514,0.7547
890,914,0.352789,1981,1435,0.7244
914,890,0.352789,1981,1435,0.7244
890,915,0.658446,2095,1803,0.8606
915,890,0.658446,2095,1803,0.8606
890,917,0.460354,1929,1488,0.7714
917,890,0.460354,1929,1488,0.7714
890,918,0.604457,2037,1708,0.8385
918,890,0.604457,2037,1708,0.8385
890,919,0.528308,2114,1696,0.8023
919,890,0.528308,2114,1696,0.8023
890,920,0.580754,2041,1693,0.8295
920,890,0.580754,2041,1693,0.8295
890,921,0.437363,1878,1469,0.7822
921,890,0.437363,1878,1469,0.7822
890,922,0.654614,1978,1693,0.8559
922,890,0.654614,1978,1693,0.8559
890,923,0.430369,2160,1673,0.7745
923,890,0.430369,2160,1673,0.7745
890,924,0.576634,2051,1703,0.8303
924,890,0.576634,2051,1703,0.8303
890,925,0.409543,2115,1628,0.7697
925,890,0.409543,2115,1628,0.7697
890,926,0.516899,1847,1520,0.823
926,890,0.516899,1847,1520,0.823
890,927,0.612612,2049,1730,0.8443
927,890,0.612612,2049,1730,0.8443
890,928,0.60616,1985,1663,0.8378
928,890,0.60616,1985,1663,0.8378
890,929,0.447149,1917,1494,0.7793
929,890,0.447149,1917,1494,0.7793
890,930,0.307938,2083,1449,0.6956
930,890,0.307938,2083,1449,0.6956
890,931,0.406173,1481,1103,0.7448
931,890,0.406173,1481,1103,0.7448
890,932,0.619752,2103,1775,0.844
932,890,0.619752,2103,1775,0.844
890,933,0.392934,1685,1241,0.7365
933,890,0.392934,1685,1241,0.7365
890,934,0.392072,2057,1551,0.754
934,890,0.392072,2057,1551,0.754
890,935,0.317277,1997,1386,0.694
935,890,0.317277,1997,1386,0.694
890,936,1.0,14,14,1.0
936,890,1.0,14,14,1.0
890,937,0.352779,2080,1518,0.7298
937,890,0.352779,2080,1518,0.7298
890,938,0.546816,303,252,0.8317
938,890,0.546816,303,252,0.8317
890,939,0.576026,2116,1741,0.8228
939,890,0.576026,2116,1741,0.8228
890,940,0.405979,1929,1442,0.7475
940,890,0.405979,1929,1442,0.7475
890,941,0.509588,1822,1444,0.7925
941,890,0.509588,1822,1444,0.7925
890,942,0.648505,2081,1777,0.8539
942,890,0.648505,2081,1777,0.8539
890,943,0.448442,1890,1416,0.7492
943,890,0.448442,1890,1416,0.7492
890,944,0.517354,1828,1436,0.7856
944,890,0.517354,1828,1436,0.7856
890,945,0.565636,1957,1601,0.8181
945,890,0.565636,1957,1601,0.8181
890,946,0.467115,1859,1419,0.7633
946,890,0.467115,1859,1419,0.7633
890,947,0.453972,1705,1308,0.7672
947,890,0.453972,1705,1308,0.7672
890,948,0.369813,1689,1231,0.7288
948,890,0.369813,1689,1231,0.7288
890,949,0.60353,1974,1643,0.8323
949,890,0.60353,1974,1643,0.8323
890,950,0.601327,2027,1695,0.8362
950,890,0.601327,2027,1695,0.8362
890,951,0.342737,1928,1389,0.7204
951,890,0.342737,1928,1389,0.7204
890,952,0.515962,1947,1563,0.8028
952,890,0.515962,1947,1563,0.8028
890,953,0.477715,2017,1600,0.7933
953,890,0.477715,2017,1600,0.7933
890,954,0.55368,1740,1403,0.8063
954,890,0.55368,1740,1403,0.8063
890,955,0.487375,1926,1493,0.7752
955,890,0.487375,1926,1493,0.7752
890,956,0.527213,1950,1577,0.8087
956,890,0.527213,1950,1577,0.8087
890,957,0.513459,1973,1574,0.7978
957,890,0.513459,1973,1574,0.7978
890,958,0.374986,1857,1382,0.7442
958,890,0.374986,1857,1382,0.7442
890,959,0.373777,2103,1566,0.7447
959,890,0.373777,2103,1566,0.7447
890,960,0.397726,2044,1529,0.748
960,890,0.397726,2044,1529,0.748
890,961,0.54288,1965,1598,0.8132
961,890,0.54288,1965,1598,0.8132
890,962,0.418826,1854,1365,0.7362
962,890,0.418826,1854,1365,0.7362
890,963,0.594249,1992,1659,0.8328
963,890,0.594249,1992,1659,0.8328
890,964,0.533599,1906,1533,0.8043
964,890,0.533599,1906,1533,0.8043
890,965,0.565027,1982,1630,0.8224
965,890,0.565027,1982,1630,0.8224
890,966,0.390726,1858,1333,0.7174
966,890,0.390726,1858,1333,0.7174
890,967,0.563617,1980,1626,0.8212
967,890,0.563617,1980,1626,0.8212
890,969,0.580613,2146,1786,0.8322
969,890,0.580613,2146,1786,0.8322
890,970,0.495772,1962,1583,0.8068
970,890,0.495772,1962,1583,0.8068
890,971,0.649331,1979,1700,0.859
971,890,0.649331,1979,1700,0.859
890,972,0.631884,1941,1645,0.8475
972,890,0.631884,1941,1645,0.8475
890,973,0.377256,1303,923,0.7084
973,890,0.377256,1303,923,0.7084
890,974,0.564423,1763,1442,0.8179
974,890,0.564423,1763,1442,0.8179
890,976,0.53302,1859,1476,0.794
976,890,0.53302,1859,1476,0.794
890,977,0.334599,2136,1556,0.7285
977,890,0.334599,2136,1556,0.7285
890,978,0.327762,1824,1315,0.7209
978,890,0.327762,1824,1315,0.7209
890,979,0.351899,55,47,0.8545
979,890,0.351899,55,47,0.8545
891,892,0.555489,1285,1030,0.8016
892,891,0.555489,1285,1030,0.8016
891,893,0.452637,2195,1757,0.8005
893,891,0.452637,2195,1757,0.8005
891,894,0.382955,2325,1825,0.7849
894,891,0.382955,2325,1825,0.7849
891,895,0.333777,2208,1650,0.7473
895,891,0.333777,2208,1650,0.7473
891,896,0.374609,2143,1620,0.7559
896,891,0.374609,2143,1620,0.7559
891,897,0.393232,2126,1670,0.7855
897,891,0.393232,2126,1670,0.7855
891,898,0.422532,1909,1391,0.7287
898,891,0.422532,1909,1391,0.7287
891,899,0.270849,2095,1502,0.7169
899,891,0.270849,2095,1502,0.7169
891,900,0.647426,2154,1876,0.8709
900,891,0.647426,2154,1876,0.8709
891,901,0.507532,1838,1441,0.784
901,891,0.507532,1838,1441,0.784
891,902,0.643871,2168,1914,0.8828
902,891,0.643871,2168,1914,0.8828
891,903,0.640102,2307,2021,0.876
903,891,0.640102,2307,2021,0.876
891,904,0.634223,2083,1817,0.8723
904,891,0.634223,2083,1817,0.8723
891,905,0.638733,1729,1495,0.8647
905,891,0.638733,1729,1495,0.8647
891,906,0.488181,1775,1408,0.7932
906,891,0.488181,1775,1408,0.7932
891,907,0.562704,2236,1902,0.8506
907,891,0.562704,2236,1902,0.8506
891,908,0.36257,2190,1689,0.7712
908,891,0.36257,2190,1689,0.7712
891,909,0.396179,2268,1788,0.7884
909,891,0.396179,2268,1788,0.7884
891,910,0.369472,2028,1563,0.7707
910,891,0.369472,2028,1563,0.7707
891,911,0.37695,2142,1637,0.7642
911,891,0.37695,2142,1637,0.7642
891,912,0.384842,2222,1737,0.7817
912,891,0.384842,2222,1737,0.7817
891,913,0.385832,2090,1636,0.7828
913,891,0.385832,2090,1636,0.7828
891,914,0.338048,2078,1547,0.7445
914,891,0.338048,2078,1547,0.7445
891,915,0.60646,2186,1875,0.8577
915,891,0.60646,2186,1875,0.8577
891,917,0.437369,2047,1598,0.7807
917,891,0.437369,2047,1598,0.7807
891,918,0.605112,2146,1843,0.8588
918,891,0.605112,2146,1843,0.8588
891,919,0.536381,2223,1835,0.8255
919,891,0.536381,2223,1835,0.8255
891,920,0.561117,2171,1847,0.8508
920,891,0.561117,2171,1847,0.8508
891,921,0.494751,2016,1691,0.8388
921,891,0.494751,2016,1691,0.8388
891,922,0.609475,2109,1812,0.8592
922,891,0.609475,2109,1812,0.8592
891,923,0.487376,2282,1900,0.8326
923,891,0.487376,2282,1900,0.8326
891,924,0.613906,2185,1904,0.8714
924,891,0.613906,2185,1904,0.8714
891,925,0.433521,2194,1801,0.8209
925,891,0.433521,2194,1801,0.8209
891,926,0.563707,1918,1670,0.8707
926,891,0.563707,1918,1670,0.8707
891,927,0.665266,2154,1912,0.8877
927,891,0.665266,2154,1912,0.8877
891,928,0.579775,2066,1763,0.8533
928,891,0.579775,2066,1763,0.8533
891,929,0.466502,2036,1643,0.807
929,891,0.466502,2036,1643,0.807
891,930,0.339845,2181,1585,0.7267
930,891,0.339845,2181,1585,0.7267
891,931,0.42008,1571,1208,0.7689
931,891,0.42008,1571,1208,0.7689
891,932,0.639894,2202,1920,0.8719
932,891,0.639894,2202,1920,0.8719
891,933,0.397834,1778,1346,0.757
933,891,0.397834,1778,1346,0.757
891,934,0.397224,2203,1744,0.7916
934,891,0.397224,2203,1744,0.7916
891,935,0.304056,2151,1518,0.7057
935,891,0.304056,2151,1518,0.7057
891,936,1.0,14,14,1.0
936,891,1.0,14,14,1.0
891,937,0.352264,2189,1656,0.7565
937,891,0.352264,2189,1656,0.7565
891,938,0.574033,332,284,0.8554
938,891,0.574033,332,284,0.8554
891,939,0.589224,2246,1897,0.8446
939,891,0.589224,2246,1897,0.8446
891,940,0.409255,2003,1557,0.7773
940,891,0.409255,2003,1557,0.7773
891,941,0.494024,1948,1584,0.8131
941,891,0.494024,1948,1584,0.8131
891,942,0.560569,2171,1787,0.8231
942,891,0.560569,2171,1787,0.8231
891,943,0.433789,2047,1520,0.7426
943,891,0.433789,2047,1520,0.7426
891,944,0.512974,1908,1516,0.7945
944,891,0.512974,1908,1516,0.7945
891,945,0.592964,2020,1706,0.8446
945,891,0.592964,2020,1706,0.8446
891,946,0.431518,1941,1464,0.7543
946,891,0.431518,1941,1464,0.7543
891,947,0.494431,1804,1450,0.8038
947,891,0.494431,1804,1450,0.8038
891,948,0.358586,1744,1314,0.7534
948,891,0.358586,1744,1314,0.7534
891,949,0.583142,2077,1737,0.8363
949,891,0.583142,2077,1737,0.8363
891,950,0.653756,2167,1900,0.8768
950,891,0.653756,2167,1900,0.8768
891,951,0.361995,2067,1557,0.7533
951,891,0.361995,2067,1557,0.7533
891,952,0.495184,2035,1643,0.8074
952,891,0.495184,2035,1643,0.8074
891,953,0.473891,2154,1801,0.8361
953,891,0.473891,2154,1801,0.8361
891,954,0.545332,1798,1463,0.8137
954,891,0.545332,1798,1463,0.8137
891,955,0.531977,2020,1619,0.8015
955,891,0.531977,2020,1619,0.8015
891,956,0.557688,2083,1747,0.8387
956,891,0.557688,2083,1747,0.8387
891,957,0.546718,2093,1748,0.8352
957,891,0.546718,2093,1748,0.8352
891,958,0.358111,2000,1534,0.767
958,891,0.358111,2000,1534,0.767
891,959,0.377733,2202,1705,0.7743
959,891,0.377733,2202,1705,0.7743
891,960,0.375177,2133,1629,0.7637
960,891,0.375177,2133,1629,0.7637
891,961,0.540305,2075,1741,0.839
961,891,0.540305,2075,1741,0.839
891,962,0.465356,1984,1509,0.7606
962,891,0.465356,1984,1509,0.7606
891,963,0.78866,2153,1992,0.9252
963,891,0.78866,2153,1992,0.9252
891,964,0.529406,1984,1623,0.818
964,891,0.529406,1984,1623,0.818
891,965,0.547402,2088,1724,0.8257
965,891,0.547402,2088,1724,0.8257
891,966,0.440888,1967,1455,0.7397
966,891,0.440888,1967,1455,0.7397
891,967,0.573137,2084,1774,0.8512
967,891,0.573137,2084,1774,0.8512
891,969,0.684724,2289,2061,0.9004
969,891,0.684724,2289,2061,0.9004
891,970,0.544326,2043,1746,0.8546
970,891,0.544326,2043,1746,0.8546
891,971,0.615299,2110,1827,0.8659
971,891,0.615299,2110,1827,0.8659
891,972,0.634346,2061,1798,0.8724
972,891,0.634346,2061,1798,0.8724
891,973,0.399782,1312,943,0.7188
973,891,0.399782,1312,943,0.7188
891,974,0.5902,1896,1616,0.8523
974,891,0.5902,1896,1616,0.8523
891,976,0.544693,1952,1578,0.8084
976,891,0.544693,1952,1578,0.8084
891,977,0.359746,2231,1714,0.7683
977,891,0.359746,2231,1714,0.7683
891,978,0.343951,1910,1460,0.7644
978,891,0.343951,1910,1460,0.7644
891,979,0.299302,71,63,0.8873
979,891,0.299302,71,63,0.8873
892,893,0.452985,1322,1000,0.7564
893,892,0.452985,1322,1000,0.7564
892,894,0.290651,1367,941,0.6884
894,892,0.290651,1367,941,0.6884
892,895,0.26419,1361,912,0.6701
895,892,0.26419,1361,912,0.6701
892,896,0.278019,1319,883,0.6694
896,892,0.278019,1319,883,0.6694
892,897,0.285327,1277,868,0.6797
897,892,0.285327,1277,868,0.6797
892,898,0.534617,1199,914,0.7623
898,892,0.534617,1199,914,0.7623
892,899,0.16671,1243,761,0.6122
899,892,0.16671,1243,761,0.6122
892,900,0.627243,1336,1113,0.8331
900,892,0.627243,1336,1113,0.8331
892,901,0.523508,1217,946,0.7773
901,892,0.523508,1217,946,0.7773
892,902,0.580784,1314,1071,0.8151
902,892,0.580784,1314,1071,0.8151
892,903,0.614583,1374,1140,0.8297
903,892,0.614583,1374,1140,0.8297
892,904,0.600286,1279,1048,0.8194
904,892,0.600286,1279,1048,0.8194
892,905,0.53062,1222,961,0.7864
905,892,0.53062,1222,961,0.7864
892,906,0.525935,1166,917,0.7864
906,892,0.525935,1166,917,0.7864
892,907,0.596652,1354,1114,0.8227
907,892,0.596652,1354,1114,0.8227
892,908,0.266977,1326,896,0.6757
908,892,0.266977,1326,896,0.6757
892,909,0.295554,1352,932,0.6893
909,892,0.295554,1352,932,0.6893
892,910,0.278243,1255,847,0.6749
910,892,0.278243,1255,847,0.6749
892,911,0.31096,1258,864,0.6868
911,892,0.31096,1258,864,0.6868
892,912,0.277246,1330,904,0.6797
912,892,0.277246,1330,904,0.6797
892,913,0.286052,1278,872,0.6823
913,892,0.286052,1278,872,0.6823
892,914,0.253024,1242,818,0.6586
914,892,0.253024,1242,818,0.6586
892,915,0.563534,1317,1058,0.8033
915,892,0.563534,1317,1058,0.8033
892,917,0.537432,1155,913,0.7905
917,892,0.537432,1155,913,0.7905
892,918,0.602103,1343,1105,0.8228
918,892,0.602103,1343,1105,0.8228
892,919,0.518368,1343,1045,0.7781
919,892,0.518368,1343,1045,0.7781
892,920,0.528473,1316,1043,0.7926
920,892,0.528473,1316,1043,0.7926
892,921,0.350182,1246,894,0.7175
921,892,0.350182,1246,894,0.7175
892,922,0.618218,1297,1074,0.8281
922,892,0.618218,1297,1074,0.8281
892,923,0.456011,1354,1034,0.7637
923,892,0.456011,1354,1034,0.7637
892,924,0.605707,1258,1043,0.8291
924,892,0.605707,1258,1043,0.8291
892,925,0.311463,1312,919,0.7005
925,892,0.311463,1312,919,0.7005
892,926,0.553731,1223,997,0.8152
926,892,0.553731,1223,997,0.8152
892,927,0.6299,1300,1086,0.8354
927,892,0.6299,1300,1086,0.8354
892,928,0.582602,1338,1092,0.8161
928,892,0.582602,1338,1092,0.8161
892,929,0.524436,1258,1002,0.7965
929,892,0.524436,1258,1002,0.7965
892,930,0.337695,1317,916,0.6955
930,892,0.337695,1317,916,0.6955
892,931,0.417649,1008,744,0.7381
931,892,0.417649,1008,744,0.7381
892,932,0.596664,1297,1060,0.8173
932,892,0.596664,1297,1060,0.8173
892,933,0.454974,1192,891,0.7475
933,892,0.454974,1192,891,0.7475
892,934,0.30585,1304,904,0.6933
934,892,0.30585,1304,904,0.6933
892,935,0.236331,1260,811,0.6437
935,892,0.236331,1260,811,0.6437
892,936,1.0,14,14,1.0
936,892,1.0,14,14,1.0
892,937,0.259887,1290,854,0.662
937,892,0.259887,1290,854,0.662
892,938,0.504752,180,146,0.8111
938,892,0.504752,180,146,0.8111
892,939,0.538369,1310,1031,0.787
939,892,0.538369,1310,1031,0.787
892,940,0.359199,1206,861,0.7139
940,892,0.359199,1206,861,0.7139
892,941,0.482441,1177,901,0.7655
941,892,0.482441,1177,901,0.7655
892,942,0.552367,1316,1051,0.7986
942,892,0.552367,1316,1051,0.7986
892,943,0.507656,1174,885,0.7538
943,892,0.507656,1174,885,0.7538
892,944,0.571604,1127,894,0.7933
944,892,0.571604,1127,894,0.7933
892,945,0.612341,1221,1004,0.8223
945,892,0.612341,1221,1004,0.8223
892,946,0.449501,1222,895,0.7324
946,892,0.449501,1222,895,0.7324
892,947,0.55805,1129,899,0.7963
947,892,0.55805,1129,899,0.7963
892,948,0.35703,1127,798,0.7081
948,892,0.35703,1127,798,0.7081
892,949,0.556107,1278,1018,0.7966
949,892,0.556107,1278,1018,0.7966
892,950,0.554416,1317,1055,0.8011
950,892,0.554416,1317,1055,0.8011
892,951,0.251724,1187,780,0.6571
951,892,0.251724,1187,780,0.6571
892,952,0.578522,1261,1019,0.8081
952,892,0.578522,1261,1019,0.8081
892,953,0.447578,1288,975,0.757
953,892,0.447578,1288,975,0.757
892,954,0.577238,1171,940,0.8027
954,892,0.577238,1171,940,0.8027
892,955,0.560016,1241,984,0.7929
955,892,0.560016,1241,984,0.7929
892,956,0.597374,1248,1018,0.8157
956,892,0.597374,1248,1018,0.8157
892,957,0.55716,1301,1044,0.8025
957,892,0.55716,1301,1044,0.8025
892,958,0.3229,1218,854,0.7011
958,892,0.3229,1218,854,0.7011
892,959,0.2802,1322,902,0.6823
959,892,0.2802,1322,902,0.6823
892,960,0.291631,1308,893,0.6827
960,892,0.291631,1308,893,0.6827
892,961,0.540833,1236,980,0.7929
961,892,0.540833,1236,980,0.7929
892,962,0.421571,1247,883,0.7081
962,892,0.421571,1247,883,0.7081
892,963,0.585045,1222,991,0.811
963,892,0.585045,1222,991,0.811
892,964,0.531153,1232,968,0.7857
964,892,0.531153,1232,968,0.7857
892,965,0.616665,1259,1034,0.8213
965,892,0.616665,1259,1034,0.8213
892,966,0.450865,1196,863,0.7216
966,892,0.450865,1196,863,0.7216
892,967,0.564036,1267,1020,0.8051
967,892,0.564036,1267,1020,0.8051
892,969,0.551175,1331,1068,0.8024
969,892,0.551175,1331,1068,0.8024
892,970,0.562023,1207,985,0.8161
970,892,0.562023,1207,985,0.8161
892,971,0.563752,1274,1026,0.8053
971,892,0.563752,1274,1026,0.8053
892,972,0.583812,1267,1028,0.8114
972,892,0.583812,1267,1028,0.8114
892,973,0.380124,997,692,0.6941
973,892,0.380124,997,692,0.6941
892,974,0.585108,1197,971,0.8112
974,892,0.585108,1197,971,0.8112
892,976,0.536525,1237,967,0.7817
976,892,0.536525,1237,967,0.7817
892,977,0.301011,1331,924,0.6942
977,892,0.301011,1331,924,0.6942
892,978,0.254495,1177,784,0.6661
978,892,0.254495,1177,784,0.6661
892,979,-0.161515,28,20,0.7143
979,892,-0.161515,28,20,0.7143
893,894,0.432094,2355,1841,0.7817
894,893,0.432094,2355,1841,0.7817
893,895,0.387957,2266,1703,0.7515
895,893,0.387957,2266,1703,0.7515
893,896,0.39419,2157,1616,0.7492
896,893,0.39419,2157,1616,0.7492
893,897,0.432742,2144,1668,0.778
897,893,0.432742,2144,1668,0.778
893,898,0.345063,1884,1308,0.6943
898,893,0.345063,1884,1308,0.6943
893,899,0.273794,2137,1500,0.7019
899,893,0.273794,2137,1500,0.7019
893,900,0.52077,2198,1789,0.8139
900,893,0.52077,2198,1789,0.8139
893,901,0.411793,1840,1363,0.7408
901,893,0.411793,1840,1363,0.7408
893,902,0.505841,2184,1783,0.8164
902,893,0.505841,2184,1783,0.8164
893,903,0.499435,2308,1872,0.8111
903,893,0.499435,2308,1872,0.8111
893,904,0.507699,2078,1688,0.8123
904,893,0.507699,2078,1688,0.8123
893,905,0.501827,1766,1417,0.8024
905,893,0.501827,1766,1417,0.8024
893,906,0.514391,1787,1424,0.7969
906,893,0.514391,1787,1424,0.7969
893,907,0.449737,2276,1811,0.7957
907,893,0.449737,2276,1811,0.7957
893,908,0.39432,2224,1695,0.7621
908,893,0.39432,2224,1695,0.7621
893,909,0.431907,2292,1786,0.7792
909,893,0.431907,2292,1786,0.7792
893,910,0.415616,2018,1546,0.7661
910,893,0.415616,2018,1546,0.7661
893,911,0.384736,2142,1606,0.7498
911,893,0.384736,2142,1606,0.7498
893,912,0.408845,2247,1727,0.7686
912,893,0.408845,2247,1727,0.7686
893,913,0.425077,2108,1640,0.778
913,893,0.425077,2108,1640,0.778
893,914,0.422496,2081,1582,0.7602
914,893,0.422496,2081,1582,0.7602
893,915,0.517051,2188,1778,0.8126
915,893,0.517051,2188,1778,0.8126
893,917,0.388234,2086,1562,0.7488
917,893,0.388234,2086,1562,0.7488
893,918,0.507713,2178,1769,0.8122
918,893,0.507713,2178,1769,0.8122
893,919,0.431726,2234,1725,0.7722
919,893,0.431726,2234,1725,0.7722
893,920,0.525922,2177,1791,0.8227
920,893,0.525922,2177,1791,0.8227
893,921,0.45911,1978,1592,0.8049
921,893,0.45911,1978,1592,0.8049
893,922,0.494289,2118,1701,0.8031
922,893,0.494289,2118,1701,0.8031
893,923,0.461216,2302,1844,0.801
923,893,0.461216,2302,1844,0.801
893,924,0.462777,2199,1766,0.8031
924,893,0.462777,2199,1766,0.8031
893,925,0.41721,2224,1761,0.7918
925,893,0.41721,2224,1761,0.7918
893,926,0.534701,1975,1670,0.8456
926,893,0.534701,1975,1670,0.8456
893,927,0.506048,2147,1748,0.8142
927,893,0.506048,2147,1748,0.8142
893,928,0.5482,2096,1736,0.8282
928,893,0.5482,2096,1736,0.8282
893,929,0.410522,2061,1591,0.772
929,893,0.410522,2061,1591,0.772
893,930,0.412006,2224,1667,0.7496
930,893,0.412006,2224,1667,0.7496
893,931,0.443375,1598,1232,0.771
931,893,0.443375,1598,1232,0.771
893,932,0.515055,2239,1820,0.8129
932,893,0.515055,2239,1820,0.8129
893,933,0.354705,1803,1311,0.7271
933,893,0.354705,1803,1311,0.7271
893,934,0.435991,2178,1703,0.7819
934,893,0.435991,2178,1703,0.7819
893,935,0.346832,2120,1511,0.7127
935,893,0.346832,2120,1511,0.7127
893,936,1.0,14,14,1.0
936,893,1.0,14,14,1.0
893,937,0.372578,2196,1638,0.7459
937,893,0.372578,2196,1638,0.7459
893,938,0.506009,324,265,0.8179
938,893,0.506009,324,265,0.8179
893,939,0.472019,2249,1778,0.7906
939,893,0.472019,2249,1778,0.7906
893,940,0.411432,2062,1576,0.7643
940,893,0.411432,2062,1576,0.7643
893,941,0.435061,1954,1514,0.7748
941,893,0.435061,1954,1514,0.7748
893,942,0.461414,2204,1718,0.7795
942,893,0.461414,2204,1718,0.7795
893,943,0.286139,2049,1387,0.6769
943,893,0.286139,2049,1387,0.6769
893,944,0.425616,1886,1418,0.7519
944,893,0.425616,1886,1418,0.7519
893,945,0.437288,1989,1535,0.7717
945,893,0.437288,1989,1535,0.7717
893,946,0.341964,1929,1372,0.7112
946,893,0.341964,1929,1372,0.7112
893,947,0.330237,1811,1317,0.7272
947,893,0.330237,1811,1317,0.7272
893,948,0.370553,1755,1297,0.739
948,893,0.370553,1755,1297,0.739
893,949,0.474034,2074,1630,0.7859
949,893,0.474034,2074,1630,0.7859
893,950,0.470993,2138,1700,0.7951
950,893,0.470993,2138,1700,0.7951
893,951,0.393546,2029,1520,0.7491
951,893,0.393546,2029,1520,0.7491
893,952,0.412247,2083,1599,0.7676
952,893,0.412247,2083,1599,0.7676
893,953,0.422428,2174,1718,0.7902
953,893,0.422428,2174,1718,0.7902
893,954,0.407472,1834,1379,0.7519
954,893,0.407472,1834,1379,0.7519
893,955,0.432121,1996,1517,0.76
955,893,0.432121,1996,1517,0.76
893,956,0.38472,2068,1572,0.7602
956,893,0.38472,2068,1572,0.7602
893,957,0.457608,2149,1698,0.7901
957,893,0.457608,2149,1698,0.7901
893,958,0.359372,1970,1473,0.7477
958,893,0.359372,1970,1473,0.7477
893,959,0.415955,2240,1730,0.7723
959,893,0.415955,2240,1730,0.7723
893,960,0.40533,2152,1635,0.7598
960,893,0.40533,2152,1635,0.7598
893,961,0.459379,2097,1665,0.794
961,893,0.459379,2097,1665,0.794
893,962,0.339862,1982,1399,0.7059
962,893,0.339862,1982,1399,0.7059
893,963,0.462297,2117,1686,0.7964
963,893,0.462297,2117,1686,0.7964
893,964,0.421682,1964,1504,0.7658
964,893,0.421682,1964,1504,0.7658
893,965,0.417794,2136,1639,0.7673
965,893,0.417794,2136,1639,0.7673
893,966,0.323327,1928,1340,0.695
966,893,0.323327,1928,1340,0.695
893,967,0.473764,2089,1663,0.7961
967,893,0.473764,2089,1663,0.7961
893,969,0.46106,2288,1838,0.8033
969,893,0.46106,2288,1838,0.8033
893,970,0.440656,2086,1676,0.8035
970,893,0.440656,2086,1676,0.8035
893,971,0.504605,2096,1703,0.8125
971,893,0.504605,2096,1703,0.8125
893,972,0.503118,2054,1667,0.8116
972,893,0.503118,2054,1667,0.8116
893,973,0.262667,1298,853,0.6572
973,893,0.262667,1298,853,0.6572
893,974,0.442839,1913,1503,0.7857
974,893,0.442839,1913,1503,0.7857
893,976,0.437974,1980,1503,0.7591
976,893,0.437974,1980,1503,0.7591
893,977,0.381684,2250,1706,0.7582
977,893,0.381684,2250,1706,0.7582
893,978,0.399921,1941,1483,0.764
978,893,0.399921,1941,1483,0.764
893,979,0.221739,60,53,0.8833
979,893,0.221739,60,53,0.8833
894,895,0.74061,2380,2135,0.8971
895,894,0.74061,2380,2135,0.8971
894,896,0.795016,2293,2100,0.9158
896,894,0.795016,2293,2100,0.9158
894,897,0.836165,2267,2128,0.9387
897,894,0.836165,2267,2128,0.9387
894,898,0.16373,1986,1233,0.6208
898,894,0.16373,1986,1233,0.6208
894,899,0.395962,2248,1701,0.7567
899,894,0.395962,2248,1701,0.7567
894,900,0.421277,2284,1775,0.7771
900,894,0.421277,2284,1775,0.7771
894,901,0.223885,1897,1255,0.6616
901,894,0.223885,1897,1255,0.6616
894,902,0.393391,2298,1790,0.7789
902,894,0.393391,2298,1790,0.7789
894,903,0.443121,2447,1952,0.7977
903,894,0.443121,2447,1952,0.7977
894,904,0.365507,2179,1661,0.7623
904,894,0.365507,2179,1661,0.7623
894,905,0.35803,1831,1369,0.7477
905,894,0.35803,1831,1369,0.7477
894,906,0.444819,1862,1436,0.7712
906,894,0.444819,1862,1436,0.7712
894,907,0.385239,2396,1861,0.7767
907,894,0.385239,2396,1861,0.7767
894,908,0.823202,2324,2168,0.9329
908,894,0.823202,2324,2168,0.9329
894,909,0.878199,2446,2335,0.9546
909,894,0.878199,2446,2335,0.9546
894,910,0.806049,2140,1980,0.9252
910,894,0.806049,2140,1980,0.9252
894,911,0.735906,2239,2004,0.895
911,894,0.735906,2239,2004,0.895
894,912,0.809195,2385,2214,0.9283
912,894,0.809195,2385,2214,0.9283
894,913,0.812279,2234,2079,0.9306
913,894,0.812279,2234,2079,0.9306
894,914,0.805109,2214,2037,0.9201
914,894,0.805109,2214,2037,0.9201
894,915,0.453864,2304,1831,0.7947
915,894,0.453864,2304,1831,0.7947
894,917,0.320568,2177,1577,0.7244
917,894,0.320568,2177,1577,0.7244
894,918,0.351665,2290,1732,0.7563
918,894,0.351665,2290,1732,0.7563
894,919,0.27854,2354,1686,0.7162
919,894,0.27854,2354,1686,0.7162
894,920,0.452165,2278,1825,0.8011
920,894,0.452165,2278,1825,0.8011
894,921,0.474952,2086,1705,0.8174
921,894,0.474952,2086,1705,0.8174
894,922,0.404644,2228,1724,0.7738
922,894,0.404644,2228,1724,0.7738
894,923,0.381318,2436,1895,0.7779
923,894,0.381318,2436,1895,0.7779
894,924,0.37286,2327,1799,0.7731
924,894,0.37286,2327,1799,0.7731
894,925,0.500272,2337,1926,0.8241
925,894,0.500272,2337,1926,0.8241
894,926,0.448856,2090,1723,0.8244
926,894,0.448856,2090,1723,0.8244
894,927,0.370072,2248,1732,0.7705
927,894,0.370072,2248,1732,0.7705
894,928,0.391313,2212,1714,0.7749
928,894,0.391313,2212,1714,0.7749
894,929,0.32722,2177,1627,0.7474
929,894,0.32722,2177,1627,0.7474
894,930,0.385423,2337,1728,0.7394
930,894,0.385423,2337,1728,0.7394
894,931,0.345425,1663,1220,0.7336
931,894,0.345425,1663,1220,0.7336
894,932,0.394472,2338,1808,0.7733
932,894,0.394472,2338,1808,0.7733
894,933,0.223271,1846,1244,0.6739
933,894,0.223271,1846,1244,0.6739
894,934,0.87126,2332,2221,0.9524
934,894,0.87126,2332,2221,0.9524
894,935,0.647638,2268,1909,0.8417
935,894,0.647638,2268,1909,0.8417
894,936,1.0,14,14,1.0
936,894,1.0,14,14,1.0
894,937,0.754257,2323,2098,0.9031
937,894,0.754257,2323,2098,0.9031
894,938,0.845331,335,315,0.9403
938,894,0.845331,335,315,0.9403
894,939,0.34605,2361,1759,0.745
939,894,0.34605,2361,1759,0.745
894,940,0.33812,2116,1563,0.7387
940,894,0.33812,2116,1563,0.7387
894,941,0.360809,2016,1511,0.7495
941,894,0.360809,2016,1511,0.7495
894,942,0.439557,2315,1798,0.7767
942,894,0.439557,2315,1798,0.7767
894,943,0.090198,2137,1266,0.5924
943,894,0.090198,2137,1266,0.5924
894,944,0.203498,1993,1315,0.6598
944,894,0.203498,1993,1315,0.6598
894,945,0.253985,2109,1480,0.7018
945,894,0.253985,2109,1480,0.7018
894,946,0.178463,2036,1303,0.64
946,894,0.178463,2036,1303,0.64
894,947,0.115001,1885,1203,0.6382
947,894,0.115001,1885,1203,0.6382
894,948,0.384067,1840,1379,0.7495
948,894,0.384067,1840,1379,0.7495
894,949,0.361494,2172,1620,0.7459
949,894,0.361494,2172,1620,0.7459
894,950,0.328447,2246,1677,0.7467
950,894,0.328447,2246,1677,0.7467
894,951,0.764939,2175,1968,0.9048
951,894,0.764939,2175,1968,0.9048
894,952,0.245347,2187,1537,0.7028
952,894,0.245347,2187,1537,0.7028
894,953,0.356095,2286,1765,0.7721
953,894,0.356095,2286,1765,0.7721
894,954,0.192085,1878,1246,0.6635
954,894,0.192085,1878,1246,0.6635
894,955,0.250573,2114,1451,0.6864
955,894,0.250573,2114,1451,0.6864
894,956,0.192435,2193,1512,0.6895
956,894,0.192435,2193,1512,0.6895
894,957,0.301694,2217,1629,0.7348
957,894,0.301694,2217,1629,0.7348
894,958,0.317644,2080,1533,0.737
958,894,0.317644,2080,1533,0.737
894,959,0.809778,2366,2194,0.9273
959,894,0.809778,2366,2194,0.9273
894,960,0.784621,2265,2073,0.9152
960,894,0.784621,2265,2073,0.9152
894,961,0.308548,2179,1612,0.7398
961,894,0.308548,2179,1612,0.7398
894,962,0.108226,2055,1244,0.6054
962,894,0.108226,2055,1244,0.6054
894,963,0.356866,2216,1691,0.7631
963,894,0.356866,2216,1691,0.7631
894,964,0.275889,2072,1478,0.7133
964,894,0.275889,2072,1478,0.7133
894,965,0.247576,2217,1564,0.7055
965,894,0.247576,2217,1564,0.7055
894,966,0.070443,2046,1188,0.5806
966,894,0.070443,2046,1188,0.5806
894,967,0.33344,2171,1621,0.7467
967,894,0.33344,2171,1621,0.7467
894,969,0.37818,2433,1906,0.7834
969,894,0.37818,2433,1906,0.7834
894,970,0.286267,2202,1667,0.757
970,894,0.286267,2202,1667,0.757
894,971,0.418623,2209,1742,0.7886
971,894,0.418623,2209,1742,0.7886
894,972,0.384387,2149,1663,0.7738
972,894,0.384387,2149,1663,0.7738
894,973,0.01927,1374,751,0.5466
973,894,0.01927,1374,751,0.5466
894,974,0.341146,1976,1478,0.748
974,894,0.341146,1976,1478,0.748
894,976,0.257177,2057,1408,0.6845
976,894,0.257177,2057,1408,0.6845
894,977,0.822392,2411,2250,0.9332
977,894,0.822392,2411,2250,0.9332
894,978,0.830955,2075,1943,0.9364
978,894,0.830955,2075,1943,0.9364
894,979,0.650273,64,62,0.9688
979,894,0.650273,64,62,0.9688
895,896,0.70921,2161,1895,0.8769
896,895,0.70921,2161,1895,0.8769
895,897,0.844436,2146,2010,0.9366
897,895,0.844436,2146,2010,0.9366
895,898,0.143449,1903,1146,0.6022
898,895,0.143449,1903,1146,0.6022
895,899,0.381056,2130,1574,0.739
899,895,0.381056,2130,1574,0.739
895,900,0.362131,2235,1663,0.7441
900,895,0.362131,2235,1663,0.7441
895,901,0.24076,1860,1236,0.6645
901,895,0.24076,1860,1236,0.6645
895,902,0.375941,2182,1650,0.7562
902,895,0.375941,2182,1650,0.7562
895,903,0.400922,2316,1773,0.7655
903,895,0.400922,2316,1773,0.7655
895,904,0.352497,2101,1557,0.7411
904,895,0.352497,2101,1557,0.7411
895,905,0.353457,1803,1331,0.7382
905,895,0.353457,1803,1331,0.7382
895,906,0.397872,1815,1348,0.7427
906,895,0.397872,1815,1348,0.7427
895,907,0.343495,2261,1677,0.7417
907,895,0.343495,2261,1677,0.7417
895,908,0.815926,2228,2063,0.9259
908,895,0.815926,2228,2063,0.9259
895,909,0.764755,2315,2095,0.905
909,895,0.764755,2315,2095,0.905
895,910,0.795148,2044,1873,0.9163
910,895,0.795148,2044,1873,0.9163
895,911,0.679734,2133,1850,0.8673
911,895,0.679734,2133,1850,0.8673
895,912,0.790764,2259,2071,0.9168
912,895,0.790764,2259,2071,0.9168
895,913,0.816435,2121,1966,0.9269
913,895,0.816435,2121,1966,0.9269
895,914,0.691436,2147,1871,0.8714
914,895,0.691436,2147,1871,0.8714
895,915,0.399403,2175,1654,0.7605
915,895,0.399403,2175,1654,0.7605
895,917,0.268657,2091,1446,0.6915
917,895,0.268657,2091,1446,0.6915
895,918,0.329425,2179,1595,0.732
918,895,0.329425,2179,1595,0.732
895,919,0.261414,2245,1560,0.6949
919,895,0.261414,2245,1560,0.6949
895,920,0.415602,2172,1676,0.7716
920,895,0.415602,2172,1676,0.7716
895,921,0.401393,2003,1551,0.7743
921,895,0.401393,2003,1551,0.7743
895,922,0.392897,2111,1591,0.7537
922,895,0.392897,2111,1591,0.7537
895,923,0.364695,2306,1738,0.7537
923,895,0.364695,2306,1738,0.7537
895,924,0.349315,2203,1646,0.7472
924,895,0.349315,2203,1646,0.7472
895,925,0.455777,2254,1789,0.7937
925,895,0.455777,2254,1789,0.7937
895,926,0.404409,1990,1575,0.7915
926,895,0.404409,1990,1575,0.7915
895,927,0.336245,2175,1617,0.7434
927,895,0.336245,2175,1617,0.7434
895,928,0.350253,2108,1564,0.7419
928,895,0.350253,2108,1564,0.7419
895,929,0.335663,2050,1521,0.742
929,895,0.335663,2050,1521,0.742
895,930,0.363442,2252,1638,0.7274
930,895,0.363442,2252,1638,0.7274
895,931,0.331434,1598,1149,0.719
931,895,0.331434,1598,1149,0.719
895,932,0.371084,2227,1669,0.7494
932,895,0.371084,2227,1669,0.7494
895,933,0.1909,1817,1186,0.6527
933,895,0.1909,1817,1186,0.6527
895,934,0.741084,2202,1977,0.8978
934,895,0.741084,2202,1977,0.8978
895,935,0.61496,2143,1775,0.8283
935,895,0.61496,2143,1775,0.8283
895,936,1.0,14,14,1.0
936,895,1.0,14,14,1.0
895,937,0.773168,2254,2045,0.9073
937,895,0.773168,2254,2045,0.9073
895,938,0.809945,341,316,0.9267
938,895,0.809945,341,316,0.9267
895,939,0.31437,2254,1621,0.7192
939,895,0.31437,2254,1621,0.7192
895,940,0.277195,2040,1424,0.698
940,895,0.277195,2040,1424,0.698
895,941,0.322699,1940,1397,0.7201
941,895,0.322699,1940,1397,0.7201
895,942,0.416627,2216,1676,0.7563
942,895,0.416627,2216,1676,0.7563
895,943,0.092648,2044,1201,0.5876
943,895,0.092648,2044,1201,0.5876
895,944,0.200662,1890,1220,0.6455
944,895,0.200662,1890,1220,0.6455
895,945,0.246467,2021,1383,0.6843
945,895,0.246467,2021,1383,0.6843
895,946,0.158665,1948,1208,0.6201
946,895,0.158665,1948,1208,0.6201
895,947,0.087055,1825,1115,0.611
947,895,0.087055,1825,1115,0.611
895,948,0.370298,1797,1320,0.7346
948,895,0.370298,1797,1320,0.7346
895,949,0.314042,2099,1503,0.7161
949,895,0.314042,2099,1503,0.7161
895,950,0.299902,2146,1542,0.7185
950,895,0.299902,2146,1542,0.7185
895,951,0.762107,2054,1849,0.9002
951,895,0.762107,2054,1849,0.9002
895,952,0.219888,2084,1420,0.6814
952,895,0.219888,2084,1420,0.6814
895,953,0.299793,2179,1599,0.7338
953,895,0.299793,2179,1599,0.7338
895,954,0.170105,1813,1163,0.6415
954,895,0.170105,1813,1163,0.6415
895,955,0.233894,2023,1350,0.6673
955,895,0.233894,2023,1350,0.6673
895,956,0.166177,2079,1377,0.6623
956,895,0.166177,2079,1377,0.6623
895,957,0.304836,2142,1545,0.7213
957,895,0.304836,2142,1545,0.7213
895,958,0.28919,1981,1409,0.7113
958,895,0.28919,1981,1409,0.7113
895,959,0.800903,2304,2120,0.9201
959,895,0.800903,2304,2120,0.9201
895,960,0.778062,2162,1966,0.9093
960,895,0.778062,2162,1966,0.9093
895,961,0.272539,2078,1474,0.7093
961,895,0.272539,2078,1474,0.7093
895,962,0.081414,1991,1164,0.5846
962,895,0.081414,1991,1164,0.5846
895,963,0.319776,2122,1555,0.7328
963,895,0.319776,2122,1555,0.7328
895,964,0.239773,1965,1339,0.6814
964,895,0.239773,1965,1339,0.6814
895,965,0.236669,2135,1470,0.6885
965,895,0.236669,2135,1470,0.6885
895,966,0.082231,1945,1132,0.582
966,895,0.082231,1945,1132,0.582
895,967,0.289225,2101,1504,0.7158
967,895,0.289225,2101,1504,0.7158
895,969,0.343567,2292,1717,0.7491
969,895,0.343567,2292,1717,0.7491
895,970,0.269972,2084,1525,0.7318
970,895,0.269972,2084,1525,0.7318
895,971,0.412598,2113,1627,0.77
971,895,0.412598,2113,1627,0.77
895,972,0.350747,2051,1524,0.7431
972,895,0.350747,2051,1524,0.7431
895,973,0.002473,1290,683,0.5295
973,895,0.002473,1290,683,0.5295
895,974,0.302072,1886,1352,0.7169
974,895,0.302072,1886,1352,0.7169
895,976,0.217893,1954,1282,0.6561
976,895,0.217893,1954,1282,0.6561
895,977,0.695193,2274,1998,0.8786
977,895,0.695193,2274,1998,0.8786
895,978,0.71393,1969,1744,0.8857
978,895,0.71393,1969,1744,0.8857
895,979,0.126769,68,55,0.8088
979,895,0.126769,68,55,0.8088
896,897,0.74964,2084,1868,0.8964
897,896,0.74964,2084,1868,0.8964
896,898,0.158522,1842,1124,0.6102
898,896,0.158522,1842,1124,0.6102
896,899,0.398871,2066,1540,0.7454
899,896,0.398871,2066,1540,0.7454
896,900,0.408816,2098,1582,0.7541
900,896,0.408816,2098,1582,0.7541
896,901,0.220038,1768,1147,0.6488
901,896,0.220038,1768,1147,0.6488
896,902,0.372967,2097,1569,0.7482
902,896,0.372967,2097,1569,0.7482
896,903,0.431284,2248,1737,0.7727
903,896,0.431284,2248,1737,0.7727
896,904,0.366343,1998,1482,0.7417
904,896,0.366343,1998,1482,0.7417
896,905,0.365762,1695,1242,0.7327
905,896,0.365762,1695,1242,0.7327
896,906,0.393442,1684,1237,0.7346
906,896,0.393442,1684,1237,0.7346
896,907,0.351719,2188,1622,0.7413
907,896,0.351719,2188,1622,0.7413
896,908,0.731951,2154,1915,0.889
908,896,0.731951,2154,1915,0.889
896,909,0.802706,2236,2052,0.9177
909,896,0.802706,2236,2052,0.9177
896,910,0.707556,1972,1731,0.8778
910,896,0.707556,1972,1731,0.8778
896,911,0.712389,2096,1844,0.8798
911,896,0.712389,2096,1844,0.8798
896,912,0.729139,2175,1933,0.8887
912,896,0.729139,2175,1933,0.8887
896,913,0.72169,2090,1853,0.8866
913,896,0.72169,2090,1853,0.8866
896,914,0.726432,2022,1786,0.8833
914,896,0.726432,2022,1786,0.8833
896,915,0.421249,2139,1640,0.7667
915,896,0.421249,2139,1640,0.7667
896,917,0.326462,1992,1424,0.7149
917,896,0.326462,1992,1424,0.7149
896,918,0.355361,2077,1534,0.7386
918,896,0.355361,2077,1534,0.7386
896,919,0.277687,2161,1507,0.6974
919,896,0.277687,2161,1507,0.6974
896,920,0.422939,2125,1632,0.768
920,896,0.422939,2125,1632,0.768
896,921,0.435395,1930,1504,0.7793
921,896,0.435395,1930,1504,0.7793
896,922,0.38938,2030,1513,0.7453
922,896,0.38938,2030,1513,0.7453
896,923,0.366053,2228,1672,0.7504
923,896,0.366053,2228,1672,0.7504
896,924,0.365398,2119,1589,0.7499
924,896,0.365398,2119,1589,0.7499
896,925,0.463474,2146,1692,0.7884
925,896,0.463474,2146,1692,0.7884
896,926,0.399489,1909,1488,0.7795
926,896,0.399489,1909,1488,0.7795
896,927,0.342322,2079,1531,0.7364
927,896,0.342322,2079,1531,0.7364
896,928,0.385464,2009,1505,0.7491
928,896,0.385464,2009,1505,0.7491
896,929,0.311282,1985,1436,0.7234
929,896,0.311282,1985,1436,0.7234
896,930,0.340558,2130,1513,0.7103
930,896,0.340558,2130,1513,0.7103
896,931,0.321851,1532,1081,0.7056
931,896,0.321851,1532,1081,0.7056
896,932,0.367898,2138,1591,0.7442
932,896,0.367898,2138,1591,0.7442
896,933,0.201559,1725,1115,0.6464
933,896,0.201559,1725,1115,0.6464
896,934,0.779925,2161,1966,0.9098
934,896,0.779925,2161,1966,0.9098
896,935,0.677647,2127,1819,0.8552
935,896,0.677647,2127,1819,0.8552
896,936,1.0,14,14,1.0
936,896,1.0,14,14,1.0
896,937,0.677686,2121,1833,0.8642
937,896,0.677686,2121,1833,0.8642
896,938,0.78124,294,267,0.9082
938,896,0.78124,294,267,0.9082
896,939,0.342981,2177,1579,0.7253
939,896,0.342981,2177,1579,0.7253
896,940,0.316744,1941,1376,0.7089
940,896,0.316744,1941,1376,0.7089
896,941,0.331161,1869,1342,0.718
941,896,0.331161,1869,1342,0.718
896,942,0.410841,2110,1583,0.7502
942,896,0.410841,2110,1583,0.7502
896,943,0.086744,1957,1143,0.5841
943,896,0.086744,1957,1143,0.5841
896,944,0.204655,1825,1179,0.646
944,896,0.204655,1825,1179,0.646
896,945,0.238635,1942,1309,0.674
945,896,0.238635,1942,1309,0.674
896,946,0.170875,1893,1187,0.627
946,896,0.170875,1893,1187,0.627
896,947,0.106317,1741,1061,0.6094
947,896,0.106317,1741,1061,0.6094
896,948,0.371636,1699,1238,0.7287
948,896,0.371636,1699,1238,0.7287
896,949,0.335068,2043,1472,0.7205
949,896,0.335068,2043,1472,0.7205
896,950,0.32151,2087,1507,0.7221
950,896,0.32151,2087,1507,0.7221
896,951,0.679194,1999,1727,0.8639
951,896,0.679194,1999,1727,0.8639
896,952,0.231807,2037,1384,0.6794
952,896,0.231807,2037,1384,0.6794
896,953,0.335044,2083,1539,0.7388
953,896,0.335044,2083,1539,0.7388
896,954,0.18892,1741,1119,0.6427
954,896,0.18892,1741,1119,0.6427
896,955,0.239208,1945,1296,0.6663
955,896,0.239208,1945,1296,0.6663
896,956,0.173096,2023,1335,0.6599
956,896,0.173096,2023,1335,0.6599
896,957,0.270083,2035,1425,0.7002
957,896,0.270083,2035,1425,0.7002
896,958,0.298985,1973,1405,0.7121
958,896,0.298985,1973,1405,0.7121
896,959,0.720024,2151,1903,0.8847
959,896,0.720024,2151,1903,0.8847
896,960,0.710314,2111,1860,0.8811
960,896,0.710314,2111,1860,0.8811
896,961,0.27346,1992,1398,0.7018
961,896,0.27346,1992,1398,0.7018
896,962,0.094518,1899,1108,0.5835
962,896,0.094518,1899,1108,0.5835
896,963,0.339072,2027,1486,0.7331
963,896,0.339072,2027,1486,0.7331
896,964,0.270544,1937,1334,0.6887
964,896,0.270544,1937,1334,0.6887
896,965,0.249873,2043,1402,0.6862
965,896,0.249873,2043,1402,0.6862
896,966,0.053213,1889,1055,0.5585
966,896,0.053213,1889,1055,0.5585
896,967,0.322079,2025,1456,0.719
967,896,0.322079,2025,1456,0.719
896,969,0.363391,2218,1666,0.7511
969,896,0.363391,2218,1666,0.7511
896,970,0.275856,2002,1454,0.7263
970,896,0.275856,2002,1454,0.7263
896,971,0.398008,2022,1532,0.7577
971,896,0.398008,2022,1532,0.7577
896,972,0.37681,1990,1487,0.7472
972,896,0.37681,1990,1487,0.7472
896,973,0.000602,1347,709,0.5264
973,896,0.000602,1347,709,0.5264
896,974,0.320117,1821,1305,0.7166
974,896,0.320117,1821,1305,0.7166
896,976,0.24164,1967,1307,0.6645
976,896,0.24164,1967,1307,0.6645
896,977,0.741533,2196,1964,0.8944
977,896,0.741533,2196,1964,0.8944
896,978,0.763164,1913,1728,0.9033
978,896,0.763164,1913,1728,0.9033
896,979,1.0,8,8,1.0
979,896,1.0,8,8,1.0
897,898,0.168551,1791,1101,0.6147
898,897,0.168551,1791,1101,0.6147
897,899,0.386206,2044,1536,0.7515
899,897,0.386206,2044,1536,0.7515
897,900,0.424546,2089,1618,0.7745
900,897,0.424546,2089,1618,0.7745
897,901,0.237724,1738,1153,0.6634
901,897,0.237724,1738,1153,0.6634
897,902,0.429188,2120,1682,0.7934
902,897,0.429188,2120,1682,0.7934
897,903,0.4504,2214,1761,0.7954
903,897,0.4504,2214,1761,0.7954
897,904,0.387511,2001,1536,0.7676
904,897,0.387511,2001,1536,0.7676
897,905,0.366339,1657,1237,0.7465
905,897,0.366339,1657,1237,0.7465
897,906,0.422475,1741,1319,0.7576
906,897,0.422475,1741,1319,0.7576
897,907,0.411276,2190,1712,0.7817
907,897,0.411276,2190,1712,0.7817
897,908,0.922424,2158,2094,0.9703
908,897,0.922424,2158,2094,0.9703
897,909,0.854321,2212,2090,0.9448
909,897,0.854321,2212,2090,0.9448
897,910,0.89637,2016,1935,0.9598
910,897,0.89637,2016,1935,0.9598
897,911,0.723491,2079,1848,0.8889
911,897,0.723491,2079,1848,0.8889
897,912,0.893224,2171,2083,0.9595
912,897,0.893224,2171,2083,0.9595
897,913,0.922011,2059,1998,0.9704
913,897,0.922011,2059,1998,0.9704
897,914,0.750067,2004,1797,0.8967
914,897,0.750067,2004,1797,0.8967
897,915,0.449818,2094,1653,0.7894
915,897,0.449818,2094,1653,0.7894
897,917,0.308761,1984,1420,0.7157
917,897,0.308761,1984,1420,0.7157
897,918,0.361331,2063,1555,0.7538
918,897,0.361331,2063,1555,0.7538
897,919,0.307265,2146,1556,0.7251
919,897,0.307265,2146,1556,0.7251
897,920,0.457112,2096,1676,0.7996
920,897,0.457112,2096,1676,0.7996
897,921,0.481056,1928,1566,0.8122
921,897,0.481056,1928,1566,0.8122
897,922,0.422955,2037,1582,0.7766
922,897,0.422955,2037,1582,0.7766
897,923,0.434831,2216,1763,0.7956
923,897,0.434831,2216,1763,0.7956
897,924,0.38977,2107,1632,0.7746
924,897,0.38977,2107,1632,0.7746
897,925,0.539305,2131,1780,0.8353
925,897,0.539305,2131,1780,0.8353
897,926,0.469137,1897,1567,0.826
926,897,0.469137,1897,1567,0.826
897,927,0.376246,2059,1587,0.7708
927,897,0.376246,2059,1587,0.7708
897,928,0.389303,2004,1538,0.7675
928,897,0.389303,2004,1538,0.7675
897,929,0.390749,2002,1549,0.7737
929,897,0.390749,2002,1549,0.7737
897,930,0.392474,2134,1582,0.7413
930,897,0.392474,2134,1582,0.7413
897,931,0.380399,1564,1166,0.7455
931,897,0.380399,1564,1166,0.7455
897,932,0.428883,2163,1699,0.7855
932,897,0.428883,2163,1699,0.7855
897,933,0.226624,1728,1167,0.6753
933,897,0.226624,1728,1167,0.6753
897,934,0.822641,2137,1995,0.9336
934,897,0.822641,2137,1995,0.9336
897,935,0.645987,2093,1757,0.8395
935,897,0.645987,2093,1757,0.8395
897,936,1.0,14,14,1.0
936,897,1.0,14,14,1.0
897,937,0.85254,2116,1991,0.9409
937,897,0.85254,2116,1991,0.9409
897,938,0.931027,310,302,0.9742
938,897,0.931027,310,302,0.9742
897,939,0.365911,2158,1619,0.7502
939,897,0.365911,2158,1619,0.7502
897,940,0.33009,1940,1413,0.7284
940,897,0.33009,1940,1413,0.7284
897,941,0.367265,1887,1421,0.753
941,897,0.367265,1887,1421,0.753
897,942,0.463888,2094,1640,0.7832
942,897,0.463888,2094,1640,0.7832
897,943,0.090008,1953,1154,0.5909
943,897,0.090008,1953,1154,0.5909
897,944,0.1944,1799,1171,0.6509
944,897,0.1944,1799,1171,0.6509
897,945,0.260663,1944,1361,0.7001
945,897,0.260663,1944,1361,0.7001
897,946,0.158338,1841,1150,0.6247
946,897,0.158338,1841,1150,0.6247
897,947,0.098866,1763,1110,0.6296
947,897,0.098866,1763,1110,0.6296
897,948,0.37685,1673,1241,0.7418
948,897,0.37685,1673,1241,0.7418
897,949,0.371235,2027,1515,0.7474
949,897,0.371235,2027,1515,0.7474
897,950,0.333718,2079,1546,0.7436
950,897,0.333718,2079,1546,0.7436
897,951,0.852749,1997,1875,0.9389
951,897,0.852749,1997,1875,0.9389
897,952,0.237705,1995,1392,0.6977
952,897,0.237705,1995,1392,0.6977
897,953,0.355961,2096,1623,0.7743
953,897,0.355961,2096,1623,0.7743
897,954,0.176086,1726,1118,0.6477
954,897,0.176086,1726,1118,0.6477
897,955,0.255655,1985,1361,0.6856
955,897,0.255655,1985,1361,0.6856
897,956,0.193425,2007,1379,0.6871
956,897,0.193425,2007,1379,0.6871
897,957,0.312912,2035,1491,0.7327
957,897,0.312912,2035,1491,0.7327
897,958,0.326559,1919,1411,0.7353
958,897,0.326559,1919,1411,0.7353
897,959,0.917406,2157,2088,0.968
959,897,0.917406,2157,2088,0.968
897,960,0.83357,2079,1940,0.9331
960,897,0.83357,2079,1940,0.9331
897,961,0.298139,1992,1457,0.7314
961,897,0.298139,1992,1457,0.7314
897,962,0.099954,1912,1138,0.5952
962,897,0.099954,1912,1138,0.5952
897,963,0.366043,2055,1564,0.7611
963,897,0.366043,2055,1564,0.7611
897,964,0.27233,1884,1331,0.7065
964,897,0.27233,1884,1331,0.7065
897,965,0.257265,2033,1427,0.7019
965,897,0.257265,2033,1427,0.7019
897,966,0.065704,1889,1082,0.5728
966,897,0.065704,1889,1082,0.5728
897,967,0.324252,1999,1477,0.7389
967,897,0.324252,1999,1477,0.7389
897,969,0.386451,2219,1737,0.7828
969,897,0.386451,2219,1737,0.7828
897,970,0.329783,1985,1525,0.7683
970,897,0.329783,1985,1525,0.7683
897,971,0.466689,2053,1649,0.8032
971,897,0.466689,2053,1649,0.8032
897,972,0.388734,1975,1518,0.7686
972,897,0.388734,1975,1518,0.7686
897,973,0.014291,1317,718,0.5452
973,897,0.014291,1317,718,0.5452
897,974,0.337991,1837,1365,0.7431
974,897,0.337991,1837,1365,0.7431
897,976,0.261748,1937,1333,0.6882
976,897,0.261748,1937,1333,0.6882
897,977,0.792454,2166,1992,0.9197
977,897,0.792454,2166,1992,0.9197
897,978,0.783004,1874,1718,0.9168
978,897,0.783004,1874,1718,0.9168
897,979,0.371166,41,38,0.9268
979,897,0.371166,41,38,0.9268
898,899,0.266427,1759,1157,0.6578
899,898,0.266427,1759,1157,0.6578
898,900,0.573618,1904,1517,0.7967
900,898,0.573618,1904,1517,0.7967
898,901,0.527473,1604,1238,0.7718
901,898,0.527473,1604,1238,0.7718
898,902,0.446717,1825,1352,0.7408
902,898,0.446717,1825,1352,0.7408
898,903,0.528195,1968,1529,0.7769
903,898,0.528195,1968,1529,0.7769
898,904,0.596269,1898,1524,0.803
904,898,0.596269,1898,1524,0.803
898,905,0.472681,1520,1130,0.7434
905,898,0.472681,1520,1130,0.7434
898,906,0.366115,1566,1094,0.6986
906,898,0.366115,1566,1094,0.6986
898,907,0.412344,1960,1420,0.7245
907,898,0.412344,1960,1420,0.7245
898,908,0.138045,1855,1118,0.6027
908,898,0.138045,1855,1118,0.6027
898,909,0.165921,1959,1219,0.6223
909,898,0.165921,1959,1219,0.6223
898,910,0.182746,1741,1091,0.6267
910,898,0.182746,1741,1091,0.6267
898,911,0.213478,1820,1152,0.633
911,898,0.213478,1820,1152,0.633
898,912,0.174857,1877,1172,0.6244
912,898,0.174857,1877,1172,0.6244
898,913,0.167862,1817,1134,0.6241
913,898,0.167862,1817,1134,0.6241
898,914,0.166563,1813,1110,0.6122
914,898,0.166563,1813,1110,0.6122
898,915,0.473496,1863,1402,0.7525
915,898,0.473496,1863,1402,0.7525
898,917,0.452869,1738,1286,0.7399
917,898,0.452869,1738,1286,0.7399
898,918,0.640093,1929,1591,0.8248
918,898,0.640093,1929,1591,0.8248
898,919,0.616969,1952,1598,0.8186
919,898,0.616969,1952,1598,0.8186
898,920,0.450038,1845,1369,0.742
920,898,0.450038,1845,1369,0.742
898,921,0.308026,1740,1178,0.677
921,898,0.308026,1740,1178,0.677
898,922,0.492423,1786,1349,0.7553
922,898,0.492423,1786,1349,0.7553
898,923,0.365926,1951,1379,0.7068
923,898,0.365926,1951,1379,0.7068
898,924,0.572574,1890,1504,0.7958
924,898,0.572574,1890,1504,0.7958
898,925,0.275119,1892,1260,0.666
925,898,0.275119,1892,1260,0.666
898,926,0.369367,1743,1245,0.7143
926,898,0.369367,1743,1245,0.7143
898,927,0.569586,1841,1458,0.792
927,898,0.569586,1841,1458,0.792
898,928,0.483465,1850,1393,0.753
928,898,0.483465,1850,1393,0.753
898,929,0.35567,1751,1233,0.7042
929,898,0.35567,1751,1233,0.7042
898,930,0.199024,1907,1190,0.624
930,898,0.199024,1907,1190,0.624
898,931,0.274455,1381,911,0.6597
931,898,0.274455,1381,911,0.6597
898,932,0.552788,1872,1469,0.7847
932,898,0.552788,1872,1469,0.7847
898,933,0.556917,1570,1227,0.7815
933,898,0.556917,1570,1227,0.7815
898,934,0.189796,1904,1200,0.6303
934,898,0.189796,1904,1200,0.6303
898,935,0.153345,1861,1116,0.5997
935,898,0.153345,1861,1116,0.5997
898,936,-0.395285,9,3,0.3333
936,898,-0.395285,9,3,0.3333
898,937,0.195022,1885,1181,0.6265
937,898,0.195022,1885,1181,0.6265
898,938,0.117944,250,166,0.664
938,898,0.117944,250,166,0.664
898,939,0.537547,1932,1511,0.7821
939,898,0.537547,1932,1511,0.7821
898,940,0.40996,1727,1257,0.7279
940,898,0.40996,1727,1257,0.7279
898,941,0.46484,1651,1235,0.748
941,898,0.46484,1651,1235,0.748
898,942,0.448928,1852,1373,0.7414
942,898,0.448928,1852,1373,0.7414
898,943,0.675752,1782,1501,0.8423
943,898,0.675752,1782,1501,0.8423
898,944,0.657539,1665,1403,0.8426
944,898,0.657539,1665,1403,0.8426
898,945,0.675292,1728,1466,0.8484
945,898,0.675292,1728,1466,0.8484
898,946,0.642093,1737,1444,0.8313
946,898,0.642093,1737,1444,0.8313
898,947,0.564954,1543,1219,0.79
947,898,0.564954,1543,1219,0.79
898,948,0.231302,1507,966,0.641
948,898,0.231302,1507,966,0.641
898,949,0.532633,1830,1427,0.7798
949,898,0.532633,1830,1427,0.7798
898,950,0.470933,1834,1379,0.7519
950,898,0.470933,1834,1379,0.7519
898,951,0.15124,1761,1062,0.6031
951,898,0.15124,1761,1062,0.6031
898,952,0.498888,1767,1350,0.764
952,898,0.498888,1767,1350,0.764
898,953,0.37944,1871,1320,0.7055
953,898,0.37944,1871,1320,0.7055
898,954,0.656819,1581,1320,0.8349
954,898,0.656819,1581,1320,0.8349
898,955,0.484948,1747,1318,0.7544
955,898,0.484948,1747,1318,0.7544
898,956,0.606146,1797,1465,0.8152
956,898,0.606146,1797,1465,0.8152
898,957,0.456842,1835,1359,0.7406
957,898,0.456842,1835,1359,0.7406
898,958,0.303991,1705,1155,0.6774
958,898,0.303991,1705,1155,0.6774
898,959,0.160782,1904,1174,0.6166
959,898,0.160782,1904,1174,0.6166
898,960,0.184786,1834,1140,0.6216
960,898,0.184786,1834,1140,0.6216
898,961,0.526891,1749,1355,0.7747
961,898,0.526891,1749,1355,0.7747
898,962,0.700787,1715,1468,0.856
962,898,0.700787,1715,1468,0.856
898,963,0.463631,1829,1368,0.7479
963,898,0.463631,1829,1368,0.7479
898,964,0.612879,1730,1418,0.8197
964,898,0.612879,1730,1418,0.8197
898,965,0.629449,1788,1473,0.8238
965,898,0.629449,1788,1473,0.8238
898,966,0.665415,1691,1419,0.8391
966,898,0.665415,1691,1419,0.8391
898,967,0.49387,1797,1363,0.7585
967,898,0.49387,1797,1363,0.7585
898,969,0.446241,1924,1419,0.7375
969,898,0.446241,1924,1419,0.7375
898,970,0.403985,1783,1299,0.7285
970,898,0.403985,1783,1299,0.7285
898,971,0.450813,1816,1351,0.7439
971,898,0.450813,1816,1351,0.7439
898,972,0.63554,1915,1576,0.823
972,898,0.63554,1915,1576,0.823
898,973,0.65088,1202,993,0.8261
973,898,0.65088,1202,993,0.8261
898,974,0.446315,1662,1218,0.7329
974,898,0.446315,1662,1218,0.7329
898,976,0.616248,1710,1393,0.8146
976,898,0.616248,1710,1393,0.8146
898,977,0.14378,1900,1163,0.6121
977,898,0.14378,1900,1163,0.6121
898,978,0.174756,1672,1024,0.6124
978,898,0.174756,1672,1024,0.6124
898,979,0.190941,50,38,0.76
979,898,0.190941,50,38,0.76
899,900,0.262953,2066,1429,0.6917
900,899,0.262953,2066,1429,0.6917
899,901,0.111188,1699,1009,0.5939
901,899,0.111188,1699,1009,0.5939
899,902,0.233855,2082,1445,0.694
902,899,0.233855,2082,1445,0.694
899,903,0.258618,2188,1537,0.7025
903,899,0.258618,2188,1537,0.7025
899,904,0.254468,1954,1346,0.6888
904,899,0.254468,1954,1346,0.6888
899,905,0.223206,1670,1122,0.6719
905,899,0.223206,1670,1122,0.6719
899,906,0.216037,1741,1147,0.6588
906,899,0.216037,1741,1147,0.6588
899,907,0.21331,2136,1455,0.6812
907,899,0.21331,2136,1455,0.6812
899,908,0.38084,2090,1565,0.7488
908,899,0.38084,2090,1565,0.7488
899,909,0.401205,2187,1658,0.7581
909,899,0.401205,2187,1658,0.7581
899,910,0.394276,1942,1459,0.7513
910,899,0.394276,1942,1459,0.7513
899,911,0.368114,2021,1480,0.7323
911,899,0.368114,2021,1480,0.7323
899,912,0.399016,2176,1646,0.7564
912,899,0.399016,2176,1646,0.7564
899,913,0.408144,2028,1546,0.7623
913,899,0.408144,2028,1546,0.7623
899,914,0.353482,1989,1436,0.722
914,899,0.353482,1989,1436,0.722
899,915,0.27871,2075,1460,0.7036
915,899,0.27871,2075,1460,0.7036
899,917,0.16073,1955,1255,0.6419
917,899,0.16073,1955,1255,0.6419
899,918,0.218638,2061,1400,0.6793
918,899,0.218638,2061,1400,0.6793
899,919,0.171353,2121,1377,0.6492
919,899,0.171353,2121,1377,0.6492
899,920,0.263998,2048,1440,0.7031
920,899,0.263998,2048,1440,0.7031
899,921,0.243149,1868,1311,0.7018
921,899,0.243149,1868,1311,0.7018
899,922,0.226801,1994,1354,0.679
922,899,0.226801,1994,1354,0.679
899,923,0.306934,2211,1613,0.7295
923,899,0.306934,2211,1613,0.7295
899,924,0.295503,2083,1498,0.7192
924,899,0.295503,2083,1498,0.7192
899,925,0.385685,2101,1597,0.7601
925,899,0.385685,2101,1597,0.7601
899,926,0.228182,1868,1322,0.7077
926,899,0.228182,1868,1322,0.7077
899,927,0.235152,2035,1410,0.6929
927,899,0.235152,2035,1410,0.6929
899,928,0.234633,1994,1370,0.6871
928,899,0.234633,1994,1370,0.6871
899,929,0.166236,1957,1294,0.6612
929,899,0.166236,1957,1294,0.6612
899,930,0.2156,2102,1374,0.6537
930,899,0.2156,2102,1374,0.6537
899,931,0.219876,1507,1005,0.6669
931,899,0.219876,1507,1005,0.6669
899,932,0.252434,2131,1479,0.694
932,899,0.252434,2131,1479,0.694
899,933,0.157114,1705,1079,0.6328
933,899,0.157114,1705,1079,0.6328
899,934,0.366388,2074,1543,0.744
934,899,0.366388,2074,1543,0.744
899,935,0.312366,2051,1421,0.6928
935,899,0.312366,2051,1421,0.6928
899,936,1.0,14,14,1.0
936,899,1.0,14,14,1.0
899,937,0.443684,2083,1599,0.7676
937,899,0.443684,2083,1599,0.7676
899,938,0.541672,293,244,0.8328
938,899,0.541672,293,244,0.8328
899,939,0.233811,2129,1448,0.6801
939,899,0.233811,2129,1448,0.6801
899,940,0.235612,1938,1311,0.6765
940,899,0.235612,1938,1311,0.6765
899,941,0.234796,1857,1257,0.6769
941,899,0.234796,1857,1257,0.6769
899,942,0.224035,2068,1383,0.6688
942,899,0.224035,2068,1383,0.6688
899,943,0.263021,1941,1296,0.6677
943,899,0.263021,1941,1296,0.6677
899,944,0.247124,1848,1240,0.671
944,899,0.247124,1848,1240,0.671
899,945,0.202683,1946,1287,0.6614
945,899,0.202683,1946,1287,0.6614
899,946,0.255392,1854,1238,0.6677
946,899,0.255392,1854,1238,0.6677
899,947,0.145019,1765,1123,0.6363
947,899,0.145019,1765,1123,0.6363
899,948,0.216902,1721,1132,0.6578
948,899,0.216902,1721,1132,0.6578
899,949,0.21428,1949,1297,0.6655
949,899,0.21428,1949,1297,0.6655
899,950,0.241517,2046,1412,0.6901
950,899,0.241517,2046,1412,0.6901
899,951,0.391052,1944,1444,0.7428
951,899,0.391052,1944,1444,0.7428
899,952,0.223594,1952,1334,0.6834
952,899,0.223594,1952,1334,0.6834
899,953,0.24048,2034,1422,0.6991
953,899,0.24048,2034,1422,0.6991
899,954,0.18229,1763,1133,0.6427
954,899,0.18229,1763,1133,0.6427
899,955,0.14339,1902,1181,0.6209
955,899,0.14339,1902,1181,0.6209
899,956,0.160865,1981,1296,0.6542
956,899,0.160865,1981,1296,0.6542
899,957,0.200795,2006,1342,0.669
957,899,0.200795,2006,1342,0.669
899,958,0.167048,1872,1231,0.6576
958,899,0.167048,1872,1231,0.6576
899,959,0.392272,2124,1599,0.7528
959,899,0.392272,2124,1599,0.7528
899,960,0.414067,2036,1534,0.7534
960,899,0.414067,2036,1534,0.7534
899,961,0.190801,1964,1309,0.6665
961,899,0.190801,1964,1309,0.6665
899,962,0.29851,1897,1297,0.6837
962,899,0.29851,1897,1297,0.6837
899,963,0.28774,2007,1441,0.718
963,899,0.28774,2007,1441,0.718
899,964,0.178553,1924,1252,0.6507
964,899,0.178553,1924,1252,0.6507
899,965,0.223026,2012,1379,0.6854
965,899,0.223026,2012,1379,0.6854
899,966,0.277701,1903,1270,0.6674
966,899,0.277701,1903,1270,0.6674
899,967,0.181721,1963,1301,0.6628
967,899,0.181721,1963,1301,0.6628
899,969,0.27,2210,1588,0.7186
969,899,0.27,2210,1588,0.7186
899,970,0.192956,1978,1370,0.6926
970,899,0.192956,1978,1370,0.6926
899,971,0.291766,1991,1427,0.7167
971,899,0.291766,1991,1427,0.7167
899,972,0.255387,1937,1341,0.6923
972,899,0.255387,1937,1341,0.6923
899,973,0.248812,1280,820,0.6406
973,899,0.248812,1280,820,0.6406
899,974,0.206307,1774,1175,0.6623
974,899,0.206307,1774,1175,0.6623
899,976,0.113541,1889,1145,0.6061
976,899,0.113541,1889,1145,0.6061
899,977,0.360407,2172,1607,0.7399
977,899,0.360407,2172,1607,0.7399
899,978,0.327934,1857,1341,0.7221
978,899,0.327934,1857,1341,0.7221
899,979,0.042258,52,40,0.7692
979,899,0.042258,52,40,0.7692
900,901,0.629716,1856,1551,0.8357
901,900,0.629716,1856,1551,0.8357
900,902,0.675897,2133,1876,0.8795
902,900,0.675897,2133,1876,0.8795
900,903,0.719551,2247,2009,0.8941
903,900,0.719551,2247,2009,0.8941
900,904,0.807348,2111,1955,0.9261
904,900,0.807348,2111,1955,0.9261
900,905,0.663479,1783,1544,0.866
905,900,0.663479,1783,1544,0.866
900,906,0.587914,1802,1494,0.8291
906,900,0.587914,1802,1494,0.8291
900,907,0.631069,2210,1903,0.8611
907,900,0.631069,2210,1903,0.8611
900,908,0.3898,2181,1664,0.763
908,900,0.3898,2181,1664,0.763
900,909,0.427821,2253,1756,0.7794
909,900,0.427821,2253,1756,0.7794
900,910,0.400722,2008,1532,0.7629
910,900,0.400722,2008,1532,0.7629
900,911,0.432014,2098,1614,0.7693
911,900,0.432014,2098,1614,0.7693
900,912,0.406534,2192,1687,0.7696
912,900,0.406534,2192,1687,0.7696
900,913,0.397077,2066,1583,0.7662
913,900,0.397077,2066,1583,0.7662
900,914,0.364706,2067,1531,0.7407
914,900,0.364706,2067,1531,0.7407
900,915,0.694484,2134,1882,0.8819
915,900,0.694484,2134,1882,0.8819
900,917,0.471617,2041,1603,0.7854
917,900,0.471617,2041,1603,0.7854
900,918,0.746708,2176,1964,0.9026
918,900,0.746708,2176,1964,0.9026
900,919,0.68359,2233,1951,0.8737
919,900,0.68359,2233,1951,0.8737
900,920,0.651851,2122,1844,0.869
920,900,0.651851,2122,1844,0.869
900,921,0.540454,1999,1665,0.8329
921,900,0.540454,1999,1665,0.8329
900,922,0.701843,2056,1818,0.8842
922,900,0.701843,2056,1818,0.8842
900,923,0.532946,2252,1864,0.8277
923,900,0.532946,2252,1864,0.8277
900,924,0.765009,2169,1980,0.9129
924,900,0.765009,2169,1980,0.9129
900,925,0.437198,2197,1744,0.7938
925,900,0.437198,2197,1744,0.7938
900,926,0.59791,1932,1670,0.8644
926,900,0.59791,1932,1670,0.8644
900,927,0.756997,2156,1962,0.91
927,900,0.756997,2156,1962,0.91
900,928,0.692102,2087,1843,0.8831
928,900,0.692102,2087,1843,0.8831
900,929,0.534694,2014,1664,0.8262
929,900,0.534694,2014,1664,0.8262
900,930,0.389153,2169,1606,0.7404
930,900,0.389153,2169,1606,0.7404
900,931,0.468883,1579,1240,0.7853
931,900,0.468883,1579,1240,0.7853
900,932,0.749884,2167,1956,0.9026
932,900,0.749884,2167,1956,0.9026
900,933,0.44891,1811,1391,0.7681
933,900,0.44891,1811,1391,0.7681
900,934,0.437161,2147,1684,0.7844
934,900,0.437161,2147,1684,0.7844
900,935,0.360632,2086,1509,0.7234
935,900,0.360632,2086,1509,0.7234
900,936,-0.175412,14,9,0.6429
936,900,-0.175412,14,9,0.6429
900,937,0.380258,2179,1638,0.7517
937,900,0.380258,2179,1638,0.7517
900,938,0.528962,344,288,0.8372
938,900,0.528962,344,288,0.8372
900,939,0.704252,2195,1938,0.8829
939,900,0.704252,2195,1938,0.8829
900,940,0.473773,2028,1600,0.789
940,900,0.473773,2028,1600,0.789
900,941,0.573536,1905,1581,0.8299
941,900,0.573536,1905,1581,0.8299
900,942,0.66075,2145,1845,0.8601
942,900,0.66075,2145,1845,0.8601
900,943,0.511413,1995,1549,0.7764
943,900,0.511413,1995,1549,0.7764
900,944,0.609962,1865,1549,0.8306
944,900,0.609962,1865,1549,0.8306
900,945,0.687349,1998,1744,0.8729
945,900,0.687349,1998,1744,0.8729
900,946,0.489271,1951,1507,0.7724
946,900,0.489271,1951,1507,0.7724
900,947,0.532624,1809,1463,0.8087
947,900,0.532624,1809,1463,0.8087
900,948,0.431448,1790,1372,0.7665
948,900,0.431448,1790,1372,0.7665
900,949,0.679578,2060,1796,0.8718
949,900,0.679578,2060,1796,0.8718
900,950,0.674502,2129,1862,0.8746
950,900,0.674502,2129,1862,0.8746
900,951,0.378244,2034,1517,0.7458
951,900,0.378244,2034,1517,0.7458
900,952,0.561839,2054,1696,0.8257
952,900,0.561839,2054,1696,0.8257
900,953,0.567343,2135,1798,0.8422
953,900,0.567343,2135,1798,0.8422
900,954,0.628342,1827,1543,0.8446
954,900,0.628342,1827,1543,0.8446
900,955,0.648308,2027,1728,0.8525
955,900,0.648308,2027,1728,0.8525
900,956,0.620625,2029,1729,0.8521
956,900,0.620625,2029,1729,0.8521
900,957,0.629657,2109,1808,0.8573
957,900,0.629657,2109,1808,0.8573
900,958,0.428315,1953,1514,0.7752
958,900,0.428315,1953,1514,0.7752
900,959,0.412115,2234,1726,0.7726
959,900,0.412115,2234,1726,0.7726
900,960,0.398553,2104,1597,0.759
960,900,0.398553,2104,1597,0.759
900,961,0.670264,2051,1791,0.8732
961,900,0.670264,2051,1791,0.8732
900,962,0.506165,1973,1531,0.776
962,900,0.506165,1973,1531,0.776
900,963,0.676501,2080,1822,0.876
963,900,0.676501,2080,1822,0.876
900,964,0.624109,1965,1665,0.8473
964,900,0.624109,1965,1665,0.8473
900,965,0.652979,2101,1808,0.8605
965,900,0.652979,2101,1808,0.8605
900,966,0.507564,1916,1485,0.7751
966,900,0.507564,1916,1485,0.7751
900,967,0.669167,2075,1813,0.8737
967,900,0.669167,2075,1813,0.8737
900,969,0.687462,2230,1973,0.8848
969,900,0.687462,2230,1973,0.8848
900,970,0.634988,2039,1781,0.8735
970,900,0.634988,2039,1781,0.8735
900,971,0.681524,2052,1804,0.8791
971,900,0.681524,2052,1804,0.8791
900,972,0.798599,2064,1907,0.9239
972,900,0.798599,2064,1907,0.9239
900,973,0.411967,1340,971,0.7246
973,900,0.411967,1340,971,0.7246
900,974,0.664033,1900,1651,0.8689
974,900,0.664033,1900,1651,0.8689
900,976,0.667568,1958,1679,0.8575
976,900,0.667568,1958,1679,0.8575
900,977,0.387901,2201,1671,0.7592
977,900,0.387901,2201,1671,0.7592
900,978,0.397966,1877,1427,0.7603
978,900,0.397966,1877,1427,0.7603
900,979,-0.065986,56,49,0.875
979,900,-0.065986,56,49,0.875
901,902,0.538407,1809,1438,0.7949
902,901,0.538407,1809,1438,0.7949
901,903,0.576852,1888,1534,0.8125
903,901,0.576852,1888,1534,0.8125
901,904,0.629841,1776,1482,0.8345
904,901,0.629841,1776,1482,0.8345
901,905,0.582673,1551,1261,0.813
905,901,0.582673,1551,1261,0.813
901,906,0.46345,1582,1194,0.7547
906,901,0.46345,1582,1194,0.7547
901,907,0.490883,1838,1431,0.7786
907,901,0.490883,1838,1431,0.7786
901,908,0.222094,1851,1225,0.6618
908,901,0.222094,1851,1225,0.6618
901,909,0.227599,1865,1236,0.6627
909,901,0.227599,1865,1236,0.6627
901,910,0.251017,1696,1137,0.6704
910,901,0.251017,1696,1137,0.6704
901,911,0.2519,1782,1190,0.6678
911,901,0.2519,1782,1190,0.6678
901,912,0.219433,1848,1221,0.6607
912,901,0.219433,1848,1221,0.6607
901,913,0.23179,1742,1162,0.667
913,901,0.23179,1742,1162,0.667
901,914,0.248866,1730,1152,0.6659
914,901,0.248866,1730,1152,0.6659
901,915,0.551581,1839,1477,0.8032
915,901,0.551581,1839,1477,0.8032
901,917,0.427414,1703,1269,0.7452
917,901,0.427414,1703,1269,0.7452
901,918,0.650866,1847,1560,0.8446
918,901,0.650866,1847,1560,0.8446
901,919,0.63304,1877,1573,0.838
919,901,0.63304,1877,1573,0.838
901,920,0.498534,1838,1435,0.7807
920,901,0.498534,1838,1435,0.7807
901,921,0.399274,1709,1271,0.7437
921,901,0.399274,1709,1271,0.7437
901,922,0.566227,1723,1388,0.8056
922,901,0.566227,1723,1388,0.8056
901,923,0.384106,1866,1369,0.7337
923,901,0.384106,1866,1369,0.7337
901,924,0.579821,1788,1456,0.8143
924,901,0.579821,1788,1456,0.8143
901,925,0.290692,1854,1294,0.698
925,901,0.290692,1854,1294,0.698
901,926,0.443921,1648,1264,0.767
926,901,0.443921,1648,1264,0.767
901,927,0.616381,1817,1511,0.8316
927,901,0.616381,1817,1511,0.8316
901,928,0.549796,1783,1426,0.7998
928,901,0.549796,1783,1426,0.7998
901,929,0.429421,1723,1300,0.7545
929,901,0.429421,1723,1300,0.7545
901,930,0.3043,1809,1241,0.686
930,901,0.3043,1809,1241,0.686
901,931,0.369803,1379,994,0.7208
931,901,0.369803,1379,994,0.7208
901,932,0.593086,1813,1484,0.8185
932,901,0.593086,1813,1484,0.8185
901,933,0.46744,1593,1210,0.7596
933,901,0.46744,1593,1210,0.7596
901,934,0.245114,1817,1223,0.6731
934,901,0.245114,1817,1223,0.6731
901,935,0.218714,1746,1117,0.6397
935,901,0.218714,1746,1117,0.6397
901,936,-0.395285,9,3,0.3333
936,901,-0.395285,9,3,0.3333
901,937,0.194699,1813,1163,0.6415
937,901,0.194699,1813,1163,0.6415
901,938,0.133891,308,205,0.6656
938,901,0.133891,308,205,0.6656
901,939,0.591642,1867,1526,0.8174
939,901,0.591642,1867,1526,0.8174
901,940,0.386866,1742,1272,0.7302
940,901,0.386866,1742,1272,0.7302
901,941,0.464746,1688,1287,0.7624
941,901,0.464746,1688,1287,0.7624
901,942,0.548116,1828,1459,0.7981
942,901,0.548116,1828,1459,0.7981
901,943,0.569911,1751,1398,0.7984
943,901,0.569911,1751,1398,0.7984
901,944,0.660072,1612,1362,0.8449
944,901,0.660072,1612,1362,0.8449
901,945,0.721914,1778,1558,0.8763
945,901,0.721914,1778,1558,0.8763
901,946,0.541745,1693,1339,0.7909
946,901,0.541745,1693,1339,0.7909
901,947,0.599446,1592,1305,0.8197
947,901,0.599446,1592,1305,0.8197
901,948,0.265041,1550,1039,0.6703
948,901,0.265041,1550,1039,0.6703
901,949,0.560659,1763,1418,0.8043
949,901,0.560659,1763,1418,0.8043
901,950,0.559618,1808,1458,0.8064
950,901,0.559618,1808,1458,0.8064
901,951,0.212705,1712,1108,0.6472
951,901,0.212705,1712,1108,0.6472
901,952,0.499802,1743,1356,0.778
952,901,0.499802,1743,1356,0.778
901,953,0.447798,1822,1381,0.758
953,901,0.447798,1822,1381,0.758
901,954,0.655689,1669,1412,0.846
954,901,0.655689,1669,1412,0.846
901,955,0.56756,1727,1386,0.8025
955,901,0.56756,1727,1386,0.8025
901,956,0.638161,1808,1521,0.8413
956,901,0.638161,1808,1521,0.8413
901,957,0.534545,1784,1417,0.7943
957,901,0.534545,1784,1417,0.7943
901,958,0.3537,1698,1224,0.7208
958,901,0.3537,1698,1224,0.7208
901,959,0.236563,1842,1227,0.6661
959,901,0.236563,1842,1227,0.6661
901,960,0.232494,1768,1166,0.6595
960,901,0.232494,1768,1166,0.6595
901,961,0.560858,1766,1426,0.8075
961,901,0.560858,1766,1426,0.8075
901,962,0.560901,1763,1404,0.7964
962,901,0.560901,1763,1404,0.7964
901,963,0.538983,1751,1388,0.7927
963,901,0.538983,1751,1388,0.7927
901,964,0.598133,1671,1376,0.8235
964,901,0.598133,1671,1376,0.8235
901,965,0.558095,1770,1426,0.8056
965,901,0.558095,1770,1426,0.8056
901,966,0.572785,1739,1389,0.7987
966,901,0.572785,1739,1389,0.7987
901,967,0.541649,1797,1440,0.8013
967,901,0.541649,1797,1440,0.8013
901,969,0.518497,1867,1470,0.7874
969,901,0.518497,1867,1470,0.7874
901,970,0.50467,1746,1377,0.7887
970,901,0.50467,1746,1377,0.7887
901,971,0.548515,1746,1399,0.8013
971,901,0.548515,1746,1399,0.8013
901,972,0.631398,1742,1457,0.8364
972,901,0.631398,1742,1457,0.8364
901,973,0.499448,1276,973,0.7625
973,901,0.499448,1276,973,0.7625
901,974,0.532651,1641,1304,0.7946
974,901,0.532651,1641,1304,0.7946
901,976,0.580394,1652,1339,0.8105
976,901,0.580394,1652,1339,0.8105
901,977,0.212432,1809,1187,0.6562
977,901,0.212432,1809,1187,0.6562
901,978,0.255957,1536,1027,0.6686
978,901,0.255957,1536,1027,0.6686
901,979,0.009213,62,42,0.6774
979,901,0.009213,62,42,0.6774
902,903,0.622524,2278,1976,0.8674
903,902,0.622524,2278,1976,0.8674
902,904,0.648371,2030,1771,0.8724
904,902,0.648371,2030,1771,0.8724
902,905,0.621511,1709,1465,0.8572
905,902,0.621511,1709,1465,0.8572
902,906,0.563414,1797,1481,0.8242
906,902,0.563414,1797,1481,0.8242
902,907,0.654031,2215,1947,0.879
907,902,0.654031,2215,1947,0.879
902,908,0.406469,2174,1703,0.7833
908,902,0.406469,2174,1703,0.7833
902,909,0.403606,2235,1748,0.7821
909,902,0.403606,2235,1748,0.7821
902,910,0.397359,2034,1574,0.7738
910,902,0.397359,2034,1574,0.7738
902,911,0.396532,2078,1595,0.7676
911,902,0.396532,2078,1595,0.7676
902,912,0.402565,2196,1716,0.7814
912,902,0.402565,2196,1716,0.7814
902,913,0.428598,2057,1630,0.7924
913,902,0.428598,2057,1630,0.7924
902,914,0.364914,2050,1535,0.7488
914,902,0.364914,2050,1535,0.7488
902,915,0.611238,2145,1838,0.8569
915,902,0.611238,2145,1838,0.8569
902,917,0.382918,2019,1524,0.7548
917,902,0.382918,2019,1524,0.7548
902,918,0.632153,2128,1843,0.8661
918,902,0.632153,2128,1843,0.8661
902,919,0.56715,2208,1841,0.8338
919,902,0.56715,2208,1841,0.8338
902,920,0.579067,2115,1805,0.8534
920,902,0.579067,2115,1805,0.8534
902,921,0.460251,1960,1606,0.8194
921,902,0.460251,1960,1606,0.8194
902,922,0.614629,2084,1792,0.8599
922,902,0.614629,2084,1792,0.8599
902,923,0.592213,2277,1962,0.8617
923,902,0.592213,2277,1962,0.8617
902,924,0.612852,2143,1856,0.8661
924,902,0.612852,2143,1856,0.8661
902,925,0.410699,2195,1763,0.8032
925,902,0.410699,2195,1763,0.8032
902,926,0.680507,1960,1758,0.8969
926,902,0.680507,1960,1758,0.8969
902,927,0.68046,2133,1899,0.8903
927,902,0.68046,2133,1899,0.8903
902,928,0.636919,2044,1780,0.8708
928,902,0.636919,2044,1780,0.8708
902,929,0.64308,2053,1789,0.8714
929,902,0.64308,2053,1789,0.8714
902,930,0.452636,2157,1662,0.7705
930,902,0.452636,2157,1662,0.7705
902,931,0.512335,1609,1293,0.8036
931,902,0.512335,1609,1293,0.8036
902,932,0.653932,2169,1896,0.8741
932,902,0.653932,2169,1896,0.8741
902,933,0.405169,1800,1364,0.7578
933,902,0.405169,1800,1364,0.7578
902,934,0.418539,2144,1694,0.7901
934,902,0.418539,2144,1694,0.7901
902,935,0.34998,2085,1505,0.7218
935,902,0.34998,2085,1505,0.7218
902,936,1.0,14,14,1.0
936,902,1.0,14,14,1.0
902,937,0.372123,2144,1625,0.7579
937,902,0.372123,2144,1625,0.7579
902,938,0.505228,312,261,0.8365
938,902,0.505228,312,261,0.8365
902,939,0.576254,2207,1851,0.8387
939,902,0.576254,2207,1851,0.8387
902,940,0.425,1994,1552,0.7783
940,902,0.425,1994,1552,0.7783
902,941,0.524639,1958,1605,0.8197
941,902,0.524639,1958,1605,0.8197
902,942,0.554225,2150,1772,0.8242
942,902,0.554225,2150,1772,0.8242
902,943,0.471887,2005,1524,0.7601
943,902,0.471887,2005,1524,0.7601
902,944,0.526051,1856,1482,0.7985
944,902,0.526051,1856,1482,0.7985
902,945,0.628153,2002,1713,0.8556
945,902,0.628153,2002,1713,0.8556
902,946,0.477553,1920,1477,0.7693
946,902,0.477553,1920,1477,0.7693
902,947,0.47242,1778,1412,0.7942
947,902,0.47242,1778,1412,0.7942
902,948,0.363896,1715,1280,0.7464
948,902,0.363896,1715,1280,0.7464
902,949,0.553765,2043,1686,0.8253
949,902,0.553765,2043,1686,0.8253
902,950,0.610366,2146,1845,0.8597
950,902,0.610366,2146,1845,0.8597
902,951,0.382297,2013,1526,0.7581
951,902,0.382297,2013,1526,0.7581
902,952,0.503596,2024,1636,0.8083
952,902,0.503596,2024,1636,0.8083
902,953,0.462518,2127,1742,0.819
953,902,0.462518,2127,1742,0.819
902,954,0.536176,1803,1458,0.8087
954,902,0.536176,1803,1458,0.8087
902,955,0.520311,1999,1596,0.7984
955,902,0.520311,1999,1596,0.7984
902,956,0.543678,2064,1718,0.8324
956,902,0.543678,2064,1718,0.8324
902,957,0.592703,2080,1762,0.8471
957,902,0.592703,2080,1762,0.8471
902,958,0.379238,1945,1502,0.7722
958,902,0.379238,1945,1502,0.7722
902,959,0.411842,2170,1693,0.7802
959,902,0.411842,2170,1693,0.7802
902,960,0.410726,2119,1638,0.773
960,902,0.410726,2119,1638,0.773
902,961,0.567878,2079,1756,0.8446
961,902,0.567878,2079,1756,0.8446
902,962,0.455396,1950,1475,0.7564
962,902,0.455396,1950,1475,0.7564
902,963,0.631986,2063,1792,0.8686
963,902,0.631986,2063,1792,0.8686
902,964,0.534597,1941,1590,0.8192
964,902,0.534597,1941,1590,0.8192
902,965,0.576739,2076,1730,0.8333
965,902,0.576739,2076,1730,0.8333
902,966,0.435479,1934,1432,0.7404
966,902,0.435479,1934,1432,0.7404
902,967,0.568591,2037,1724,0.8463
967,902,0.568591,2037,1724,0.8463
902,969,0.604827,2252,1958,0.8694
969,902,0.604827,2252,1958,0.8694
902,970,0.627968,2041,1791,0.8775
970,902,0.627968,2041,1791,0.8775
902,971,0.600665,2090,1795,0.8589
971,902,0.600665,2090,1795,0.8589
902,972,0.625013,2011,1739,0.8647
972,902,0.625013,2011,1739,0.8647
902,973,0.391774,1317,945,0.7175
973,902,0.391774,1317,945,0.7175
902,974,0.576286,1887,1594,0.8447
974,902,0.576286,1887,1594,0.8447
902,976,0.556118,1931,1573,0.8146
976,902,0.556118,1931,1573,0.8146
902,977,0.370521,2200,1680,0.7636
977,902,0.370521,2200,1680,0.7636
902,978,0.382843,1896,1459,0.7695
978,902,0.382843,1896,1459,0.7695
902,979,-0.00444,64,49,0.7656
979,902,-0.00444,64,49,0.7656
903,904,0.721014,2164,1942,0.8974
904,903,0.721014,2164,1942,0.8974
903,905,0.662899,1803,1564,0.8674
905,903,0.662899,1803,1564,0.8674
903,906,0.585679,1830,1516,0.8284
906,903,0.585679,1830,1516,0.8284
903,907,0.608116,2341,2019,0.8625
907,903,0.608116,2341,2019,0.8625
903,908,0.419273,2290,1792,0.7825
908,903,0.419273,2290,1792,0.7825
903,909,0.451182,2392,1909,0.7981
909,903,0.451182,2392,1909,0.7981
903,910,0.411384,2099,1625,0.7742
910,903,0.411384,2099,1625,0.7742
903,911,0.438688,2231,1741,0.7804
911,903,0.438688,2231,1741,0.7804
903,912,0.426873,2317,1823,0.7868
912,903,0.426873,2317,1823,0.7868
903,913,0.429432,2185,1721,0.7876
913,903,0.429432,2185,1721,0.7876
903,914,0.379236,2171,1630,0.7508
914,903,0.379236,2171,1630,0.7508
903,915,0.746906,2283,2068,0.9058
915,903,0.746906,2283,2068,0.9058
903,917,0.564712,2147,1776,0.8272
917,903,0.564712,2147,1776,0.8272
903,918,0.70857,2237,1997,0.8927
918,903,0.70857,2237,1997,0.8927
903,919,0.640341,2321,1995,0.8595
919,903,0.640341,2321,1995,0.8595
903,920,0.711192,2286,2049,0.8963
920,903,0.711192,2286,2049,0.8963
903,921,0.498479,2068,1710,0.8269
921,903,0.498479,2068,1710,0.8269
903,922,0.817432,2224,2072,0.9317
922,903,0.817432,2224,2072,0.9317
903,923,0.480645,2388,1954,0.8183
923,903,0.480645,2388,1954,0.8183
903,924,0.683698,2277,2025,0.8893
924,903,0.683698,2277,2025,0.8893
903,925,0.469529,2290,1871,0.817
925,903,0.469529,2290,1871,0.817
903,926,0.583672,2049,1780,0.8687
926,903,0.583672,2049,1780,0.8687
903,927,0.747899,2241,2040,0.9103
927,903,0.747899,2241,2040,0.9103
903,928,0.718779,2173,1949,0.8969
928,903,0.718779,2173,1949,0.8969
903,929,0.474913,2127,1715,0.8063
929,903,0.474913,2127,1715,0.8063
903,930,0.330436,2289,1643,0.7178
930,903,0.330436,2289,1643,0.7178
903,931,0.4511,1641,1277,0.7782
931,903,0.4511,1641,1277,0.7782
903,932,0.736026,2293,2069,0.9023
932,903,0.736026,2293,2069,0.9023
903,933,0.436928,1853,1417,0.7647
933,903,0.436928,1853,1417,0.7647
903,934,0.463072,2296,1843,0.8027
934,903,0.463072,2296,1843,0.8027
903,935,0.35818,2238,1623,0.7252
935,903,0.35818,2238,1623,0.7252
903,936,1.0,14,14,1.0
936,903,1.0,14,14,1.0
903,937,0.389431,2265,1724,0.7611
937,903,0.389431,2265,1724,0.7611
903,938,0.526475,351,295,0.8405
938,903,0.526475,351,295,0.8405
903,939,0.705373,2336,2069,0.8857
939,903,0.705373,2336,2069,0.8857
903,940,0.491503,2091,1676,0.8015
940,903,0.491503,2091,1676,0.8015
903,941,0.604518,2016,1708,0.8472
941,903,0.604518,2016,1708,0.8472
903,942,0.713326,2268,2008,0.8854
942,903,0.713326,2268,2008,0.8854
903,943,0.440635,2116,1573,0.7434
943,903,0.440635,2116,1573,0.7434
903,944,0.583078,1984,1631,0.8221
944,903,0.583078,1984,1631,0.8221
903,945,0.664834,2108,1828,0.8672
945,903,0.664834,2108,1828,0.8672
903,946,0.476989,2039,1568,0.769
946,903,0.476989,2039,1568,0.769
903,947,0.491437,1871,1491,0.7969
947,903,0.491437,1871,1491,0.7969
903,948,0.417403,1812,1387,0.7655
948,903,0.417403,1812,1387,0.7655
903,949,0.715635,2166,1920,0.8864
949,903,0.715635,2166,1920,0.8864
903,950,0.646148,2241,1946,0.8684
950,903,0.646148,2241,1946,0.8684
903,951,0.393842,2141,1624,0.7585
951,903,0.393842,2141,1624,0.7585
903,952,0.531384,2125,1736,0.8169
952,903,0.531384,2125,1736,0.8169
903,953,0.56102,2247,1906,0.8482
953,903,0.56102,2247,1906,0.8482
903,954,0.593725,1881,1563,0.8309
954,903,0.593725,1881,1563,0.8309
903,955,0.581396,2089,1721,0.8238
955,903,0.581396,2089,1721,0.8238
903,956,0.568523,2167,1816,0.838
956,903,0.568523,2167,1816,0.838
903,957,0.569447,2194,1835,0.8364
957,903,0.569447,2194,1835,0.8364
903,958,0.436406,2067,1624,0.7857
958,903,0.436406,2067,1624,0.7857
903,959,0.426215,2310,1812,0.7844
959,903,0.426215,2310,1812,0.7844
903,960,0.424874,2227,1727,0.7755
960,903,0.424874,2227,1727,0.7755
903,961,0.651385,2170,1891,0.8714
961,903,0.651385,2170,1891,0.8714
903,962,0.473877,2045,1562,0.7638
962,903,0.473877,2045,1562,0.7638
903,963,0.650918,2180,1899,0.8711
963,903,0.650918,2180,1899,0.8711
903,964,0.584437,2059,1722,0.8363
964,903,0.584437,2059,1722,0.8363
903,965,0.596107,2182,1836,0.8414
965,903,0.596107,2182,1836,0.8414
903,966,0.446022,2041,1518,0.7438
966,903,0.446022,2041,1518,0.7438
903,967,0.686384,2165,1916,0.885
967,903,0.686384,2165,1916,0.885
903,969,0.666008,2373,2099,0.8845
969,903,0.666008,2373,2099,0.8845
903,970,0.548031,2160,1833,0.8486
970,903,0.548031,2160,1833,0.8486
903,971,0.740643,2189,1984,0.9063
971,903,0.740643,2189,1984,0.9063
903,972,0.733213,2139,1929,0.9018
972,903,0.733213,2139,1929,0.9018
903,973,0.372162,1360,960,0.7059
973,903,0.372162,1360,960,0.7059
903,974,0.674796,1979,1738,0.8782
974,903,0.674796,1979,1738,0.8782
903,976,0.589086,2040,1682,0.8245
976,903,0.589086,2040,1682,0.8245
903,977,0.416861,2346,1836,0.7826
977,903,0.416861,2346,1836,0.7826
903,978,0.402634,2001,1548,0.7736
978,903,0.402634,2001,1548,0.7736
903,979,0.404072,75,66,0.88
979,903,0.404072,75,66,0.88
904,905,0.645617,1656,1421,0.8581
905,904,0.645617,1656,1421,0.8581
904,906,0.553921,1726,1404,0.8134
906,904,0.553921,1726,1404,0.8134
904,907,0.578159,2153,1821,0.8458
907,904,0.578159,2153,1821,0.8458
904,908,0.36178,2073,1573,0.7588
908,904,0.36178,2073,1573,0.7588
904,909,0.381106,2143,1646,0.7681
909,904,0.381106,2143,1646,0.7681
904,910,0.368172,1936,1462,0.7552
910,904,0.368172,1936,1462,0.7552
904,911,0.383424,2003,1515,0.7564
911,904,0.383424,2003,1515,0.7564
904,912,0.367507,2078,1580,0.7603
912,904,0.367507,2078,1580,0.7603
904,913,0.368196,1994,1519,0.7618
913,904,0.368196,1994,1519,0.7618
904,914,0.32757,1954,1425,0.7293
914,904,0.32757,1954,1425,0.7293
904,915,0.673128,2054,1797,0.8749
915,904,0.673128,2054,1797,0.8749
904,917,0.503915,1929,1546,0.8015
917,904,0.503915,1929,1546,0.8015
904,918,0.836498,2097,1968,0.9385
918,904,0.836498,2097,1968,0.9385
904,919,0.763134,2147,1944,0.9054
919,904,0.763134,2147,1944,0.9054
904,920,0.658542,2040,1786,0.8755
920,904,0.658542,2040,1786,0.8755
904,921,0.495049,1897,1554,0.8192
921,904,0.495049,1897,1554,0.8192
904,922,0.693773,1995,1761,0.8827
922,904,0.693773,1995,1761,0.8827
904,923,0.516758,2146,1773,0.8262
923,904,0.516758,2146,1773,0.8262
904,924,0.810275,2079,1938,0.9322
924,904,0.810275,2079,1938,0.9322
904,925,0.423885,2084,1660,0.7965
925,904,0.423885,2084,1660,0.7965
904,926,0.569268,1905,1637,0.8593
926,904,0.569268,1905,1637,0.8593
904,927,0.77001,2037,1867,0.9165
927,904,0.77001,2037,1867,0.9165
904,928,0.67807,2047,1806,0.8823
928,904,0.67807,2047,1806,0.8823
904,929,0.521338,1951,1608,0.8242
929,904,0.521338,1951,1608,0.8242
904,930,0.3574,2081,1524,0.7323
930,904,0.3574,2081,1524,0.7323
904,931,0.414868,1535,1171,0.7629
931,904,0.414868,1535,1171,0.7629
904,932,0.7492,2058,1860,0.9038
932,904,0.7492,2058,1860,0.9038
904,933,0.502305,1727,1367,0.7915
933,904,0.502305,1727,1367,0.7915
904,934,0.383683,2071,1595,0.7702
934,904,0.383683,2071,1595,0.7702
904,935,0.311993,2016,1422,0.7054
935,904,0.311993,2016,1422,0.7054
904,936,-0.228218,13,7,0.5385
936,904,-0.228218,13,7,0.5385
904,937,0.340684,2054,1519,0.7395
937,904,0.340684,2054,1519,0.7395
904,938,0.377522,314,245,0.7803
938,904,0.377522,314,245,0.7803
904,939,0.722789,2092,1862,0.8901
939,904,0.722789,2092,1862,0.8901
904,940,0.478092,1894,1503,0.7936
940,904,0.478092,1894,1503,0.7936
904,941,0.570162,1812,1504,0.83
941,904,0.570162,1812,1504,0.83
904,942,0.610435,2082,1748,0.8396
942,904,0.610435,2082,1748,0.8396
904,943,0.53791,1903,1484,0.7798
943,904,0.53791,1903,1484,0.7798
904,944,0.642525,1796,1516,0.8441
944,904,0.642525,1796,1516,0.8441
904,945,0.735564,1916,1713,0.8941
945,904,0.735564,1916,1713,0.8941
904,946,0.553807,1882,1505,0.7997
946,904,0.553807,1882,1505,0.7997
904,947,0.544483,1704,1391,0.8163
947,904,0.544483,1704,1391,0.8163
904,948,0.419541,1694,1304,0.7698
948,904,0.419541,1694,1304,0.7698
904,949,0.69812,2011,1769,0.8797
949,904,0.69812,2011,1769,0.8797
904,950,0.654365,2027,1763,0.8698
950,904,0.654365,2027,1763,0.8698
904,951,0.33967,1942,1428,0.7353
951,904,0.33967,1942,1428,0.7353
904,952,0.575664,1945,1614,0.8298
952,904,0.575664,1945,1614,0.8298
904,953,0.557338,2080,1758,0.8452
953,904,0.557338,2080,1758,0.8452
904,954,0.676185,1721,1489,0.8652
954,904,0.676185,1721,1489,0.8652
904,955,0.664118,1939,1664,0.8582
955,904,0.664118,1939,1664,0.8582
904,956,0.626995,1974,1689,0.8556
956,904,0.626995,1974,1689,0.8556
904,957,0.623615,1990,1702,0.8553
957,904,0.623615,1990,1702,0.8553
904,958,0.404153,1843,1417,0.7689
958,904,0.404153,1843,1417,0.7689
904,959,0.365836,2095,1588,0.758
959,904,0.365836,2095,1588,0.758
904,960,0.355701,1989,1481,0.7446
960,904,0.355701,1989,1481,0.7446
904,961,0.682596,1954,1720,0.8802
961,904,0.682596,1954,1720,0.8802
904,962,0.545417,1872,1479,0.7901
962,904,0.545417,1872,1479,0.7901
904,963,0.652816,1981,1724,0.8703
963,904,0.652816,1981,1724,0.8703
904,964,0.660442,1897,1638,0.8635
964,904,0.660442,1897,1638,0.8635
904,965,0.698368,1944,1703,0.876
965,904,0.698368,1944,1703,0.876
904,966,0.51473,1839,1412,0.7678
966,904,0.51473,1839,1412,0.7678
904,967,0.664718,1972,1725,0.8747
967,904,0.664718,1972,1725,0.8747
904,969,0.678925,2111,1870,0.8858
969,904,0.678925,2111,1870,0.8858
904,970,0.623459,1941,1691,0.8712
970,904,0.623459,1941,1691,0.8712
904,971,0.682288,1987,1751,0.8812
971,904,0.682288,1987,1751,0.8812
904,972,0.892026,2039,1958,0.9603
972,904,0.892026,2039,1958,0.9603
904,973,0.436266,1329,979,0.7366
973,904,0.436266,1329,979,0.7366
904,974,0.680323,1802,1578,0.8757
974,904,0.680323,1802,1578,0.8757
904,976,0.720617,1886,1660,0.8802
976,904,0.720617,1886,1660,0.8802
904,977,0.340173,2081,1556,0.7477
977,904,0.340173,2081,1556,0.7477
904,978,0.364392,1809,1369,0.7568
978,904,0.364392,1809,1369,0.7568
904,979,-0.099627,70,57,0.8143
979,904,-0.099627,70,57,0.8143
905,906,0.55654,1461,1183,0.8097
906,905,0.55654,1461,1183,0.8097
905,907,0.525772,1785,1454,0.8146
907,905,0.525772,1785,1454,0.8146
905,908,0.359685,1743,1301,0.7464
908,905,0.359685,1743,1301,0.7464
905,909,0.376168,1793,1347,0.7513
909,905,0.376168,1793,1347,0.7513
905,910,0.355304,1601,1181,0.7377
910,905,0.355304,1601,1181,0.7377
905,911,0.374825,1654,1222,0.7388
911,905,0.374825,1654,1222,0.7388
905,912,0.344914,1776,1310,0.7376
912,905,0.344914,1776,1310,0.7376
905,913,0.374745,1672,1261,0.7542
913,905,0.374745,1672,1261,0.7542
905,914,0.368963,1666,1232,0.7395
914,905,0.368963,1666,1232,0.7395
905,915,0.624137,1731,1471,0.8498
915,905,0.624137,1731,1471,0.8498
905,917,0.458655,1601,1239,0.7739
917,905,0.458655,1601,1239,0.7739
905,918,0.643794,1791,1541,0.8604
918,905,0.643794,1791,1541,0.8604
905,919,0.605461,1776,1485,0.8361
919,905,0.605461,1776,1485,0.8361
905,920,0.58592,1686,1411,0.8369
920,905,0.58592,1686,1411,0.8369
905,921,0.497388,1633,1330,0.8145
921,905,0.497388,1633,1330,0.8145
905,922,0.655457,1694,1457,0.8601
922,905,0.655457,1694,1457,0.8601
905,923,0.487142,1806,1453,0.8045
923,905,0.487142,1806,1453,0.8045
905,924,0.61573,1706,1457,0.854
924,905,0.61573,1706,1457,0.854
905,925,0.430342,1758,1388,0.7895
925,905,0.430342,1758,1388,0.7895
905,926,0.556009,1588,1344,0.8463
926,905,0.556009,1588,1344,0.8463
905,927,0.70575,1735,1542,0.8888
927,905,0.70575,1735,1542,0.8888
905,928,0.643227,1711,1471,0.8597
928,905,0.643227,1711,1471,0.8597
905,929,0.539185,1615,1328,0.8223
929,905,0.539185,1615,1328,0.8223
905,930,0.343335,1740,1256,0.7218
930,905,0.343335,1740,1256,0.7218
905,931,0.474619,1353,1063,0.7857
931,905,0.474619,1353,1063,0.7857
905,932,0.632588,1721,1464,0.8507
932,905,0.632588,1721,1464,0.8507
905,933,0.416808,1506,1132,0.7517
933,905,0.416808,1506,1132,0.7517
905,934,0.366806,1711,1281,0.7487
934,905,0.366806,1711,1281,0.7487
905,935,0.32139,1687,1188,0.7042
935,905,0.32139,1687,1188,0.7042
905,936,1.0,14,14,1.0
936,905,1.0,14,14,1.0
905,937,0.355386,1745,1281,0.7341
937,905,0.355386,1745,1281,0.7341
905,938,0.463838,300,244,0.8133
938,905,0.463838,300,244,0.8133
905,939,0.633655,1751,1485,0.8481
939,905,0.633655,1751,1485,0.8481
905,940,0.3815,1623,1209,0.7449
940,905,0.3815,1623,1209,0.7449
905,941,0.519232,1544,1241,0.8038
941,905,0.519232,1544,1241,0.8038
905,942,0.598659,1723,1429,0.8294
942,905,0.598659,1723,1429,0.8294
905,943,0.479576,1607,1220,0.7592
943,905,0.479576,1607,1220,0.7592
905,944,0.596684,1507,1241,0.8235
944,905,0.596684,1507,1241,0.8235
905,945,0.642394,1599,1360,0.8505
945,905,0.642394,1599,1360,0.8505
905,946,0.504693,1609,1254,0.7794
946,905,0.504693,1609,1254,0.7794
905,947,0.508297,1505,1201,0.798
947,905,0.508297,1505,1201,0.798
905,948,0.357322,1505,1102,0.7322
948,905,0.357322,1505,1102,0.7322
905,949,0.62868,1642,1391,0.8471
949,905,0.62868,1642,1391,0.8471
905,950,0.769208,1724,1570,0.9107
950,905,0.769208,1724,1570,0.9107
905,951,0.33943,1594,1152,0.7227
951,905,0.33943,1594,1152,0.7227
905,952,0.522341,1671,1345,0.8049
952,905,0.522341,1671,1345,0.8049
905,953,0.515645,1683,1377,0.8182
953,905,0.515645,1683,1377,0.8182
905,954,0.585024,1502,1238,0.8242
954,905,0.585024,1502,1238,0.8242
905,955,0.570167,1595,1298,0.8138
955,905,0.570167,1595,1298,0.8138
905,956,0.584062,1653,1379,0.8342
956,905,0.584062,1653,1379,0.8342
905,957,0.576699,1711,1426,0.8334
957,905,0.576699,1711,1426,0.8334
905,958,0.371893,1572,1182,0.7519
958,905,0.371893,1572,1182,0.7519
905,959,0.382537,1764,1333,0.7557
959,905,0.382537,1764,1333,0.7557
905,960,0.412771,1670,1278,0.7653
960,905,0.412771,1670,1278,0.7653
905,961,0.603645,1635,1382,0.8453
961,905,0.603645,1635,1382,0.8453
905,962,0.47612,1611,1215,0.7542
962,905,0.47612,1611,1215,0.7542
905,963,0.715838,1661,1475,0.888
963,905,0.715838,1661,1475,0.888
905,964,0.581425,1615,1338,0.8285
964,905,0.581425,1615,1338,0.8285
905,965,0.554979,1684,1371,0.8141
965,905,0.554979,1684,1371,0.8141
905,966,0.488638,1566,1192,0.7612
966,905,0.488638,1566,1192,0.7612
905,967,0.617822,1670,1418,0.8491
967,905,0.617822,1670,1418,0.8491
905,969,0.761965,1822,1657,0.9094
969,905,0.761965,1822,1657,0.9094
905,970,0.543501,1625,1352,0.832
970,905,0.543501,1625,1352,0.832
905,971,0.604032,1647,1390,0.844
971,905,0.604032,1647,1390,0.844
905,972,0.655314,1626,1403,0.8629
972,905,0.655314,1626,1403,0.8629
905,973,0.412334,1176,854,0.7262
973,905,0.412334,1176,854,0.7262
905,974,0.570917,1527,1261,0.8258
974,905,0.570917,1527,1261,0.8258
905,976,0.561061,1627,1315,0.8082
976,905,0.561061,1627,1315,0.8082
905,977,0.324875,1749,1267,0.7244
977,905,0.324875,1749,1267,0.7244
905,978,0.347008,1483,1090,0.735
978,905,0.347008,1483,1090,0.735
905,979,0.248031,65,47,0.7231
979,905,0.248031,65,47,0.7231
906,907,0.501586,1807,1441,0.7975
907,906,0.501586,1807,1441,0.7975
906,908,0.410565,1794,1355,0.7553
908,906,0.410565,1794,1355,0.7553
906,909,0.448308,1842,1422,0.772
909,906,0.448308,1842,1422,0.772
906,910,0.434144,1642,1252,0.7625
910,906,0.434144,1642,1252,0.7625
906,911,0.417308,1716,1290,0.7517
911,906,0.417308,1716,1290,0.7517
906,912,0.419528,1782,1349,0.757
912,906,0.419528,1782,1349,0.757
906,913,0.425613,1660,1264,0.7614
913,906,0.425613,1660,1264,0.7614
906,914,0.418493,1672,1259,0.753
914,906,0.418493,1672,1259,0.753
906,915,0.559344,1748,1424,0.8146
915,906,0.559344,1748,1424,0.8146
906,917,0.467104,1631,1263,0.7744
917,906,0.467104,1631,1263,0.7744
906,918,0.526804,1799,1445,0.8032
918,906,0.526804,1799,1445,0.8032
906,919,0.484245,1816,1417,0.7803
919,906,0.484245,1816,1417,0.7803
906,920,0.553485,1735,1413,0.8144
920,906,0.553485,1735,1413,0.8144
906,921,0.46968,1623,1276,0.7862
921,906,0.46968,1623,1276,0.7862
906,922,0.571919,1702,1395,0.8196
922,906,0.571919,1702,1395,0.8196
906,923,0.456465,1840,1435,0.7799
923,906,0.456465,1840,1435,0.7799
906,924,0.51578,1733,1393,0.8038
924,906,0.51578,1733,1393,0.8038
906,925,0.434225,1813,1406,0.7755
925,906,0.434225,1813,1406,0.7755
906,926,0.550049,1604,1336,0.8329
926,906,0.550049,1604,1336,0.8329
906,927,0.603515,1752,1472,0.8402
927,906,0.603515,1752,1472,0.8402
906,928,0.574652,1773,1463,0.8252
928,906,0.574652,1773,1463,0.8252
906,929,0.490083,1673,1335,0.798
929,906,0.490083,1673,1335,0.798
906,930,0.392823,1787,1316,0.7364
930,906,0.392823,1787,1316,0.7364
906,931,0.491126,1394,1097,0.7869
931,906,0.491126,1394,1097,0.7869
906,932,0.557065,1769,1440,0.814
932,906,0.557065,1769,1440,0.814
906,933,0.400756,1553,1152,0.7418
933,906,0.400756,1553,1152,0.7418
906,934,0.443857,1756,1355,0.7716
934,906,0.443857,1756,1355,0.7716
906,935,0.375675,1731,1244,0.7187
935,906,0.375675,1731,1244,0.7187
906,936,1.0,14,14,1.0
936,906,1.0,14,14,1.0
906,937,0.39109,1774,1313,0.7401
937,906,0.39109,1774,1313,0.7401
906,938,0.500032,286,230,0.8042
938,906,0.500032,286,230,0.8042
906,939,0.535448,1773,1422,0.802
939,906,0.535448,1773,1422,0.802
906,940,0.413106,1681,1263,0.7513
940,906,0.413106,1681,1263,0.7513
906,941,0.4907,1637,1288,0.7868
941,906,0.4907,1637,1288,0.7868
906,942,0.519298,1790,1420,0.7933
942,906,0.519298,1790,1420,0.7933
906,943,0.351634,1668,1167,0.6996
943,906,0.351634,1668,1167,0.6996
906,944,0.431196,1532,1134,0.7402
944,906,0.431196,1532,1134,0.7402
906,945,0.499171,1693,1330,0.7856
945,906,0.499171,1693,1330,0.7856
906,946,0.372116,1635,1169,0.715
946,906,0.372116,1635,1169,0.715
906,947,0.340373,1537,1095,0.7124
947,906,0.340373,1537,1095,0.7124
906,948,0.433551,1537,1163,0.7567
948,906,0.433551,1537,1163,0.7567
906,949,0.533925,1674,1338,0.7993
949,906,0.533925,1674,1338,0.7993
906,950,0.5441,1757,1423,0.8099
950,906,0.5441,1757,1423,0.8099
906,951,0.432094,1611,1220,0.7573
951,906,0.432094,1611,1220,0.7573
906,952,0.456778,1664,1283,0.771
952,906,0.456778,1664,1283,0.771
906,953,0.4529,1750,1360,0.7771
953,906,0.4529,1750,1360,0.7771
906,954,0.452794,1572,1199,0.7627
954,906,0.452794,1572,1199,0.7627
906,955,0.495728,1626,1260,0.7749
955,906,0.495728,1626,1260,0.7749
906,956,0.428154,1672,1271,0.7602
956,906,0.428154,1672,1271,0.7602
906,957,0.484245,1695,1328,0.7835
957,906,0.484245,1695,1328,0.7835
906,958,0.390598,1582,1179,0.7453
958,906,0.390598,1582,1179,0.7453
906,959,0.415372,1803,1364,0.7565
959,906,0.415372,1803,1364,0.7565
906,960,0.402325,1746,1299,0.744
960,906,0.402325,1746,1299,0.744
906,961,0.503618,1693,1347,0.7956
961,906,0.503618,1693,1347,0.7956
906,962,0.329129,1706,1182,0.6928
962,906,0.329129,1706,1182,0.6928
906,963,0.506473,1709,1362,0.797
963,906,0.506473,1709,1362,0.797
906,964,0.415937,1640,1226,0.7476
964,906,0.415937,1640,1226,0.7476
906,965,0.517007,1688,1348,0.7986
965,906,0.517007,1688,1348,0.7986
906,966,0.32553,1659,1136,0.6847
966,906,0.32553,1659,1136,0.6847
906,967,0.525583,1694,1363,0.8046
967,906,0.525583,1694,1363,0.8046
906,969,0.521516,1827,1470,0.8046
969,906,0.521516,1827,1470,0.8046
906,970,0.444059,1643,1292,0.7864
970,906,0.444059,1643,1292,0.7864
906,971,0.53524,1729,1403,0.8115
971,906,0.53524,1729,1403,0.8115
906,972,0.539229,1678,1353,0.8063
972,906,0.539229,1678,1353,0.8063
906,973,0.214326,1191,746,0.6264
973,906,0.214326,1191,746,0.6264
906,974,0.540302,1570,1270,0.8089
974,906,0.540302,1570,1270,0.8089
906,976,0.455898,1602,1214,0.7578
976,906,0.455898,1602,1214,0.7578
906,977,0.400987,1759,1319,0.7499
977,906,0.400987,1759,1319,0.7499
906,978,0.418082,1533,1158,0.7554
978,906,0.418082,1533,1158,0.7554
906,979,0.528945,61,53,0.8689
979,906,0.528945,61,53,0.8689
907,908,0.36175,2229,1698,0.7618
908,907,0.36175,2229,1698,0.7618
907,909,0.380724,2325,1796,0.7725
909,907,0.380724,2325,1796,0.7725
907,910,0.347824,2049,1542,0.7526
910,907,0.347824,2049,1542,0.7526
907,911,0.361582,2157,1622,0.752
911,907,0.361582,2157,1622,0.752
907,912,0.369216,2268,1734,0.7646
912,907,0.369216,2268,1734,0.7646
907,913,0.370022,2139,1639,0.7662
913,907,0.370022,2139,1639,0.7662
907,914,0.31385,2090,1521,0.7278
914,907,0.31385,2090,1521,0.7278
907,915,0.599313,2197,1873,0.8525
915,907,0.599313,2197,1873,0.8525
907,917,0.353419,2110,1588,0.7526
917,907,0.353419,2110,1588,0.7526
907,918,0.58108,2206,1866,0.8459
918,907,0.58108,2206,1866,0.8459
907,919,0.499806,2265,1828,0.8071
919,907,0.499806,2265,1828,0.8071
907,920,0.518075,2207,1829,0.8287
920,907,0.518075,2207,1829,0.8287
907,921,0.388701,2046,1612,0.7879
921,907,0.388701,2046,1612,0.7879
907,922,0.586294,2120,1795,0.8467
922,907,0.586294,2120,1795,0.8467
907,923,0.484502,2333,1915,0.8208
923,907,0.484502,2333,1915,0.8208
907,924,0.532203,2236,1871,0.8368
924,907,0.532203,2236,1871,0.8368
907,925,0.382532,2239,1771,0.791
925,907,0.382532,2239,1771,0.791
907,926,0.653424,2065,1830,0.8862
926,907,0.653424,2065,1830,0.8862
907,927,0.616169,2155,1862,0.864
927,907,0.616169,2155,1862,0.864
907,928,0.590244,2140,1821,0.8509
928,907,0.590244,2140,1821,0.8509
907,929,0.571524,2125,1781,0.8381
929,907,0.571524,2125,1781,0.8381
907,930,0.418033,2254,1706,0.7569
930,907,0.418033,2254,1706,0.7569
907,931,0.485873,1579,1250,0.7916
931,907,0.485873,1579,1250,0.7916
907,932,0.586994,2249,1904,0.8466
932,907,0.586994,2249,1904,0.8466
907,933,0.311414,1800,1293,0.7183
933,907,0.311414,1800,1293,0.7183
907,934,0.383225,2228,1728,0.7756
934,907,0.383225,2228,1728,0.7756
907,935,0.304219,2173,1529,0.7036
935,907,0.304219,2173,1529,0.7036
907,936,1.0,14,14,1.0
936,907,1.0,14,14,1.0
907,937,0.338893,2203,1633,0.7413
937,907,0.338893,2203,1633,0.7413
907,938,0.552313,356,302,0.8483
938,907,0.552313,356,302,0.8483
907,939,0.546281,2272,1877,0.8261
939,907,0.546281,2272,1877,0.8261
907,940,0.344589,2062,1538,0.7459
940,907,0.344589,2062,1538,0.7459
907,941,0.405646,1966,1514,0.7701
941,907,0.405646,1966,1514,0.7701
907,942,0.601576,2247,1888,0.8402
942,907,0.601576,2247,1888,0.8402
907,943,0.3649,2048,1451,0.7085
943,907,0.3649,2048,1451,0.7085
907,944,0.471465,1901,1470,0.7733
944,907,0.471465,1901,1470,0.7733
907,945,0.514845,2017,1628,0.8071
945,907,0.514845,2017,1628,0.8071
907,946,0.385427,2006,1464,0.7298
946,907,0.385427,2006,1464,0.7298
907,947,0.420667,1791,1378,0.7694
947,907,0.420667,1791,1378,0.7694
907,948,0.302697,1788,1289,0.7209
948,907,0.302697,1788,1289,0.7209
907,949,0.527609,2132,1740,0.8161
949,907,0.527609,2132,1740,0.8161
907,950,0.542697,2164,1797,0.8304
950,907,0.542697,2164,1797,0.8304
907,951,0.356593,2076,1547,0.7452
951,907,0.356593,2076,1547,0.7452
907,952,0.450856,2143,1684,0.7858
952,907,0.450856,2143,1684,0.7858
907,953,0.404647,2241,1785,0.7965
953,907,0.404647,2241,1785,0.7965
907,954,0.491937,1813,1436,0.7921
954,907,0.491937,1813,1436,0.7921
907,955,0.529129,2045,1655,0.8093
955,907,0.529129,2045,1655,0.8093
907,956,0.463154,2099,1672,0.7966
956,907,0.463154,2099,1672,0.7966
907,957,0.529804,2190,1805,0.8242
957,907,0.529804,2190,1805,0.8242
907,958,0.292251,1971,1440,0.7306
958,907,0.292251,1971,1440,0.7306
907,959,0.381394,2257,1733,0.7678
959,907,0.381394,2257,1733,0.7678
907,960,0.386485,2157,1651,0.7654
960,907,0.386485,2157,1651,0.7654
907,961,0.522804,2070,1709,0.8256
961,907,0.522804,2070,1709,0.8256
907,962,0.360601,1971,1409,0.7149
962,907,0.360601,1971,1409,0.7149
907,963,0.542637,2114,1758,0.8316
963,907,0.542637,2114,1758,0.8316
907,964,0.448379,2028,1588,0.783
964,907,0.448379,2028,1588,0.783
907,965,0.503955,2112,1696,0.803
965,907,0.503955,2112,1696,0.803
907,966,0.353921,1955,1374,0.7028
966,907,0.353921,1955,1374,0.7028
907,967,0.524561,2086,1723,0.826
967,907,0.524561,2086,1723,0.826
907,969,0.551423,2306,1953,0.8469
969,907,0.551423,2306,1953,0.8469
907,970,0.599998,2128,1840,0.8647
970,907,0.599998,2128,1840,0.8647
907,971,0.578271,2125,1798,0.8461
971,907,0.578271,2125,1798,0.8461
907,972,0.608518,2102,1808,0.8601
972,907,0.608518,2102,1808,0.8601
907,973,0.340088,1336,925,0.6924
973,907,0.340088,1336,925,0.6924
907,974,0.539999,1952,1624,0.832
974,907,0.539999,1952,1624,0.832
907,976,0.543558,1971,1597,0.8102
976,907,0.543558,1971,1597,0.8102
907,977,0.345242,2294,1731,0.7546
977,907,0.345242,2294,1731,0.7546
907,978,0.337334,1937,1456,0.7517
978,907,0.337334,1937,1456,0.7517
907,979,0.039017,76,63,0.8289
979,907,0.039017,76,63,0.8289
908,909,0.825854,2274,2122,0.9332
909,908,0.825854,2274,2122,0.9332
908,910,0.867622,2030,1925,0.9483
910,908,0.867622,2030,1925,0.9483
908,911,0.70085,2174,1913,0.8799
911,908,0.70085,2174,1913,0.8799
908,912,0.866451,2249,2135,0.9493
912,908,0.866451,2249,2135,0.9493
908,913,0.882859,2128,2033,0.9554
913,908,0.882859,2128,2033,0.9554
908,914,0.731623,2104,1873,0.8902
914,908,0.731623,2104,1873,0.8902
908,915,0.430732,2191,1720,0.785
915,908,0.430732,2191,1720,0.785
908,917,0.294564,2035,1449,0.712
917,908,0.294564,2035,1449,0.712
908,918,0.341343,2162,1616,0.7475
918,908,0.341343,2162,1616,0.7475
908,919,0.255986,2251,1587,0.705
919,908,0.255986,2251,1587,0.705
908,920,0.42151,2184,1712,0.7839
920,908,0.42151,2184,1712,0.7839
908,921,0.452465,2030,1629,0.8025
921,908,0.452465,2030,1629,0.8025
908,922,0.393525,2118,1619,0.7644
922,908,0.393525,2118,1619,0.7644
908,923,0.387198,2291,1780,0.777
923,908,0.387198,2291,1780,0.777
908,924,0.362889,2179,1662,0.7627
924,908,0.362889,2179,1662,0.7627
908,925,0.50199,2230,1823,0.8175
925,908,0.50199,2230,1823,0.8175
908,926,0.440461,1973,1604,0.813
926,908,0.440461,1973,1604,0.813
908,927,0.36354,2159,1655,0.7666
927,908,0.36354,2159,1655,0.7666
908,928,0.366057,2099,1596,0.7604
928,908,0.366057,2099,1596,0.7604
908,929,0.343366,2073,1567,0.7559
929,908,0.343366,2073,1567,0.7559
908,930,0.363202,2195,1608,0.7326
930,908,0.363202,2195,1608,0.7326
908,931,0.319747,1633,1176,0.7201
931,908,0.319747,1633,1176,0.7201
908,932,0.388034,2215,1701,0.7679
932,908,0.388034,2215,1701,0.7679
908,933,0.201866,1776,1175,0.6616
933,908,0.201866,1776,1175,0.6616
908,934,0.798044,2210,2040,0.9231
934,908,0.798044,2210,2040,0.9231
908,935,0.622819,2138,1778,0.8316
935,908,0.622819,2138,1778,0.8316
908,936,1.0,14,14,1.0
936,908,1.0,14,14,1.0
908,937,0.830655,2214,2065,0.9327
937,908,0.830655,2214,2065,0.9327
908,938,0.920304,340,330,0.9706
938,908,0.920304,340,330,0.9706
908,939,0.333278,2244,1655,0.7375
939,908,0.333278,2244,1655,0.7375
908,940,0.304506,2032,1457,0.717
940,908,0.304506,2032,1457,0.717
908,941,0.333713,1915,1414,0.7384
941,908,0.333713,1915,1414,0.7384
908,942,0.427725,2195,1689,0.7695
942,908,0.427725,2195,1689,0.7695
908,943,0.090052,1999,1199,0.5998
943,908,0.090052,1999,1199,0.5998
908,944,0.174824,1872,1211,0.6469
944,908,0.174824,1872,1211,0.6469
908,945,0.240169,2010,1396,0.6945
945,908,0.240169,2010,1396,0.6945
908,946,0.151516,1909,1199,0.6281
946,908,0.151516,1909,1199,0.6281
908,947,0.083318,1810,1127,0.6227
947,908,0.083318,1810,1127,0.6227
908,948,0.348669,1793,1315,0.7334
948,908,0.348669,1793,1315,0.7334
908,949,0.34445,2086,1537,0.7368
949,908,0.34445,2086,1537,0.7368
908,950,0.312322,2152,1584,0.7361
950,908,0.312322,2152,1584,0.7361
908,951,0.830978,2076,1934,0.9316
951,908,0.830978,2076,1934,0.9316
908,952,0.216588,2059,1422,0.6906
952,908,0.216588,2059,1422,0.6906
908,953,0.330522,2150,1635,0.7605
953,908,0.330522,2150,1635,0.7605
908,954,0.162862,1815,1170,0.6446
954,908,0.162862,1815,1170,0.6446
908,955,0.238649,2031,1385,0.6819
955,908,0.238649,2031,1385,0.6819
908,956,0.16813,2090,1414,0.6766
956,908,0.16813,2090,1414,0.6766
908,957,0.292179,2114,1536,0.7266
957,908,0.292179,2114,1536,0.7266
908,958,0.310139,2013,1472,0.7312
958,908,0.310139,2013,1472,0.7312
908,959,0.876174,2227,2120,0.952
959,908,0.876174,2227,2120,0.952
908,960,0.826978,2177,2028,0.9316
960,908,0.826978,2177,2028,0.9316
908,961,0.271079,2107,1523,0.7228
961,908,0.271079,2107,1523,0.7228
908,962,0.088534,1972,1174,0.5953
962,908,0.088534,1972,1174,0.5953
908,963,0.353532,2105,1597,0.7587
963,908,0.353532,2105,1597,0.7587
908,964,0.249613,1990,1390,0.6985
964,908,0.249613,1990,1390,0.6985
908,965,0.242101,2112,1477,0.6993
965,908,0.242101,2112,1477,0.6993
908,966,0.057026,1948,1121,0.5755
966,908,0.057026,1948,1121,0.5755
908,967,0.294857,2108,1533,0.7272
967,908,0.294857,2108,1533,0.7272
908,969,0.349294,2261,1729,0.7647
969,908,0.349294,2261,1729,0.7647
908,970,0.29288,2085,1573,0.7544
970,908,0.29288,2085,1573,0.7544
908,971,0.427036,2099,1647,0.7847
971,908,0.427036,2099,1647,0.7847
908,972,0.357742,2051,1553,0.7572
972,908,0.357742,2051,1553,0.7572
908,973,0.01052,1357,739,0.5446
973,908,0.01052,1357,739,0.5446
908,974,0.320208,1905,1402,0.736
974,908,0.320208,1905,1402,0.736
908,976,0.232868,1989,1344,0.6757
976,908,0.232868,1989,1344,0.6757
908,977,0.755513,2239,2026,0.9049
977,908,0.755513,2239,2026,0.9049
908,978,0.775673,1946,1777,0.9132
978,908,0.775673,1946,1777,0.9132
908,979,0.172769,55,48,0.8727
979,908,0.172769,55,48,0.8727
909,910,0.819567,2089,1943,0.9301
910,909,0.819567,2089,1943,0.9301
909,911,0.743271,2198,1971,0.8967
911,909,0.743271,2198,1971,0.8967
909,912,0.816222,2322,2160,0.9302
912,909,0.816222,2322,2160,0.9302
909,913,0.821589,2190,2044,0.9333
913,909,0.821589,2190,2044,0.9333
909,914,0.816798,2197,2030,0.924
914,909,0.816798,2197,2030,0.924
909,915,0.448528,2245,1780,0.7929
915,909,0.448528,2245,1780,0.7929
909,917,0.316231,2117,1525,0.7204
917,909,0.316231,2117,1525,0.7204
909,918,0.354252,2244,1695,0.7553
918,909,0.354252,2244,1695,0.7553
909,919,0.281699,2309,1651,0.715
919,909,0.281699,2309,1651,0.715
909,920,0.460204,2239,1794,0.8013
920,909,0.460204,2239,1794,0.8013
909,921,0.466102,2064,1679,0.8135
921,909,0.466102,2064,1679,0.8135
909,922,0.422465,2197,1711,0.7788
922,909,0.422465,2197,1711,0.7788
909,923,0.400166,2369,1857,0.7839
923,909,0.400166,2369,1857,0.7839
909,924,0.36244,2272,1742,0.7667
924,909,0.36244,2272,1742,0.7667
909,925,0.491874,2291,1880,0.8206
925,909,0.491874,2291,1880,0.8206
909,926,0.434791,2032,1661,0.8174
926,909,0.434791,2032,1661,0.8174
909,927,0.386156,2216,1722,0.7771
927,909,0.386156,2216,1722,0.7771
909,928,0.403726,2185,1700,0.778
928,909,0.403726,2185,1700,0.778
909,929,0.336068,2113,1588,0.7515
929,909,0.336068,2113,1588,0.7515
909,930,0.369228,2300,1685,0.7326
930,909,0.369228,2300,1685,0.7326
909,931,0.346481,1646,1208,0.7339
931,909,0.346481,1646,1208,0.7339
909,932,0.40386,2282,1768,0.7748
932,909,0.40386,2282,1768,0.7748
909,933,0.228415,1822,1233,0.6767
933,909,0.228415,1822,1233,0.6767
909,934,0.878861,2280,2177,0.9548
934,909,0.878861,2280,2177,0.9548
909,935,0.692033,2228,1913,0.8586
935,909,0.692033,2228,1913,0.8586
909,936,1.0,14,14,1.0
936,909,1.0,14,14,1.0
909,937,0.767742,2280,2071,0.9083
937,909,0.767742,2280,2071,0.9083
909,938,0.836173,328,307,0.936
938,909,0.836173,328,307,0.936
909,939,0.357569,2307,1727,0.7486
939,909,0.357569,2307,1727,0.7486
909,940,0.349552,2068,1531,0.7403
940,909,0.349552,2068,1531,0.7403
909,941,0.363719,1969,1476,0.7496
941,909,0.363719,1969,1476,0.7496
909,942,0.437408,2268,1757,0.7747
942,909,0.437408,2268,1757,0.7747
909,943,0.100563,2079,1244,0.5984
943,909,0.100563,2079,1244,0.5984
909,944,0.216573,1949,1299,0.6665
944,909,0.216573,1949,1299,0.6665
909,945,0.272753,2064,1464,0.7093
945,909,0.272753,2064,1464,0.7093
909,946,0.173627,1999,1269,0.6348
946,909,0.173627,1999,1269,0.6348
909,947,0.125153,1855,1190,0.6415
947,909,0.125153,1855,1190,0.6415
909,948,0.392131,1817,1365,0.7512
948,909,0.392131,1817,1365,0.7512
909,949,0.356372,2138,1588,0.7428
949,909,0.356372,2138,1588,0.7428
909,950,0.332352,2199,1639,0.7453
950,909,0.332352,2199,1639,0.7453
909,951,0.765512,2117,1914,0.9041
951,909,0.765512,2117,1914,0.9041
909,952,0.254062,2120,1498,0.7066
952,909,0.254062,2120,1498,0.7066
909,953,0.374045,2226,1732,0.7781
953,909,0.374045,2226,1732,0.7781
909,954,0.194301,1842,1221,0.6629
954,909,0.194301,1842,1221,0.6629
909,955,0.249403,2088,1431,0.6853
955,909,0.249403,2088,1431,0.6853
909,956,0.193362,2137,1476,0.6907
956,909,0.193362,2137,1476,0.6907
909,957,0.304459,2163,1583,0.7319
957,909,0.304459,2163,1583,0.7319
909,958,0.336311,2042,1518,0.7434
958,909,0.336311,2042,1518,0.7434
909,959,0.812953,2325,2158,0.9282
959,909,0.812953,2325,2158,0.9282
909,960,0.794142,2216,2035,0.9183
960,909,0.794142,2216,2035,0.9183
909,961,0.310736,2141,1586,0.7408
961,909,0.310736,2141,1586,0.7408
909,962,0.114914,2020,1230,0.6089
962,909,0.114914,2020,1230,0.6089
909,963,0.361759,2179,1668,0.7655
963,909,0.361759,2179,1668,0.7655
909,964,0.274803,2032,1445,0.7111
964,909,0.274803,2032,1445,0.7111
909,965,0.259756,2163,1536,0.7101
965,909,0.259756,2163,1536,0.7101
909,966,0.073088,2003,1163,0.5806
966,909,0.073088,2003,1163,0.5806
909,967,0.353868,2136,1614,0.7556
967,909,0.353868,2136,1614,0.7556
909,969,0.379581,2371,1854,0.7819
969,909,0.379581,2371,1854,0.7819
909,970,0.294034,2134,1623,0.7605
970,909,0.294034,2134,1623,0.7605
909,971,0.425725,2157,1704,0.79
971,909,0.425725,2157,1704,0.79
909,972,0.391772,2099,1626,0.7747
972,909,0.391772,2099,1626,0.7747
909,973,0.01859,1364,748,0.5484
973,909,0.01859,1364,748,0.5484
909,974,0.331111,1941,1441,0.7424
974,909,0.331111,1941,1441,0.7424
909,976,0.253645,2026,1383,0.6826
976,909,0.253645,2026,1383,0.6826
909,977,0.843768,2349,2209,0.9404
977,909,0.843768,2349,2209,0.9404
909,978,0.841674,2029,1906,0.9394
978,909,0.841674,2029,1906,0.9394
909,979,0.399125,69,63,0.913
979,909,0.399125,69,63,0.913
910,911,0.697573,2008,1762,0.8775
911,910,0.697573,2008,1762,0.8775
910,912,0.842097,2082,1956,0.9395
912,910,0.842097,2082,1956,0.9395
910,913,0.863683,1952,1849,0.9472
913,910,0.863683,1952,1849,0.9472
910,914,0.715158,1915,1688,0.8815
914,910,0.715158,1915,1688,0.8815
910,915,0.410426,2016,1552,0.7698
915,910,0.410426,2016,1552,0.7698
910,917,0.280965,1855,1304,0.703
917,910,0.280965,1855,1304,0.703
910,918,0.332688,1970,1450,0.736
918,910,0.332688,1970,1450,0.736
910,919,0.276174,2051,1447,0.7055
919,910,0.276174,2051,1447,0.7055
910,920,0.414869,1992,1549,0.7776
920,910,0.414869,1992,1549,0.7776
910,921,0.463075,1840,1478,0.8033
921,910,0.463075,1840,1478,0.8033
910,922,0.403549,1942,1479,0.7616
922,910,0.403549,1942,1479,0.7616
910,923,0.387406,2114,1633,0.7725
923,910,0.387406,2114,1633,0.7725
910,924,0.368938,1979,1504,0.76
924,910,0.368938,1979,1504,0.76
910,925,0.499186,2045,1669,0.8161
925,910,0.499186,2045,1669,0.8161
910,926,0.429779,1829,1475,0.8065
926,910,0.429779,1829,1475,0.8065
910,927,0.36491,1983,1510,0.7615
927,910,0.36491,1983,1510,0.7615
910,928,0.363462,1893,1424,0.7522
928,910,0.363462,1893,1424,0.7522
910,929,0.347713,1897,1440,0.7591
929,910,0.347713,1897,1440,0.7591
910,930,0.366231,2009,1466,0.7297
930,910,0.366231,2009,1466,0.7297
910,931,0.355482,1522,1114,0.7319
931,910,0.355482,1522,1114,0.7319
910,932,0.395261,2016,1543,0.7654
932,910,0.395261,2016,1543,0.7654
910,933,0.228928,1689,1142,0.6761
933,910,0.228928,1689,1142,0.6761
910,934,0.786178,2046,1879,0.9184
934,910,0.786178,2046,1879,0.9184
910,935,0.628091,1981,1654,0.8349
935,910,0.628091,1981,1654,0.8349
910,936,0.679366,14,13,0.9286
936,910,0.679366,14,13,0.9286
910,937,0.804105,2021,1861,0.9208
937,910,0.804105,2021,1861,0.9208
910,938,0.851433,294,278,0.9456
938,910,0.851433,294,278,0.9456
910,939,0.33632,2018,1474,0.7304
939,910,0.33632,2018,1474,0.7304
910,940,0.283708,1827,1285,0.7033
940,910,0.283708,1827,1285,0.7033
910,941,0.340698,1793,1324,0.7384
941,910,0.340698,1793,1324,0.7384
910,942,0.402721,1988,1503,0.756
942,910,0.402721,1988,1503,0.756
910,943,0.107258,1864,1129,0.6057
943,910,0.107258,1864,1129,0.6057
910,944,0.211567,1739,1145,0.6584
944,910,0.211567,1739,1145,0.6584
910,945,0.277522,1898,1346,0.7092
945,910,0.277522,1898,1346,0.7092
910,946,0.151681,1819,1130,0.6212
946,910,0.151681,1819,1130,0.6212
910,947,0.098523,1644,1026,0.6241
947,910,0.098523,1644,1026,0.6241
910,948,0.37109,1581,1164,0.7362
948,910,0.37109,1581,1164,0.7362
910,949,0.352025,1937,1425,0.7357
949,910,0.352025,1937,1425,0.7357
910,950,0.316921,2019,1475,0.7306
950,910,0.316921,2019,1475,0.7306
910,951,0.822242,1961,1819,0.9276
951,910,0.822242,1961,1819,0.9276
910,952,0.249637,1881,1312,0.6975
952,910,0.249637,1881,1312,0.6975
910,953,0.329409,1957,1479,0.7557
953,910,0.329409,1957,1479,0.7557
910,954,0.188389,1730,1132,0.6543
954,910,0.188389,1730,1132,0.6543
910,955,0.211984,1885,1242,0.6589
955,910,0.211984,1885,1242,0.6589
910,956,0.184146,1938,1325,0.6837
956,910,0.184146,1938,1325,0.6837
910,957,0.307202,1908,1379,0.7227
957,910,0.307202,1908,1379,0.7227
910,958,0.295574,1830,1319,0.7208
958,910,0.295574,1830,1319,0.7208
910,959,0.85601,2055,1939,0.9436
959,910,0.85601,2055,1939,0.9436
910,960,0.80693,1987,1831,0.9215
960,910,0.80693,1987,1831,0.9215
910,961,0.273999,1888,1346,0.7129
961,910,0.273999,1888,1346,0.7129
910,962,0.099459,1830,1096,0.5989
962,910,0.099459,1830,1096,0.5989
910,963,0.367755,1931,1472,0.7623
963,910,0.367755,1931,1472,0.7623
910,964,0.272479,1838,1293,0.7035
964,910,0.272479,1838,1293,0.7035
910,965,0.274989,1901,1351,0.7107
965,910,0.274989,1901,1351,0.7107
910,966,0.056237,1817,1042,0.5735
966,910,0.056237,1817,1042,0.5735
910,967,0.311482,1937,1413,0.7295
967,910,0.311482,1937,1413,0.7295
910,969,0.364845,2088,1599,0.7658
969,910,0.364845,2088,1599,0.7658
910,970,0.284695,1884,1400,0.7431
970,910,0.284695,1884,1400,0.7431
910,971,0.45373,1985,1580,0.796
971,910,0.45373,1985,1580,0.796
910,972,0.362874,1888,1420,0.7521
972,910,0.362874,1888,1420,0.7521
910,973,0.023798,1290,712,0.5519
973,910,0.023798,1290,712,0.5519
910,974,0.324201,1741,1269,0.7289
974,910,0.324201,1741,1269,0.7289
910,976,0.224784,1790,1186,0.6626
976,910,0.224784,1790,1186,0.6626
910,977,0.754851,2094,1892,0.9035
977,910,0.754851,2094,1892,0.9035
910,978,0.763453,1771,1606,0.9068
978,910,0.763453,1771,1606,0.9068
910,979,0.288889,48,44,0.9167
979,910,0.288889,48,44,0.9167
911,912,0.72053,2161,1917,0.8871
912,911,0.72053,2161,1917,0.8871
911,913,0.71093,2038,1807,0.8867
913,911,0.71093,2038,1807,0.8867
911,914,0.669934,2033,1753,0.8623
914,911,0.669934,2033,1753,0.8623
911,915,0.416918,2120,1629,0.7684
915,911,0.416918,2120,1629,0.7684
911,917,0.330474,1970,1419,0.7203
917,911,0.330474,1970,1419,0.7203
911,918,0.346336,2073,1530,0.7381
918,911,0.346336,2073,1530,0.7381
911,919,0.286113,2156,1525,0.7073
919,911,0.286113,2156,1525,0.7073
911,920,0.441515,2129,1666,0.7825
920,911,0.441515,2129,1666,0.7825
911,921,0.428637,1941,1519,0.7826
921,911,0.428637,1941,1519,0.7826
911,922,0.40616,2057,1564,0.7603
922,911,0.40616,2057,1564,0.7603
911,923,0.382242,2213,1687,0.7623
923,911,0.382242,2213,1687,0.7623
911,924,0.397162,2097,1606,0.7659
924,911,0.397162,2097,1606,0.7659
911,925,0.448733,2149,1695,0.7887
925,911,0.448733,2149,1695,0.7887
911,926,0.415171,1873,1485,0.7928
926,911,0.415171,1873,1485,0.7928
911,927,0.375524,2087,1586,0.7599
927,911,0.375524,2087,1586,0.7599
911,928,0.384295,2006,1513,0.7542
928,911,0.384295,2006,1513,0.7542
911,929,0.320048,1966,1444,0.7345
929,911,0.320048,1966,1444,0.7345
911,930,0.342234,2112,1512,0.7159
930,911,0.342234,2112,1512,0.7159
911,931,0.333461,1532,1101,0.7187
931,911,0.333461,1532,1101,0.7187
911,932,0.406835,2132,1626,0.7627
932,911,0.406835,2132,1626,0.7627
911,933,0.252485,1753,1187,0.6771
933,911,0.252485,1753,1187,0.6771
911,934,0.744195,2148,1929,0.898
934,911,0.744195,2148,1929,0.898
911,935,0.61715,2108,1749,0.8297
935,911,0.61715,2108,1749,0.8297
911,936,1.0,14,14,1.0
936,911,1.0,14,14,1.0
911,937,0.672815,2117,1834,0.8663
937,911,0.672815,2117,1834,0.8663
911,938,0.76875,323,294,0.9102
938,911,0.76875,323,294,0.9102
911,939,0.372709,2174,1619,0.7447
939,911,0.372709,2174,1619,0.7447
911,940,0.349462,1976,1439,0.7282
940,911,0.349462,1976,1439,0.7282
911,941,0.385123,1900,1425,0.75
941,911,0.385123,1900,1425,0.75
911,942,0.40796,2100,1584,0.7543
942,911,0.40796,2100,1584,0.7543
911,943,0.154301,1949,1209,0.6203
943,911,0.154301,1949,1209,0.6203
911,944,0.268269,1839,1250,0.6797
944,911,0.268269,1839,1250,0.6797
911,945,0.303816,1974,1402,0.7102
945,911,0.303816,1974,1402,0.7102
911,946,0.208032,1873,1208,0.645
946,911,0.208032,1873,1208,0.645
911,947,0.138383,1743,1102,0.6322
947,911,0.138383,1743,1102,0.6322
911,948,0.367203,1700,1242,0.7306
948,911,0.367203,1700,1242,0.7306
911,949,0.370171,2029,1505,0.7417
949,911,0.370171,2029,1505,0.7417
911,950,0.340262,2082,1533,0.7363
950,911,0.340262,2082,1533,0.7363
911,951,0.668088,2044,1764,0.863
951,911,0.668088,2044,1764,0.863
911,952,0.262584,1999,1396,0.6983
952,911,0.262584,1999,1396,0.6983
911,953,0.360693,2085,1578,0.7568
953,911,0.360693,2085,1578,0.7568
911,954,0.227381,1788,1188,0.6644
954,911,0.227381,1788,1188,0.6644
911,955,0.260428,1963,1340,0.6826
955,911,0.260428,1963,1340,0.6826
911,956,0.229163,2018,1393,0.6903
956,911,0.229163,2018,1393,0.6903
911,957,0.292875,2040,1461,0.7162
957,911,0.292875,2040,1461,0.7162
911,958,0.332932,1949,1428,0.7327
958,911,0.332932,1949,1428,0.7327
911,959,0.694393,2141,1878,0.8772
959,911,0.694393,2141,1878,0.8772
911,960,0.689077,2094,1829,0.8734
960,911,0.689077,2094,1829,0.8734
911,961,0.312896,2019,1468,0.7271
961,911,0.312896,2019,1468,0.7271
911,962,0.15635,1915,1185,0.6188
962,911,0.15635,1915,1185,0.6188
911,963,0.370081,2041,1536,0.7526
963,911,0.370081,2041,1536,0.7526
911,964,0.275599,1927,1346,0.6985
964,911,0.275599,1927,1346,0.6985
911,965,0.279802,2032,1431,0.7042
965,911,0.279802,2032,1431,0.7042
911,966,0.122062,1907,1141,0.5983
966,911,0.122062,1907,1141,0.5983
911,967,0.339123,2074,1530,0.7377
967,911,0.339123,2074,1530,0.7377
911,969,0.37668,2178,1659,0.7617
969,911,0.37668,2178,1659,0.7617
911,970,0.307093,2017,1500,0.7437
970,911,0.307093,2017,1500,0.7437
911,971,0.403676,2018,1546,0.7661
971,911,0.403676,2018,1546,0.7661
911,972,0.390554,2010,1529,0.7607
972,911,0.390554,2010,1529,0.7607
911,973,0.021531,1317,711,0.5399
973,911,0.021531,1317,711,0.5399
911,974,0.350331,1860,1369,0.736
974,911,0.350331,1860,1369,0.736
911,976,0.253904,1918,1295,0.6752
976,911,0.253904,1918,1295,0.6752
911,977,0.699668,2153,1893,0.8792
977,911,0.699668,2153,1893,0.8792
911,978,0.690815,1860,1628,0.8753
978,911,0.690815,1860,1628,0.8753
911,979,0.218218,56,47,0.8393
979,911,0.218218,56,47,0.8393
912,913,0.871115,2168,2064,0.952
913,912,0.871115,2168,2064,0.952
912,914,0.745715,2109,1890,0.8962
914,912,0.745715,2109,1890,0.8962
912,915,0.426873,2223,1738,0.7818
915,912,0.426873,2223,1738,0.7818
912,917,0.304714,2068,1477,0.7142
917,912,0.304714,2068,1477,0.7142
912,918,0.341775,2173,1627,0.7487
918,912,0.341775,2173,1627,0.7487
912,919,0.267018,2257,1597,0.7076
919,912,0.267018,2257,1597,0.7076
912,920,0.437221,2187,1733,0.7924
920,912,0.437221,2187,1733,0.7924
912,921,0.467117,2018,1636,0.8107
921,912,0.467117,2018,1636,0.8107
912,922,0.396844,2137,1637,0.766
922,912,0.396844,2137,1637,0.766
912,923,0.403598,2321,1814,0.7816
923,912,0.403598,2321,1814,0.7816
912,924,0.358514,2213,1688,0.7628
924,912,0.358514,2213,1688,0.7628
912,925,0.500377,2241,1836,0.8193
925,912,0.500377,2241,1836,0.8193
912,926,0.424826,1981,1605,0.8102
926,912,0.424826,1981,1605,0.8102
912,927,0.362836,2158,1653,0.766
927,912,0.362836,2158,1653,0.766
912,928,0.364939,2108,1601,0.7595
928,912,0.364939,2108,1601,0.7595
912,929,0.321316,2086,1553,0.7445
929,912,0.321316,2086,1553,0.7445
912,930,0.383759,2229,1648,0.7393
930,912,0.383759,2229,1648,0.7393
912,931,0.346838,1580,1155,0.731
931,912,0.346838,1580,1155,0.731
912,932,0.390991,2245,1726,0.7688
932,912,0.390991,2245,1726,0.7688
912,933,0.229781,1778,1207,0.6789
933,912,0.229781,1778,1207,0.6789
912,934,0.798511,2222,2054,0.9244
934,912,0.798511,2222,2054,0.9244
912,935,0.626119,2161,1800,0.8329
935,912,0.626119,2161,1800,0.8329
912,936,1.0,14,14,1.0
936,912,1.0,14,14,1.0
912,937,0.805264,2229,2058,0.9233
937,912,0.805264,2229,2058,0.9233
912,938,0.86409,330,313,0.9485
938,912,0.86409,330,313,0.9485
912,939,0.348715,2262,1682,0.7436
939,912,0.348715,2262,1682,0.7436
912,940,0.339558,2033,1492,0.7339
940,912,0.339558,2033,1492,0.7339
912,941,0.346961,1929,1432,0.7424
941,912,0.346961,1929,1432,0.7424
912,942,0.420308,2189,1682,0.7684
942,912,0.420308,2189,1682,0.7684
912,943,0.097622,2021,1216,0.6017
943,912,0.097622,2021,1216,0.6017
912,944,0.200231,1912,1259,0.6585
944,912,0.200231,1912,1259,0.6585
912,945,0.243527,2033,1414,0.6955
945,912,0.243527,2033,1414,0.6955
912,946,0.168255,1953,1243,0.6365
946,912,0.168255,1953,1243,0.6365
912,947,0.112807,1805,1154,0.6393
947,912,0.112807,1805,1154,0.6393
912,948,0.360273,1806,1328,0.7353
948,912,0.360273,1806,1328,0.7353
912,949,0.356604,2099,1557,0.7418
949,912,0.356604,2099,1557,0.7418
912,950,0.325371,2172,1614,0.7431
950,912,0.325371,2172,1614,0.7431
912,951,0.800518,2078,1912,0.9201
951,912,0.800518,2078,1912,0.9201
912,952,0.2709,2079,1485,0.7143
952,912,0.2709,2079,1485,0.7143
912,953,0.350641,2170,1665,0.7673
953,912,0.350641,2170,1665,0.7673
912,954,0.172837,1809,1178,0.6512
954,912,0.172837,1809,1178,0.6512
912,955,0.23871,2035,1379,0.6776
955,912,0.23871,2035,1379,0.6776
912,956,0.175088,2109,1443,0.6842
956,912,0.175088,2109,1443,0.6842
912,957,0.312509,2119,1557,0.7348
957,912,0.312509,2119,1557,0.7348
912,958,0.338983,2005,1493,0.7446
958,912,0.338983,2005,1493,0.7446
912,959,0.844773,2268,2133,0.9405
959,912,0.844773,2268,2133,0.9405
912,960,0.798749,2188,2015,0.9209
960,912,0.798749,2188,2015,0.9209
912,961,0.278561,2091,1517,0.7255
961,912,0.278561,2091,1517,0.7255
912,962,0.104686,1973,1193,0.6047
962,912,0.104686,1973,1193,0.6047
912,963,0.351192,2124,1614,0.7599
963,912,0.351192,2124,1614,0.7599
912,964,0.262431,2024,1427,0.705
964,912,0.262431,2024,1427,0.705
912,965,0.250723,2123,1503,0.708
965,912,0.250723,2123,1503,0.708
912,966,0.058731,1973,1136,0.5758
966,912,0.058731,1973,1136,0.5758
912,967,0.321116,2092,1547,0.7395
967,912,0.321116,2092,1547,0.7395
912,969,0.365951,2314,1790,0.7736
969,912,0.365951,2314,1790,0.7736
912,970,0.289264,2112,1591,0.7533
970,912,0.289264,2112,1591,0.7533
912,971,0.422417,2100,1652,0.7867
971,912,0.422417,2100,1652,0.7867
912,972,0.371558,2064,1575,0.7631
972,912,0.371558,2064,1575,0.7631
912,973,0.017602,1357,743,0.5475
973,912,0.017602,1357,743,0.5475
912,974,0.315229,1904,1399,0.7348
974,912,0.315229,1904,1399,0.7348
912,976,0.233332,1995,1343,0.6732
976,912,0.233332,1995,1343,0.6732
912,977,0.762384,2305,2097,0.9098
977,912,0.762384,2305,2097,0.9098
912,978,0.755267,1970,1786,0.9066
978,912,0.755267,1970,1786,0.9066
912,979,0.320256,56,52,0.9286
979,912,0.320256,56,52,0.9286
913,914,0.744884,2002,1795,0.8966
914,913,0.744884,2002,1795,0.8966
913,915,0.440244,2066,1630,0.789
915,913,0.440244,2066,1630,0.789
913,917,0.305938,1941,1387,0.7146
917,913,0.305938,1941,1387,0.7146
913,918,0.34766,2031,1524,0.7504
918,913,0.34766,2031,1524,0.7504
913,919,0.282547,2119,1517,0.7159
919,913,0.282547,2119,1517,0.7159
913,920,0.439407,2076,1645,0.7924
920,913,0.439407,2076,1645,0.7924
913,921,0.448488,1907,1532,0.8034
921,913,0.448488,1907,1532,0.8034
913,922,0.390207,2016,1541,0.7644
922,913,0.390207,2016,1541,0.7644
913,923,0.414398,2180,1719,0.7885
923,913,0.414398,2180,1719,0.7885
913,924,0.378581,2077,1603,0.7718
924,913,0.378581,2077,1603,0.7718
913,925,0.50476,2105,1735,0.8242
925,913,0.50476,2105,1735,0.8242
913,926,0.437934,1887,1543,0.8177
926,913,0.437934,1887,1543,0.8177
913,927,0.36254,2051,1574,0.7674
927,913,0.36254,2051,1574,0.7674
913,928,0.363986,1991,1512,0.7594
928,913,0.363986,1991,1512,0.7594
913,929,0.349488,1932,1463,0.7572
929,913,0.349488,1932,1463,0.7572
913,930,0.390104,2084,1552,0.7447
930,913,0.390104,2084,1552,0.7447
913,931,0.357555,1504,1103,0.7334
931,913,0.357555,1504,1103,0.7334
913,932,0.401918,2092,1617,0.7729
932,913,0.401918,2092,1617,0.7729
913,933,0.216174,1681,1129,0.6716
933,913,0.216174,1681,1129,0.6716
913,934,0.815291,2086,1943,0.9314
934,913,0.815291,2086,1943,0.9314
913,935,0.638306,2038,1708,0.8381
935,913,0.638306,2038,1708,0.8381
913,936,1.0,14,14,1.0
936,913,1.0,14,14,1.0
913,937,0.822135,2105,1955,0.9287
937,913,0.822135,2105,1955,0.9287
913,938,0.876369,314,301,0.9586
938,913,0.876369,314,301,0.9586
913,939,0.353037,2142,1597,0.7456
939,913,0.353037,2142,1597,0.7456
913,940,0.32151,1913,1393,0.7282
940,913,0.32151,1913,1393,0.7282
913,941,0.359385,1816,1359,0.7483
941,913,0.359385,1816,1359,0.7483
913,942,0.452829,2074,1615,0.7787
942,913,0.452829,2074,1615,0.7787
913,943,0.120914,1929,1190,0.6169
943,913,0.120914,1929,1190,0.6169
913,944,0.208476,1813,1200,0.6619
944,913,0.208476,1813,1200,0.6619
913,945,0.25159,1928,1352,0.7012
945,913,0.25159,1928,1352,0.7012
913,946,0.18013,1841,1191,0.6469
946,913,0.18013,1841,1191,0.6469
913,947,0.106934,1711,1086,0.6347
947,913,0.106934,1711,1086,0.6347
913,948,0.382382,1655,1246,0.7529
948,913,0.382382,1655,1246,0.7529
913,949,0.356764,2086,1548,0.7421
949,913,0.356764,2086,1548,0.7421
913,950,0.335203,2043,1524,0.746
950,913,0.335203,2043,1524,0.746
913,951,0.852128,1960,1845,0.9413
951,913,0.852128,1960,1845,0.9413
913,952,0.271779,1953,1402,0.7179
952,913,0.271779,1953,1402,0.7179
913,953,0.354541,2044,1575,0.7705
953,913,0.354541,2044,1575,0.7705
913,954,0.176228,1730,1128,0.652
954,913,0.176228,1730,1128,0.652
913,955,0.23153,1912,1292,0.6757
955,913,0.23153,1912,1292,0.6757
913,956,0.192182,1994,1372,0.6881
956,913,0.192182,1994,1372,0.6881
913,957,0.312202,2014,1483,0.7363
957,913,0.312202,2014,1483,0.7363
913,958,0.317396,1960,1443,0.7362
958,913,0.317396,1960,1443,0.7362
913,959,0.877419,2132,2032,0.9531
959,913,0.877419,2132,2032,0.9531
913,960,0.851072,2079,1960,0.9428
960,913,0.851072,2079,1960,0.9428
913,961,0.283009,1992,1450,0.7279
961,913,0.283009,1992,1450,0.7279
913,962,0.087511,1878,1118,0.5953
962,913,0.087511,1878,1118,0.5953
913,963,0.363872,2025,1544,0.7625
963,913,0.363872,2025,1544,0.7625
913,964,0.281148,1909,1362,0.7135
964,913,0.281148,1909,1362,0.7135
913,965,0.278941,2012,1446,0.7187
965,913,0.278941,2012,1446,0.7187
913,966,0.046077,1882,1069,0.568
966,913,0.046077,1882,1069,0.568
913,967,0.31644,1996,1474,0.7385
967,913,0.31644,1996,1474,0.7385
913,969,0.387644,2172,1698,0.7818
969,913,0.387644,2172,1698,0.7818
913,970,0.296037,1973,1493,0.7567
970,913,0.296037,1973,1493,0.7567
913,971,0.44374,1978,1564,0.7907
971,913,0.44374,1978,1564,0.7907
913,972,0.360302,1958,1485,0.7584
972,913,0.360302,1958,1485,0.7584
913,973,0.019619,1323,731,0.5525
973,913,0.019619,1323,731,0.5525
913,974,0.329792,1800,1331,0.7394
974,913,0.329792,1800,1331,0.7394
913,976,0.224298,1923,1288,0.6698
976,913,0.224298,1923,1288,0.6698
913,977,0.776477,2162,1979,0.9154
977,913,0.776477,2162,1979,0.9154
913,978,0.763353,1847,1679,0.909
978,913,0.763353,1847,1679,0.909
913,979,0.177384,59,52,0.8814
979,913,0.177384,59,52,0.8814
914,915,0.396189,2051,1553,0.7572
915,914,0.396189,2051,1553,0.7572
914,917,0.288469,1914,1324,0.6917
917,914,0.288469,1914,1324,0.6917
914,918,0.328876,2044,1491,0.7295
918,914,0.328876,2044,1491,0.7295
914,919,0.270431,2126,1481,0.6966
919,914,0.270431,2126,1481,0.6966
914,920,0.386352,2063,1555,0.7538
920,914,0.386352,2063,1555,0.7538
914,921,0.438828,1905,1499,0.7869
921,914,0.438828,1905,1499,0.7869
914,922,0.346232,1995,1461,0.7323
922,914,0.346232,1995,1461,0.7323
914,923,0.377293,2164,1632,0.7542
923,914,0.377293,2164,1632,0.7542
914,924,0.326669,2050,1500,0.7317
924,914,0.326669,2050,1500,0.7317
914,925,0.429707,2127,1657,0.779
925,914,0.429707,2127,1657,0.779
914,926,0.397579,1838,1444,0.7856
926,914,0.397579,1838,1444,0.7856
914,927,0.328233,2068,1523,0.7365
927,914,0.328233,2068,1523,0.7365
914,928,0.345786,2006,1480,0.7378
928,914,0.345786,2006,1480,0.7378
914,929,0.342968,1906,1411,0.7403
929,914,0.342968,1906,1411,0.7403
914,930,0.370818,2118,1542,0.728
930,914,0.370818,2118,1542,0.728
914,931,0.311554,1494,1058,0.7082
931,914,0.311554,1494,1058,0.7082
914,932,0.338367,2100,1534,0.7305
932,914,0.338367,2100,1534,0.7305
914,933,0.201589,1740,1135,0.6523
933,914,0.201589,1740,1135,0.6523
914,934,0.790233,2090,1912,0.9148
934,914,0.790233,2090,1912,0.9148
914,935,0.63557,2061,1723,0.836
935,914,0.63557,2061,1723,0.836
914,936,1.0,7,7,1.0
936,914,1.0,7,7,1.0
914,937,0.693488,2120,1851,0.8731
937,914,0.693488,2120,1851,0.8731
914,938,0.80246,194,178,0.9175
938,914,0.80246,194,178,0.9175
914,939,0.330544,2117,1527,0.7213
939,914,0.330544,2117,1527,0.7213
914,940,0.327646,1917,1374,0.7167
940,914,0.327646,1917,1374,0.7167
914,941,0.325146,1818,1307,0.7189
941,914,0.325146,1818,1307,0.7189
914,942,0.38516,2079,1541,0.7412
942,914,0.38516,2079,1541,0.7412
914,943,0.116586,1889,1125,0.5956
943,914,0.116586,1889,1125,0.5956
914,944,0.229299,1770,1169,0.6605
944,914,0.229299,1770,1169,0.6605
914,945,0.239728,1909,1300,0.681
945,914,0.239728,1909,1300,0.681
914,946,0.211675,1827,1180,0.6459
946,914,0.211675,1827,1180,0.6459
914,947,0.088201,1673,1015,0.6067
947,914,0.088201,1673,1015,0.6067
914,948,0.325804,1686,1205,0.7147
948,914,0.325804,1686,1205,0.7147
914,949,0.309989,1982,1411,0.7119
949,914,0.309989,1982,1411,0.7119
914,950,0.301167,2023,1449,0.7163
950,914,0.301167,2023,1449,0.7163
914,951,0.693712,1953,1701,0.871
951,914,0.693712,1953,1701,0.871
914,952,0.239194,1952,1344,0.6885
952,914,0.239194,1952,1344,0.6885
914,953,0.346204,2024,1509,0.7456
953,914,0.346204,2024,1509,0.7456
914,954,0.195304,1680,1092,0.65
954,914,0.195304,1680,1092,0.65
914,955,0.261232,1915,1300,0.6789
955,914,0.261232,1915,1300,0.6789
914,956,0.182914,1958,1306,0.667
956,914,0.182914,1958,1306,0.667
914,957,0.276325,2000,1408,0.704
957,914,0.276325,2000,1408,0.704
914,958,0.327989,1929,1402,0.7268
958,914,0.327989,1929,1402,0.7268
914,959,0.728238,2110,1876,0.8891
959,914,0.728238,2110,1876,0.8891
914,960,0.721731,2046,1810,0.8847
960,914,0.721731,2046,1810,0.8847
914,961,0.264976,1989,1403,0.7054
961,914,0.264976,1989,1403,0.7054
914,962,0.103361,1839,1086,0.5905
962,914,0.103361,1839,1086,0.5905
914,963,0.323056,2029,1484,0.7314
963,914,0.323056,2029,1484,0.7314
914,964,0.254985,1868,1285,0.6879
964,914,0.254985,1868,1285,0.6879
914,965,0.209031,1980,1325,0.6692
965,914,0.209031,1980,1325,0.6692
914,966,0.083315,1837,1057,0.5754
966,914,0.083315,1837,1057,0.5754
914,967,0.293961,2010,1436,0.7144
967,914,0.293961,2010,1436,0.7144
914,969,0.32211,2173,1602,0.7372
969,914,0.32211,2173,1602,0.7372
914,970,0.269472,1980,1440,0.7273
970,914,0.269472,1980,1440,0.7273
914,971,0.362789,1986,1483,0.7467
971,914,0.362789,1986,1483,0.7467
914,972,0.337203,1937,1426,0.7362
972,914,0.337203,1937,1426,0.7362
914,973,0.022542,1242,669,0.5386
973,914,0.022542,1242,669,0.5386
914,974,0.290888,1796,1280,0.7127
974,914,0.290888,1796,1280,0.7127
914,976,0.263572,1865,1261,0.6761
976,914,0.263572,1865,1261,0.6761
914,977,0.7341,2132,1901,0.8917
977,914,0.7341,2132,1901,0.8917
914,978,0.77574,1978,1798,0.909
978,914,0.77574,1978,1798,0.909
914,979,0.321498,58,48,0.8276
979,914,0.321498,58,48,0.8276
915,917,0.460445,1998,1562,0.7818
917,915,0.460445,1998,1562,0.7818
915,918,0.666467,2140,1868,0.8729
918,915,0.666467,2140,1868,0.8729
915,919,0.590836,2206,1849,0.8382
919,915,0.590836,2206,1849,0.8382
915,920,0.597247,2154,1831,0.85
920,915,0.597247,2154,1831,0.85
915,921,0.47285,1981,1606,0.8107
921,915,0.47285,1981,1606,0.8107
915,922,0.702863,2096,1856,0.8855
922,915,0.702863,2096,1856,0.8855
915,923,0.478793,2250,1821,0.8093
923,915,0.478793,2250,1821,0.8093
915,924,0.63671,2148,1860,0.8659
924,915,0.63671,2148,1860,0.8659
915,925,0.451877,2176,1747,0.8028
925,915,0.451877,2176,1747,0.8028
915,926,0.559798,1930,1644,0.8518
926,915,0.559798,1930,1644,0.8518
915,927,0.694553,2138,1895,0.8863
927,915,0.694553,2138,1895,0.8863
915,928,0.669869,2051,1797,0.8762
928,915,0.669869,2051,1797,0.8762
915,929,0.445367,2055,1623,0.7898
929,915,0.445367,2055,1623,0.7898
915,930,0.401812,2167,1614,0.7448
930,915,0.401812,2167,1614,0.7448
915,931,0.412211,1558,1177,0.7555
931,915,0.412211,1558,1177,0.7555
915,932,0.680922,2168,1902,0.8773
932,915,0.680922,2168,1902,0.8773
915,933,0.369117,1753,1280,0.7302
933,915,0.369117,1753,1280,0.7302
915,934,0.454912,2170,1726,0.7954
934,915,0.454912,2170,1726,0.7954
915,935,0.366479,2105,1531,0.7273
935,915,0.366479,2105,1531,0.7273
915,936,1.0,14,14,1.0
936,915,1.0,14,14,1.0
915,937,0.404598,2151,1644,0.7643
937,915,0.404598,2151,1644,0.7643
915,938,0.510805,326,269,0.8252
938,915,0.510805,326,269,0.8252
915,939,0.639683,2201,1889,0.8582
939,915,0.639683,2201,1889,0.8582
915,940,0.38252,1989,1500,0.7541
940,915,0.38252,1989,1500,0.7541
915,941,0.495368,1911,1526,0.7985
941,915,0.495368,1911,1526,0.7985
915,942,0.718398,2184,1937,0.8869
942,915,0.718398,2184,1937,0.8869
915,943,0.421359,1991,1473,0.7398
943,915,0.421359,1991,1473,0.7398
915,944,0.549764,1868,1506,0.8062
944,915,0.549764,1868,1506,0.8062
915,945,0.616168,1994,1686,0.8455
945,915,0.616168,1994,1686,0.8455
915,946,0.446895,1918,1449,0.7555
946,915,0.446895,1918,1449,0.7555
915,947,0.472709,1787,1404,0.7857
947,915,0.472709,1787,1404,0.7857
915,948,0.4157,1770,1345,0.7599
948,915,0.4157,1770,1345,0.7599
915,949,0.655923,2051,1765,0.8606
949,915,0.655923,2051,1765,0.8606
915,950,0.623689,2127,1821,0.8561
950,915,0.623689,2127,1821,0.8561
915,951,0.421699,2025,1554,0.7674
951,915,0.421699,2025,1554,0.7674
915,952,0.520069,2029,1640,0.8083
952,915,0.520069,2029,1640,0.8083
915,953,0.494193,2121,1727,0.8142
953,915,0.494193,2121,1727,0.8142
915,954,0.547854,1808,1465,0.8103
954,915,0.547854,1808,1465,0.8103
915,955,0.550472,2006,1620,0.8076
955,915,0.550472,2006,1620,0.8076
915,956,0.547528,2069,1707,0.825
956,915,0.547528,2069,1707,0.825
915,957,0.558032,2061,1706,0.8278
957,915,0.558032,2061,1706,0.8278
915,958,0.384708,1965,1495,0.7608
958,915,0.384708,1965,1495,0.7608
915,959,0.439715,2184,1714,0.7848
959,915,0.439715,2184,1714,0.7848
915,960,0.426911,2122,1643,0.7743
960,915,0.426911,2122,1643,0.7743
915,961,0.604142,2053,1745,0.85
961,915,0.604142,2053,1745,0.85
915,962,0.449543,1947,1468,0.754
962,915,0.449543,1947,1468,0.754
915,963,0.632214,2054,1768,0.8608
963,915,0.632214,2054,1768,0.8608
915,964,0.556501,1976,1626,0.8229
964,915,0.556501,1976,1626,0.8229
915,965,0.545197,2062,1684,0.8167
965,915,0.545197,2062,1684,0.8167
915,966,0.422738,1926,1418,0.7362
966,915,0.422738,1926,1418,0.7362
915,967,0.600207,2062,1747,0.8472
967,915,0.600207,2062,1747,0.8472
915,969,0.640614,2236,1942,0.8685
969,915,0.640614,2236,1942,0.8685
915,970,0.541694,2059,1727,0.8388
970,915,0.541694,2059,1727,0.8388
915,971,0.717782,2087,1867,0.8946
971,915,0.717782,2087,1867,0.8946
915,972,0.664245,2035,1772,0.8708
972,915,0.664245,2035,1772,0.8708
915,973,0.379651,1346,956,0.7103
973,915,0.379651,1346,956,0.7103
915,974,0.620644,1864,1588,0.8519
974,915,0.620644,1864,1588,0.8519
915,976,0.550201,1935,1559,0.8057
976,915,0.550201,1935,1559,0.8057
915,977,0.404522,2202,1699,0.7716
977,915,0.404522,2202,1699,0.7716
915,978,0.41962,1897,1475,0.7775
978,915,0.41962,1897,1475,0.7775
915,979,0.221728,58,49,0.8448
979,915,0.221728,58,49,0.8448
917,918,0.516806,1995,1603,0.8035
918,917,0.516806,1995,1603,0.8035
917,919,0.466164,2070,1610,0.7778
919,917,0.466164,2070,1610,0.7778
917,920,0.641197,2029,1743,0.859
920,917,0.641197,2029,1743,0.859
917,921,0.38227,1817,1399,0.77
921,917,0.38227,1817,1399,0.77
917,922,0.510724,1945,1549,0.7964
922,917,0.510724,1945,1549,0.7964
917,923,0.352557,2135,1588,0.7438
923,917,0.352557,2135,1588,0.7438
917,924,0.445964,2142,1668,0.7787
924,917,0.445964,2142,1668,0.7787
917,925,0.320568,2056,1505,0.732
925,917,0.320568,2056,1505,0.732
917,926,0.410553,1780,1408,0.791
926,917,0.410553,1780,1408,0.791
917,927,0.530907,1990,1620,0.8141
927,917,0.530907,1990,1620,0.8141
917,928,0.450031,1926,1493,0.7752
928,917,0.450031,1926,1493,0.7752
917,929,0.325646,1890,1385,0.7328
929,917,0.325646,1890,1385,0.7328
917,930,0.297824,2033,1415,0.696
930,917,0.297824,2033,1415,0.696
917,931,0.355104,1453,1062,0.7309
931,917,0.355104,1453,1062,0.7309
917,932,0.484392,2051,1618,0.7889
932,917,0.484392,2051,1618,0.7889
917,933,0.558771,1659,1344,0.8101
933,917,0.558771,1659,1344,0.8101
917,934,0.353908,2031,1505,0.741
934,917,0.353908,2031,1505,0.741
917,935,0.289376,1985,1361,0.6856
935,917,0.289376,1985,1361,0.6856
917,936,1.0,14,14,1.0
936,917,1.0,14,14,1.0
917,937,0.262469,2009,1379,0.6864
937,917,0.262469,2009,1379,0.6864
917,938,0.44902,347,279,0.804
938,917,0.44902,347,279,0.804
917,939,0.492442,2098,1654,0.7884
939,917,0.492442,2098,1654,0.7884
917,940,0.56348,1898,1559,0.8214
940,917,0.56348,1898,1559,0.8214
917,941,0.670254,1834,1589,0.8664
941,917,0.670254,1834,1589,0.8664
917,942,0.389983,2010,1489,0.7408
942,917,0.389983,2010,1489,0.7408
917,943,0.368904,1901,1354,0.7123
943,917,0.368904,1901,1354,0.7123
917,944,0.43815,1743,1315,0.7544
944,917,0.43815,1743,1315,0.7544
917,945,0.473108,1864,1469,0.7881
945,917,0.473108,1864,1469,0.7881
917,946,0.436956,1798,1340,0.7453
946,917,0.436956,1798,1340,0.7453
917,947,0.337519,1698,1234,0.7267
947,917,0.337519,1698,1234,0.7267
917,948,0.439429,1574,1218,0.7738
948,917,0.439429,1574,1218,0.7738
917,949,0.554477,1942,1580,0.8136
949,917,0.554477,1942,1580,0.8136
917,950,0.441682,1961,1525,0.7777
950,917,0.441682,1961,1525,0.7777
917,951,0.265698,1891,1301,0.688
951,917,0.265698,1891,1301,0.688
917,952,0.442465,1892,1456,0.7696
952,917,0.442465,1892,1456,0.7696
917,953,0.490805,2044,1632,0.7984
953,917,0.490805,2044,1632,0.7984
917,954,0.485704,1697,1331,0.7843
954,917,0.485704,1697,1331,0.7843
917,955,0.495963,1887,1473,0.7806
955,917,0.495963,1887,1473,0.7806
917,956,0.447256,1924,1496,0.7775
956,917,0.447256,1924,1496,0.7775
917,957,0.343355,1977,1454,0.7355
957,917,0.343355,1977,1454,0.7355
917,958,0.356289,1808,1334,0.7378
958,917,0.356289,1808,1334,0.7378
917,959,0.300047,2069,1473,0.7119
959,917,0.300047,2069,1473,0.7119
917,960,0.282883,1962,1364,0.6952
960,917,0.282883,1962,1364,0.6952
917,961,0.431831,1920,1475,0.7682
961,917,0.431831,1920,1475,0.7682
917,962,0.366393,1858,1326,0.7137
962,917,0.366393,1858,1326,0.7137
917,963,0.431793,1952,1495,0.7659
963,917,0.431793,1952,1495,0.7659
917,964,0.471153,1807,1424,0.788
964,917,0.471153,1807,1424,0.788
917,965,0.45743,1968,1524,0.7744
965,917,0.45743,1968,1524,0.7744
917,966,0.345354,1822,1276,0.7003
966,917,0.345354,1822,1276,0.7003
917,967,0.454727,1945,1518,0.7805
967,917,0.454727,1945,1518,0.7805
917,969,0.415542,2118,1625,0.7672
969,917,0.415542,2118,1625,0.7672
917,970,0.321911,1921,1435,0.747
970,917,0.321911,1921,1435,0.747
917,971,0.447386,1933,1510,0.7812
971,917,0.447386,1933,1510,0.7812
917,972,0.514879,1904,1535,0.8062
972,917,0.514879,1904,1535,0.8062
917,973,0.219932,1173,747,0.6368
973,917,0.219932,1173,747,0.6368
917,974,0.474086,1745,1385,0.7937
974,917,0.474086,1745,1385,0.7937
917,976,0.479171,1849,1425,0.7707
976,917,0.479171,1849,1425,0.7707
917,977,0.251886,2085,1443,0.6921
977,917,0.251886,2085,1443,0.6921
917,978,0.291201,1748,1228,0.7025
978,917,0.291201,1748,1228,0.7025
917,979,0.299632,76,63,0.8289
979,917,0.299632,76,63,0.8289
918,919,0.783055,2254,2058,0.913
919,918,0.783055,2254,2058,0.913
918,920,0.640137,2095,1818,0.8678
920,918,0.640137,2095,1818,0.8678
918,921,0.47632,1975,1605,0.8127
921,918,0.47632,1975,1605,0.8127
918,922,0.66621,2052,1789,0.8718
922,918,0.66621,2052,1789,0.8718
918,923,0.478866,2243,1819,0.811
923,918,0.478866,2243,1819,0.811
918,924,0.776651,2190,2015,0.9201
924,918,0.776651,2190,2015,0.9201
918,925,0.382089,2182,1704,0.7809
925,918,0.382089,2182,1704,0.7809
918,926,0.562564,1975,1694,0.8577
926,918,0.562564,1975,1694,0.8577
918,927,0.739227,2112,1912,0.9053
927,918,0.739227,2112,1912,0.9053
918,928,0.673469,2140,1882,0.8794
928,918,0.673469,2140,1882,0.8794
918,929,0.492856,2012,1631,0.8106
929,918,0.492856,2012,1631,0.8106
918,930,0.352919,2174,1583,0.7282
930,918,0.352919,2174,1583,0.7282
918,931,0.399599,1602,1215,0.7584
931,918,0.399599,1602,1215,0.7584
918,932,0.7243,2166,1939,0.8952
932,918,0.7243,2166,1939,0.8952
918,933,0.503927,1791,1418,0.7917
933,918,0.503927,1791,1418,0.7917
918,934,0.362803,2138,1622,0.7587
934,918,0.362803,2138,1622,0.7587
918,935,0.288652,2070,1438,0.6947
935,918,0.288652,2070,1438,0.6947
918,936,-0.272166,10,5,0.5
936,918,-0.272166,10,5,0.5
918,937,0.320304,2137,1557,0.7286
937,918,0.320304,2137,1557,0.7286
918,938,0.307876,345,263,0.7623
938,918,0.307876,345,263,0.7623
918,939,0.681102,2195,1920,0.8747
939,918,0.681102,2195,1920,0.8747
918,940,0.488569,2004,1600,0.7984
940,918,0.488569,2004,1600,0.7984
918,941,0.558886,1878,1551,0.8259
941,918,0.558886,1878,1551,0.8259
918,942,0.604667,2162,1815,0.8395
942,918,0.604667,2162,1815,0.8395
918,943,0.525114,1987,1542,0.776
943,918,0.525114,1987,1542,0.776
918,944,0.668668,1892,1620,0.8562
944,918,0.668668,1892,1620,0.8562
918,945,0.74487,1992,1789,0.8981
945,918,0.74487,1992,1789,0.8981
918,946,0.582748,1983,1613,0.8134
946,918,0.582748,1983,1613,0.8134
918,947,0.572334,1813,1500,0.8274
947,918,0.572334,1813,1500,0.8274
918,948,0.378333,1794,1343,0.7486
948,918,0.378333,1794,1343,0.7486
918,949,0.694594,2020,1775,0.8787
949,918,0.694594,2020,1775,0.8787
918,950,0.629548,2099,1806,0.8604
950,918,0.629548,2099,1806,0.8604
918,951,0.31699,1981,1428,0.7208
951,918,0.31699,1981,1428,0.7208
918,952,0.576217,2070,1724,0.8329
952,918,0.576217,2070,1724,0.8329
918,953,0.510977,2124,1755,0.8263
953,918,0.510977,2124,1755,0.8263
918,954,0.679216,1828,1584,0.8665
954,918,0.679216,1828,1584,0.8665
918,955,0.668614,2008,1726,0.8596
955,918,0.668614,2008,1726,0.8596
918,956,0.642743,2052,1769,0.8621
956,918,0.642743,2052,1769,0.8621
918,957,0.603624,2062,1745,0.8463
957,918,0.603624,2062,1745,0.8463
918,958,0.405544,1923,1488,0.7738
958,918,0.405544,1923,1488,0.7738
918,959,0.344363,2176,1625,0.7468
959,918,0.344363,2176,1625,0.7468
918,960,0.325244,2078,1517,0.73
960,918,0.325244,2078,1517,0.73
918,961,0.678833,2051,1804,0.8796
961,918,0.678833,2051,1804,0.8796
918,962,0.553119,1975,1574,0.797
962,918,0.553119,1975,1574,0.797
918,963,0.614577,2053,1754,0.8544
963,918,0.614577,2053,1754,0.8544
918,964,0.691175,1974,1731,0.8769
964,918,0.691175,1974,1731,0.8769
918,965,0.675375,2078,1807,0.8696
965,918,0.675375,2078,1807,0.8696
918,966,0.540897,1952,1532,0.7848
966,918,0.540897,1952,1532,0.7848
918,967,0.675398,2028,1780,0.8777
967,918,0.675398,2028,1780,0.8777
918,969,0.64359,2222,1939,0.8726
969,918,0.64359,2222,1939,0.8726
918,970,0.610756,2024,1758,0.8686
970,918,0.610756,2024,1758,0.8686
918,971,0.62198,2047,1759,0.8593
971,918,0.62198,2047,1759,0.8593
918,972,0.849668,2064,1948,0.9438
972,918,0.849668,2064,1948,0.9438
918,973,0.473177,1357,1025,0.7553
973,918,0.473177,1357,1025,0.7553
918,974,0.635711,1883,1618,0.8593
974,918,0.635711,1883,1618,0.8593
918,976,0.747947,1962,1751,0.8925
976,918,0.747947,1962,1751,0.8925
918,977,0.323846,2194,1625,0.7407
977,918,0.323846,2194,1625,0.7407
918,978,0.339919,1876,1393,0.7425
978,918,0.339919,1876,1393,0.7425
918,979,0.165172,74,58,0.7838
979,918,0.165172,74,58,0.7838
919,920,0.556553,2188,1811,0.8277
920,919,0.556553,2188,1811,0.8277
919,921,0.403667,2028,1564,0.7712
921,919,0.403667,2028,1564,0.7712
919,922,0.605831,2143,1806,0.8427
922,919,0.605831,2143,1806,0.8427
919,923,0.457568,2322,1839,0.792
923,919,0.457568,2322,1839,0.792
919,924,0.674658,2264,1979,0.8741
924,919,0.674658,2264,1979,0.8741
919,925,0.343757,2256,1697,0.7522
925,919,0.343757,2256,1697,0.7522
919,926,0.486295,2000,1625,0.8125
926,919,0.486295,2000,1625,0.8125
919,927,0.671191,2181,1903,0.8725
927,919,0.671191,2181,1903,0.8725
919,928,0.615236,2150,1819,0.846
928,919,0.615236,2150,1819,0.846
919,929,0.470754,2077,1653,0.7959
929,919,0.470754,2077,1653,0.7959
919,930,0.310371,2231,1571,0.7042
930,919,0.310371,2231,1571,0.7042
919,931,0.379512,1632,1214,0.7439
931,919,0.379512,1632,1214,0.7439
919,932,0.651581,2243,1931,0.8609
932,919,0.651581,2243,1931,0.8609
919,933,0.522666,1821,1445,0.7935
933,919,0.522666,1821,1445,0.7935
919,934,0.306693,2204,1606,0.7287
934,919,0.306693,2204,1606,0.7287
919,935,0.24756,2152,1444,0.671
935,919,0.24756,2152,1444,0.671
919,936,-0.333333,10,4,0.4
936,919,-0.333333,10,4,0.4
919,937,0.258106,2204,1532,0.6951
937,919,0.258106,2204,1532,0.6951
919,938,0.115083,340,228,0.6706
938,919,0.115083,340,228,0.6706
919,939,0.635336,2284,1947,0.8525
939,919,0.635336,2284,1947,0.8525
919,940,0.464109,2058,1605,0.7799
940,919,0.464109,2058,1605,0.7799
919,941,0.568055,1956,1615,0.8257
941,919,0.568055,1956,1615,0.8257
919,942,0.527389,2213,1781,0.8048
942,919,0.527389,2213,1781,0.8048
919,943,0.538489,2057,1623,0.789
943,919,0.538489,2057,1623,0.789
919,944,0.653763,1937,1648,0.8508
944,919,0.653763,1937,1648,0.8508
919,945,0.718194,2041,1807,0.8854
945,919,0.718194,2041,1807,0.8854
919,946,0.573082,1994,1616,0.8104
946,919,0.573082,1994,1616,0.8104
919,947,0.550022,1861,1514,0.8135
947,919,0.550022,1861,1514,0.8135
919,948,0.325373,1813,1303,0.7187
948,919,0.325373,1813,1303,0.7187
919,949,0.615678,2098,1770,0.8437
949,919,0.615678,2098,1770,0.8437
919,950,0.556825,2182,1798,0.824
950,919,0.556825,2182,1798,0.824
919,951,0.264121,2071,1443,0.6968
951,919,0.264121,2071,1443,0.6968
919,952,0.522931,2088,1680,0.8046
952,919,0.522931,2088,1680,0.8046
919,953,0.475633,2198,1762,0.8016
953,919,0.475633,2198,1762,0.8016
919,954,0.657651,1847,1577,0.8538
954,919,0.657651,1847,1577,0.8538
919,955,0.624954,2062,1731,0.8395
955,919,0.624954,2062,1731,0.8395
919,956,0.601245,2120,1783,0.841
956,919,0.601245,2120,1783,0.841
919,957,0.54648,2134,1743,0.8168
957,919,0.54648,2134,1743,0.8168
919,958,0.339527,2016,1481,0.7346
958,919,0.339527,2016,1481,0.7346
919,959,0.266851,2236,1578,0.7057
959,919,0.266851,2236,1578,0.7057
919,960,0.252261,2168,1505,0.6942
960,919,0.252261,2168,1505,0.6942
919,961,0.64716,2130,1838,0.8629
961,919,0.64716,2130,1838,0.8629
919,962,0.569238,2006,1618,0.8066
962,919,0.569238,2006,1618,0.8066
919,963,0.583013,2135,1785,0.8361
963,919,0.583013,2135,1785,0.8361
919,964,0.656169,2008,1724,0.8586
964,919,0.656169,2008,1724,0.8586
919,965,0.63456,2121,1805,0.851
965,919,0.63456,2121,1805,0.851
919,966,0.552418,2000,1586,0.793
966,919,0.552418,2000,1586,0.793
919,967,0.602968,2108,1776,0.8425
967,919,0.602968,2108,1776,0.8425
919,969,0.577227,2298,1925,0.8377
969,919,0.577227,2298,1925,0.8377
919,970,0.519566,2091,1721,0.8231
970,919,0.519566,2091,1721,0.8231
919,971,0.574326,2113,1762,0.8339
971,919,0.574326,2113,1762,0.8339
919,972,0.77964,2125,1939,0.9125
972,919,0.77964,2125,1939,0.9125
919,973,0.48232,1367,1035,0.7571
973,919,0.48232,1367,1035,0.7571
919,974,0.608013,1928,1627,0.8439
974,919,0.608013,1928,1627,0.8439
919,976,0.708028,2045,1786,0.8733
976,919,0.708028,2045,1786,0.8733
919,977,0.256735,2262,1585,0.7007
977,919,0.256735,2262,1585,0.7007
919,978,0.298319,1951,1400,0.7176
978,919,0.298319,1951,1400,0.7176
919,979,0.091727,73,52,0.7123
979,919,0.091727,73,52,0.7123
920,921,0.489891,1993,1645,0.8254
921,920,0.489891,1993,1645,0.8254
920,922,0.691192,2076,1836,0.8844
922,920,0.691192,2076,1836,0.8844
920,923,0.47135,2244,1828,0.8146
923,920,0.47135,2244,1828,0.8146
920,924,0.620818,2137,1851,0.8662
924,920,0.620818,2137,1851,0.8662
920,925,0.462089,2157,1758,0.815
925,920,0.462089,2157,1758,0.815
920,926,0.560044,1904,1641,0.8619
926,920,0.560044,1904,1641,0.8619
920,927,0.666782,2113,1865,0.8826
927,920,0.666782,2113,1865,0.8826
920,928,0.631108,2043,1768,0.8654
928,920,0.631108,2043,1768,0.8654
920,929,0.444626,1998,1593,0.7973
929,920,0.444626,1998,1593,0.7973
920,930,0.365424,2146,1581,0.7367
930,920,0.365424,2146,1581,0.7367
920,931,0.421371,1546,1184,0.7658
931,920,0.421371,1546,1184,0.7658
920,932,0.660503,2162,1889,0.8737
932,920,0.660503,2162,1889,0.8737
920,933,0.513293,1785,1429,0.8006
933,920,0.513293,1785,1429,0.8006
920,934,0.470012,2161,1743,0.8066
934,920,0.470012,2161,1743,0.8066
920,935,0.345602,2121,1521,0.7171
935,920,0.345602,2121,1521,0.7171
920,936,1.0,14,14,1.0
936,920,1.0,14,14,1.0
920,937,0.398024,2141,1636,0.7641
937,920,0.398024,2141,1636,0.7641
920,938,0.670353,316,281,0.8892
938,920,0.670353,316,281,0.8892
920,939,0.644205,2220,1915,0.8626
939,920,0.644205,2220,1915,0.8626
920,940,0.598592,2011,1700,0.8454
940,920,0.598592,2011,1700,0.8454
920,941,0.720652,1957,1749,0.8937
941,920,0.720652,1957,1749,0.8937
920,942,0.575051,2145,1780,0.8298
942,920,0.575051,2145,1780,0.8298
920,943,0.419648,2025,1497,0.7393
943,920,0.419648,2025,1497,0.7393
920,944,0.505106,1870,1474,0.7882
944,920,0.505106,1870,1474,0.7882
920,945,0.575421,2014,1678,0.8332
945,920,0.575421,2014,1678,0.8332
920,946,0.441836,1908,1441,0.7552
946,920,0.441836,1908,1441,0.7552
920,947,0.404729,1822,1393,0.7645
947,920,0.404729,1822,1393,0.7645
920,948,0.411583,1728,1317,0.7622
948,920,0.411583,1728,1317,0.7622
920,949,0.667605,2087,1815,0.8697
949,920,0.667605,2087,1815,0.8697
920,950,0.578461,2111,1782,0.8441
950,920,0.578461,2111,1782,0.8441
920,951,0.398815,2023,1542,0.7622
951,920,0.398815,2023,1542,0.7622
920,952,0.468106,1999,1583,0.7919
952,920,0.468106,1999,1583,0.7919
920,953,0.631505,2163,1892,0.8747
953,920,0.631505,2163,1892,0.8747
920,954,0.504238,1818,1444,0.7943
954,920,0.504238,1818,1444,0.7943
920,955,0.521972,1986,1590,0.8006
955,920,0.521972,1986,1590,0.8006
920,956,0.489129,2078,1680,0.8085
956,920,0.489129,2078,1680,0.8085
920,957,0.485319,2094,1687,0.8056
957,920,0.485319,2094,1687,0.8056
920,958,0.456612,1977,1573,0.7956
958,920,0.456612,1977,1573,0.7956
920,959,0.427901,2163,1701,0.7864
959,920,0.427901,2163,1701,0.7864
920,960,0.428663,2100,1634,0.7781
960,920,0.428663,2100,1634,0.7781
920,961,0.586187,2037,1729,0.8488
961,920,0.586187,2037,1729,0.8488
920,962,0.410733,1954,1448,0.741
962,920,0.410733,1954,1448,0.741
920,963,0.570107,2073,1749,0.8437
963,920,0.570107,2073,1749,0.8437
920,964,0.49456,1974,1583,0.8019
964,920,0.49456,1974,1583,0.8019
920,965,0.54735,2054,1694,0.8247
965,920,0.54735,2054,1694,0.8247
920,966,0.40277,1954,1419,0.7262
966,920,0.40277,1954,1419,0.7262
920,967,0.600286,2092,1788,0.8547
967,920,0.600286,2092,1788,0.8547
920,969,0.60798,2221,1923,0.8658
969,920,0.60798,2221,1923,0.8658
920,970,0.487758,2023,1678,0.8295
970,920,0.487758,2023,1678,0.8295
920,971,0.595502,2053,1752,0.8534
971,920,0.595502,2053,1752,0.8534
920,972,0.649165,2023,1765,0.8725
972,920,0.649165,2023,1765,0.8725
920,973,0.29781,1317,888,0.6743
973,920,0.29781,1317,888,0.6743
920,974,0.573576,1879,1578,0.8398
974,920,0.573576,1879,1578,0.8398
920,976,0.522713,1964,1570,0.7994
976,920,0.522713,1964,1570,0.7994
920,977,0.409211,2200,1712,0.7782
977,920,0.409211,2200,1712,0.7782
920,978,0.385876,1898,1461,0.7698
978,920,0.385876,1898,1461,0.7698
920,979,0.45675,63,57,0.9048
979,920,0.45675,63,57,0.9048
921,922,0.472262,1888,1526,0.8083
922,921,0.472262,1888,1526,0.8083
921,923,0.415355,2062,1658,0.8041
923,921,0.415355,2062,1658,0.8041
921,924,0.459327,1960,1603,0.8179
924,921,0.459327,1960,1603,0.8179
921,925,0.419249,2014,1633,0.8108
925,921,0.419249,2014,1633,0.8108
921,926,0.449014,1811,1510,0.8338
926,921,0.449014,1811,1510,0.8338
921,927,0.481518,1996,1648,0.8257
927,921,0.481518,1996,1648,0.8257
921,928,0.473425,1897,1548,0.816
928,921,0.473425,1897,1548,0.816
921,929,0.406602,1860,1475,0.793
929,921,0.406602,1860,1475,0.793
921,930,0.358583,2004,1485,0.741
930,921,0.358583,2004,1485,0.741
921,931,0.398161,1446,1104,0.7635
931,921,0.398161,1446,1104,0.7635
921,932,0.484393,1987,1615,0.8128
932,921,0.484393,1987,1615,0.8128
921,933,0.326423,1655,1204,0.7275
933,921,0.326423,1655,1204,0.7275
921,934,0.482945,2006,1642,0.8185
934,921,0.482945,2006,1642,0.8185
921,935,0.388858,1946,1440,0.74
935,921,0.388858,1946,1440,0.74
921,936,-0.175412,14,9,0.6429
936,921,-0.175412,14,9,0.6429
921,937,0.422099,2019,1584,0.7845
937,921,0.422099,2019,1584,0.7845
921,938,0.452885,315,259,0.8222
938,921,0.452885,315,259,0.8222
921,939,0.458185,2044,1634,0.7994
939,921,0.458185,2044,1634,0.7994
921,940,0.411829,1835,1429,0.7787
940,921,0.411829,1835,1429,0.7787
921,941,0.476849,1769,1424,0.805
941,921,0.476849,1769,1424,0.805
921,942,0.435954,1991,1556,0.7815
942,921,0.435954,1991,1556,0.7815
921,943,0.323559,1816,1263,0.6955
943,921,0.323559,1816,1263,0.6955
921,944,0.414727,1703,1292,0.7587
944,921,0.414727,1703,1292,0.7587
921,945,0.457015,1843,1459,0.7916
945,921,0.457015,1843,1459,0.7916
921,946,0.340699,1812,1299,0.7169
946,921,0.340699,1812,1299,0.7169
921,947,0.311621,1618,1181,0.7299
947,921,0.311621,1618,1181,0.7299
921,948,0.377056,1629,1237,0.7594
948,921,0.377056,1629,1237,0.7594
921,949,0.442248,1892,1493,0.7891
949,921,0.442248,1892,1493,0.7891
921,950,0.528304,1966,1644,0.8362
950,921,0.528304,1966,1644,0.8362
921,951,0.420966,1877,1455,0.7752
951,921,0.420966,1877,1455,0.7752
921,952,0.391528,1923,1491,0.7754
952,921,0.391528,1923,1491,0.7754
921,953,0.446075,1947,1602,0.8228
953,921,0.446075,1947,1602,0.8228
921,954,0.377028,1647,1231,0.7474
954,921,0.377028,1647,1231,0.7474
921,955,0.399108,1874,1427,0.7615
955,921,0.399108,1874,1427,0.7615
921,956,0.377169,1915,1480,0.7728
956,921,0.377169,1915,1480,0.7728
921,957,0.416088,1962,1553,0.7915
957,921,0.416088,1962,1553,0.7915
921,958,0.509158,1865,1530,0.8204
958,921,0.509158,1865,1530,0.8204
921,959,0.471346,2010,1625,0.8085
959,921,0.471346,2010,1625,0.8085
921,960,0.425045,1928,1514,0.7853
960,921,0.425045,1928,1514,0.7853
921,961,0.432547,1891,1512,0.7996
961,921,0.432547,1891,1512,0.7996
921,962,0.329651,1770,1240,0.7006
962,921,0.329651,1770,1240,0.7006
921,963,0.495957,1927,1589,0.8246
963,921,0.495957,1927,1589,0.8246
921,964,0.404346,1848,1428,0.7727
964,921,0.404346,1848,1428,0.7727
921,965,0.378727,1927,1462,0.7587
965,921,0.378727,1927,1462,0.7587
921,966,0.313854,1771,1212,0.6844
966,921,0.313854,1771,1212,0.6844
921,967,0.481635,1918,1570,0.8186
967,921,0.481635,1918,1570,0.8186
921,969,0.520566,2044,1727,0.8449
969,921,0.520566,2044,1727,0.8449
921,970,0.357979,1881,1486,0.79
970,921,0.357979,1881,1486,0.79
921,971,0.477134,1918,1569,0.818
971,921,0.477134,1918,1569,0.818
921,972,0.480737,1884,1531,0.8126
972,921,0.480737,1884,1531,0.8126
921,973,0.2027,1250,792,0.6336
973,921,0.2027,1250,792,0.6336
921,974,0.394712,1808,1414,0.7821
974,921,0.394712,1808,1414,0.7821
921,976,0.39937,1771,1325,0.7482
976,921,0.39937,1771,1325,0.7482
921,977,0.435843,2017,1600,0.7933
977,921,0.435843,2017,1600,0.7933
921,978,0.434842,1715,1365,0.7959
978,921,0.434842,1715,1365,0.7959
921,979,0.434012,61,56,0.918
979,921,0.434012,61,56,0.918
922,923,0.476683,2178,1766,0.8108
923,922,0.476683,2178,1766,0.8108
922,924,0.657193,2089,1828,0.8751
924,922,0.657193,2089,1828,0.8751
922,925,0.425354,2104,1667,0.7923
925,922,0.425354,2104,1667,0.7923
922,926,0.557077,1834,1560,0.8506
926,922,0.557077,1834,1560,0.8506
922,927,0.741916,2059,1863,0.9048
927,922,0.741916,2059,1863,0.9048
922,928,0.691837,2023,1787,0.8833
928,922,0.691837,2023,1787,0.8833
922,929,0.463287,1946,1554,0.7986
929,922,0.463287,1946,1554,0.7986
922,930,0.316779,2113,1502,0.7108
930,922,0.316779,2113,1502,0.7108
922,931,0.455961,1568,1215,0.7749
931,922,0.455961,1568,1215,0.7749
922,932,0.721342,2097,1873,0.8932
932,922,0.721342,2097,1873,0.8932
922,933,0.412745,1708,1282,0.7506
933,922,0.412745,1708,1282,0.7506
922,934,0.424985,2080,1618,0.7779
934,922,0.424985,2080,1618,0.7779
922,935,0.332632,2016,1423,0.7059
935,922,0.332632,2016,1423,0.7059
922,936,1.0,14,14,1.0
936,922,1.0,14,14,1.0
922,937,0.362393,2095,1558,0.7437
937,922,0.362393,2095,1558,0.7437
922,938,0.581082,276,231,0.837
938,922,0.581082,276,231,0.837
922,939,0.677331,2152,1878,0.8727
939,922,0.677331,2152,1878,0.8727
922,940,0.460377,1920,1504,0.7833
940,922,0.460377,1920,1504,0.7833
922,941,0.58488,1822,1520,0.8342
941,922,0.58488,1822,1520,0.8342
922,942,0.678678,2064,1792,0.8682
942,922,0.678678,2064,1792,0.8682
922,943,0.445921,1909,1427,0.7475
943,922,0.445921,1909,1427,0.7475
922,944,0.586938,1820,1496,0.822
944,922,0.586938,1820,1496,0.822
922,945,0.658356,1902,1640,0.8623
945,922,0.658356,1902,1640,0.8623
922,946,0.471876,1843,1409,0.7645
946,922,0.471876,1843,1409,0.7645
922,947,0.480989,1761,1387,0.7876
947,922,0.480989,1761,1387,0.7876
922,948,0.374412,1651,1213,0.7347
948,922,0.374412,1651,1213,0.7347
922,949,0.672808,1991,1725,0.8664
949,922,0.672808,1991,1725,0.8664
922,950,0.619292,2063,1760,0.8531
950,922,0.619292,2063,1760,0.8531
922,951,0.366226,1967,1453,0.7387
951,922,0.366226,1967,1453,0.7387
922,952,0.54506,1931,1576,0.8162
952,922,0.54506,1931,1576,0.8162
922,953,0.559026,2066,1740,0.8422
953,922,0.559026,2066,1740,0.8422
922,954,0.565069,1733,1411,0.8142
954,922,0.565069,1733,1411,0.8142
922,955,0.561414,1919,1558,0.8119
955,922,0.561414,1919,1558,0.8119
922,956,0.545994,1966,1620,0.824
956,922,0.545994,1966,1620,0.824
922,957,0.542945,2008,1649,0.8212
957,922,0.542945,2008,1649,0.8212
922,958,0.407014,1895,1455,0.7678
958,922,0.407014,1895,1455,0.7678
922,959,0.396412,2114,1615,0.764
959,922,0.396412,2114,1615,0.764
922,960,0.40452,2059,1565,0.7601
960,922,0.40452,2059,1565,0.7601
922,961,0.61069,2020,1722,0.8525
961,922,0.61069,2020,1722,0.8525
922,962,0.448016,1870,1400,0.7487
962,922,0.448016,1870,1400,0.7487
922,963,0.631633,2003,1723,0.8602
963,922,0.631633,2003,1723,0.8602
922,964,0.553539,1878,1536,0.8179
964,922,0.553539,1878,1536,0.8179
922,965,0.589003,1986,1658,0.8348
965,922,0.589003,1986,1658,0.8348
922,966,0.447527,1855,1376,0.7418
966,922,0.447527,1855,1376,0.7418
922,967,0.654916,1987,1724,0.8676
967,922,0.654916,1987,1724,0.8676
922,969,0.653229,2168,1896,0.8745
969,922,0.653229,2168,1896,0.8745
922,970,0.544151,1965,1654,0.8417
970,922,0.544151,1965,1654,0.8417
922,971,0.722102,1987,1780,0.8958
971,922,0.722102,1987,1780,0.8958
922,972,0.70131,1942,1718,0.8847
972,922,0.70131,1942,1718,0.8847
922,973,0.334966,1310,900,0.687
973,922,0.334966,1310,900,0.687
922,974,0.64362,1824,1571,0.8613
974,922,0.64362,1824,1571,0.8613
922,976,0.556606,1917,1550,0.8086
976,922,0.556606,1917,1550,0.8086
922,977,0.37256,2131,1611,0.756
977,922,0.37256,2131,1611,0.756
922,978,0.37113,1877,1420,0.7565
978,922,0.37113,1877,1420,0.7565
922,979,0.368003,71,64,0.9014
979,922,0.368003,71,64,0.9014
923,924,0.489089,2281,1884,0.826
924,923,0.489089,2281,1884,0.826
923,925,0.429643,2296,1865,0.8123
925,923,0.429643,2296,1865,0.8123
923,926,0.636098,2065,1832,0.8872
926,923,0.636098,2065,1832,0.8872
923,927,0.524525,2219,1854,0.8355
927,923,0.524525,2219,1854,0.8355
923,928,0.48575,2162,1768,0.8178
928,923,0.48575,2162,1768,0.8178
923,929,0.511732,2151,1769,0.8224
929,923,0.511732,2151,1769,0.8224
923,930,0.437027,2287,1746,0.7634
930,923,0.437027,2287,1746,0.7634
923,931,0.494274,1658,1322,0.7973
931,923,0.494274,1658,1322,0.7973
923,932,0.486389,2293,1865,0.8133
932,923,0.486389,2293,1865,0.8133
923,933,0.335017,1836,1334,0.7266
933,923,0.335017,1836,1334,0.7266
923,934,0.414597,2263,1792,0.7919
934,923,0.414597,2263,1792,0.7919
923,935,0.325735,2221,1587,0.7145
935,923,0.325735,2221,1587,0.7145
923,936,1.0,14,14,1.0
936,923,1.0,14,14,1.0
923,937,0.401573,2269,1747,0.7699
937,923,0.401573,2269,1747,0.7699
923,938,0.432365,347,276,0.7954
938,923,0.432365,347,276,0.7954
923,939,0.442145,2319,1830,0.7891
939,923,0.442145,2319,1830,0.7891
923,940,0.373438,2087,1584,0.759
940,923,0.373438,2087,1584,0.759
923,941,0.433087,1998,1569,0.7853
941,923,0.433087,1998,1569,0.7853
923,942,0.444858,2256,1760,0.7801
942,923,0.444858,2256,1760,0.7801
923,943,0.372112,2114,1517,0.7176
943,923,0.372112,2114,1517,0.7176
923,944,0.397188,1955,1462,0.7478
944,923,0.397188,1955,1462,0.7478
923,945,0.446557,2091,1647,0.7877
945,923,0.446557,2091,1647,0.7877
923,946,0.3331,1997,1420,0.7111
946,923,0.3331,1997,1420,0.7111
923,947,0.310087,1865,1368,0.7335
947,923,0.310087,1865,1368,0.7335
923,948,0.357237,1807,1345,0.7443
948,923,0.357237,1807,1345,0.7443
923,949,0.428581,2142,1670,0.7796
949,923,0.428581,2142,1670,0.7796
923,950,0.448102,2222,1784,0.8029
950,923,0.448102,2222,1784,0.8029
923,951,0.392826,2120,1619,0.7637
951,923,0.392826,2120,1619,0.7637
923,952,0.374849,2133,1624,0.7614
952,923,0.374849,2133,1624,0.7614
923,953,0.445932,2239,1827,0.816
953,923,0.445932,2239,1827,0.816
923,954,0.391913,1863,1406,0.7547
954,923,0.391913,1863,1406,0.7547
923,955,0.448532,2094,1617,0.7722
955,923,0.448532,2094,1617,0.7722
923,956,0.388033,2161,1677,0.776
956,923,0.388033,2161,1677,0.776
923,957,0.443277,2183,1736,0.7952
957,923,0.443277,2183,1736,0.7952
923,958,0.341934,2051,1553,0.7572
958,923,0.341934,2051,1553,0.7572
923,959,0.396436,2298,1787,0.7776
959,923,0.396436,2298,1787,0.7776
923,960,0.39872,2210,1704,0.771
960,923,0.39872,2210,1704,0.771
923,961,0.438131,2139,1708,0.7985
961,923,0.438131,2139,1708,0.7985
923,962,0.355414,2032,1458,0.7175
962,923,0.355414,2032,1458,0.7175
923,963,0.466714,2188,1775,0.8112
963,923,0.466714,2188,1775,0.8112
923,964,0.393831,2030,1556,0.7665
964,923,0.393831,2030,1556,0.7665
923,965,0.422891,2199,1711,0.7781
965,923,0.422891,2199,1711,0.7781
923,966,0.354266,2018,1429,0.7081
966,923,0.354266,2018,1429,0.7081
923,967,0.430397,2151,1711,0.7954
967,923,0.430397,2151,1711,0.7954
923,969,0.474826,2378,1967,0.8272
969,923,0.474826,2378,1967,0.8272
923,970,0.512961,2165,1819,0.8402
970,923,0.512961,2165,1819,0.8402
923,971,0.506478,2189,1812,0.8278
971,923,0.506478,2189,1812,0.8278
923,972,0.511949,2119,1752,0.8268
972,923,0.511949,2119,1752,0.8268
923,973,0.284608,1377,926,0.6725
973,923,0.284608,1377,926,0.6725
923,974,0.464328,1958,1574,0.8039
974,923,0.464328,1958,1574,0.8039
923,976,0.400258,2030,1519,0.7483
976,923,0.400258,2030,1519,0.7483
923,977,0.36278,2331,1782,0.7645
977,923,0.36278,2331,1782,0.7645
923,978,0.377338,1999,1545,0.7729
978,923,0.377338,1999,1545,0.7729
923,979,-0.021701,67,50,0.7463
979,923,-0.021701,67,50,0.7463
924,925,0.409409,2191,1750,0.7987
925,924,0.409409,2191,1750,0.7987
924,926,0.550691,1928,1663,0.8626
926,924,0.550691,1928,1663,0.8626
924,927,0.711952,2115,1904,0.9002
927,924,0.711952,2115,1904,0.9002
924,928,0.627546,2094,1818,0.8682
928,924,0.627546,2094,1818,0.8682
924,929,0.444492,2019,1612,0.7984
929,924,0.444492,2019,1612,0.7984
924,930,0.358478,2183,1602,0.7339
930,924,0.358478,2183,1602,0.7339
924,931,0.39129,1563,1193,0.7633
931,924,0.39129,1563,1193,0.7633
924,932,0.714936,2194,1968,0.897
932,924,0.714936,2194,1968,0.897
924,933,0.446223,1736,1335,0.769
933,924,0.446223,1736,1335,0.769
924,934,0.391218,2148,1674,0.7793
934,924,0.391218,2148,1674,0.7793
924,935,0.289453,2105,1466,0.6964
935,924,0.289453,2105,1466,0.6964
924,936,-0.175412,14,9,0.6429
936,924,-0.175412,14,9,0.6429
924,937,0.334844,2163,1605,0.742
937,924,0.334844,2163,1605,0.742
924,938,0.518191,356,298,0.8371
938,924,0.518191,356,298,0.8371
924,939,0.644965,2233,1928,0.8634
939,924,0.644965,2233,1928,0.8634
924,940,0.469423,1993,1584,0.7948
940,924,0.469423,1993,1584,0.7948
924,941,0.533717,1879,1541,0.8201
941,924,0.533717,1879,1541,0.8201
924,942,0.585207,2155,1798,0.8343
942,924,0.585207,2155,1798,0.8343
924,943,0.462399,2009,1507,0.7501
943,924,0.462399,2009,1507,0.7501
924,944,0.584989,1883,1549,0.8226
944,924,0.584989,1883,1549,0.8226
924,945,0.677649,1979,1729,0.8737
945,924,0.677649,1979,1729,0.8737
924,946,0.517536,1927,1515,0.7862
946,924,0.517536,1927,1515,0.7862
924,947,0.497179,1785,1435,0.8039
947,924,0.497179,1785,1435,0.8039
924,948,0.403611,1726,1328,0.7694
948,924,0.403611,1726,1328,0.7694
924,949,0.657946,2034,1760,0.8653
949,924,0.657946,2034,1760,0.8653
924,950,0.639328,2108,1831,0.8686
950,924,0.639328,2108,1831,0.8686
924,951,0.329488,2013,1478,0.7342
951,924,0.329488,2013,1478,0.7342
924,952,0.5514,2017,1665,0.8255
952,924,0.5514,2017,1665,0.8255
924,953,0.520477,2145,1799,0.8387
953,924,0.520477,2145,1799,0.8387
924,954,0.616919,1767,1489,0.8427
954,924,0.616919,1767,1489,0.8427
924,955,0.616388,1987,1671,0.841
955,924,0.616388,1987,1671,0.841
924,956,0.584025,2051,1733,0.845
956,924,0.584025,2051,1733,0.845
924,957,0.591367,2070,1755,0.8478
957,924,0.591367,2070,1755,0.8478
924,958,0.399864,1941,1510,0.7779
958,924,0.399864,1941,1510,0.7779
924,959,0.361794,2193,1672,0.7624
959,924,0.361794,2193,1672,0.7624
924,960,0.357577,2110,1587,0.7521
960,924,0.357577,2110,1587,0.7521
924,961,0.65035,2050,1789,0.8727
961,924,0.65035,2050,1789,0.8727
924,962,0.492782,1947,1505,0.773
962,924,0.492782,1947,1505,0.773
924,963,0.62634,2077,1797,0.8652
963,924,0.62634,2077,1797,0.8652
924,964,0.605667,1946,1644,0.8448
964,924,0.605667,1946,1644,0.8448
924,965,0.616728,2078,1767,0.8503
965,924,0.616728,2078,1767,0.8503
924,966,0.477876,1937,1468,0.7579
966,924,0.477876,1937,1468,0.7579
924,967,0.645458,2044,1783,0.8723
967,924,0.645458,2044,1783,0.8723
924,969,0.643051,2263,1997,0.8825
969,924,0.643051,2263,1997,0.8825
924,970,0.584237,2039,1765,0.8656
970,924,0.584237,2039,1765,0.8656
924,971,0.628195,2063,1792,0.8686
971,924,0.628195,2063,1792,0.8686
924,972,0.823427,2060,1931,0.9374
972,924,0.823427,2060,1931,0.9374
924,973,0.396811,1262,907,0.7187
973,924,0.396811,1262,907,0.7187
924,974,0.692002,1853,1642,0.8861
974,924,0.692002,1853,1642,0.8861
924,976,0.642965,1953,1654,0.8469
976,924,0.642965,1953,1654,0.8469
924,977,0.346376,2226,1686,0.7574
977,924,0.346376,2226,1686,0.7574
924,978,0.342769,1888,1421,0.7526
978,924,0.342769,1888,1421,0.7526
924,979,0.253045,74,65,0.8784
979,924,0.253045,74,65,0.8784
925,926,0.468155,1970,1657,0.8411
926,925,0.468155,1970,1657,0.8411
925,927,0.434426,2186,1772,0.8106
927,925,0.434426,2186,1772,0.8106
925,928,0.452648,2109,1718,0.8146
928,925,0.452648,2109,1718,0.8146
925,929,0.354593,2049,1586,0.774
929,925,0.354593,2049,1586,0.774
925,930,0.310426,2214,1601,0.7231
930,925,0.310426,2214,1601,0.7231
925,931,0.37812,1623,1227,0.756
931,925,0.37812,1623,1227,0.756
925,932,0.422284,2224,1766,0.7941
932,925,0.422284,2224,1766,0.7941
925,933,0.267426,1813,1275,0.7033
933,925,0.267426,1813,1275,0.7033
925,934,0.487332,2194,1794,0.8177
934,925,0.487332,2194,1794,0.8177
925,935,0.383732,2134,1572,0.7366
935,925,0.383732,2134,1572,0.7366
925,936,1.0,14,14,1.0
936,925,1.0,14,14,1.0
925,937,0.468344,2219,1772,0.7986
937,925,0.468344,2219,1772,0.7986
925,938,0.566784,312,264,0.8462
938,925,0.566784,312,264,0.8462
925,939,0.372884,2248,1721,0.7656
939,925,0.372884,2248,1721,0.7656
925,940,0.341996,2029,1522,0.7501
940,925,0.341996,2029,1522,0.7501
925,941,0.372792,1946,1489,0.7652
941,925,0.372792,1946,1489,0.7652
925,942,0.421478,2199,1710,0.7776
942,925,0.421478,2199,1710,0.7776
925,943,0.230897,2009,1331,0.6625
943,925,0.230897,2009,1331,0.6625
925,944,0.316845,1881,1352,0.7188
944,925,0.316845,1881,1352,0.7188
925,945,0.340968,2046,1534,0.7498
945,925,0.340968,2046,1534,0.7498
925,946,0.292875,1966,1369,0.6963
946,925,0.292875,1966,1369,0.6963
925,947,0.229512,1799,1261,0.7009
947,925,0.229512,1799,1261,0.7009
925,948,0.378161,1763,1331,0.755
948,925,0.378161,1763,1331,0.755
925,949,0.393123,2090,1602,0.7665
949,925,0.393123,2090,1602,0.7665
925,950,0.411848,2164,1709,0.7897
950,925,0.411848,2164,1709,0.7897
925,951,0.483838,2044,1634,0.7994
951,925,0.483838,2044,1634,0.7994
925,952,0.323567,2092,1572,0.7514
952,925,0.323567,2092,1572,0.7514
925,953,0.409685,2160,1750,0.8102
953,925,0.409685,2160,1750,0.8102
925,954,0.293168,1806,1290,0.7143
954,925,0.293168,1806,1290,0.7143
925,955,0.320603,2045,1479,0.7232
955,925,0.320603,2045,1479,0.7232
925,956,0.285679,2080,1536,0.7385
956,925,0.285679,2080,1536,0.7385
925,957,0.335131,2104,1595,0.7581
957,925,0.335131,2104,1595,0.7581
925,958,0.300037,1986,1476,0.7432
958,925,0.300037,1986,1476,0.7432
925,959,0.503445,2253,1846,0.8194
959,925,0.503445,2253,1846,0.8194
925,960,0.491352,2149,1733,0.8064
960,925,0.491352,2149,1733,0.8064
925,961,0.359228,2099,1622,0.7727
961,925,0.359228,2099,1622,0.7727
925,962,0.280368,1959,1341,0.6845
962,925,0.280368,1959,1341,0.6845
925,963,0.420667,2110,1686,0.7991
963,925,0.420667,2110,1686,0.7991
925,964,0.340375,1965,1465,0.7455
964,925,0.340375,1965,1465,0.7455
925,965,0.340829,2108,1577,0.7481
965,925,0.340829,2108,1577,0.7481
925,966,0.25718,1950,1298,0.6656
966,925,0.25718,1950,1298,0.6656
925,967,0.378707,2126,1662,0.7817
967,925,0.378707,2126,1662,0.7817
925,969,0.444984,2289,1885,0.8235
969,925,0.444984,2289,1885,0.8235
925,970,0.367069,2089,1668,0.7985
970,925,0.367069,2089,1668,0.7985
925,971,0.455318,2126,1729,0.8133
971,925,0.455318,2126,1729,0.8133
925,972,0.414856,2065,1638,0.7932
972,925,0.414856,2065,1638,0.7932
925,973,0.21523,1334,858,0.6432
973,925,0.21523,1334,858,0.6432
925,974,0.378209,1898,1465,0.7719
974,925,0.378209,1898,1465,0.7719
925,976,0.307372,1978,1407,0.7113
976,925,0.307372,1978,1407,0.7113
925,977,0.454492,2240,1793,0.8004
977,925,0.454492,2240,1793,0.8004
925,978,0.436908,1956,1556,0.7955
978,925,0.436908,1956,1556,0.7955
925,979,-0.096938,67,44,0.6567
979,925,-0.096938,67,44,0.6567
926,927,0.618985,1900,1674,0.8811
927,926,0.618985,1900,1674,0.8811
926,928,0.566738,1893,1630,0.8611
928,926,0.566738,1893,1630,0.8611
926,929,0.653011,1997,1750,0.8763
929,926,0.653011,1997,1750,0.8763
926,930,0.500451,1974,1576,0.7984
930,926,0.500451,1974,1576,0.7984
926,931,0.54542,1481,1209,0.8163
931,926,0.54542,1481,1209,0.8163
926,932,0.570168,1953,1670,0.8551
932,926,0.570168,1953,1670,0.8551
926,933,0.351645,1566,1170,0.7471
933,926,0.351645,1566,1170,0.7471
926,934,0.44077,1958,1602,0.8182
934,926,0.44077,1958,1602,0.8182
926,935,0.345109,1889,1399,0.7406
935,926,0.345109,1889,1399,0.7406
926,936,1.0,14,14,1.0
936,926,1.0,14,14,1.0
926,937,0.393639,1939,1520,0.7839
937,926,0.393639,1939,1520,0.7839
926,938,0.455058,350,285,0.8143
938,926,0.455058,350,285,0.8143
926,939,0.519531,1972,1638,0.8306
939,926,0.519531,1972,1638,0.8306
926,940,0.400977,1782,1410,0.7912
940,926,0.400977,1782,1410,0.7912
926,941,0.483648,1686,1384,0.8209
941,926,0.483648,1686,1384,0.8209
926,942,0.523395,1990,1643,0.8256
942,926,0.523395,1990,1643,0.8256
926,943,0.344191,1771,1238,0.699
943,926,0.344191,1771,1238,0.699
926,944,0.447075,1628,1262,0.7752
944,926,0.447075,1628,1262,0.7752
926,945,0.511137,1758,1442,0.8203
945,926,0.511137,1758,1442,0.8203
926,946,0.343264,1743,1263,0.7246
946,926,0.343264,1743,1263,0.7246
926,947,0.378848,1556,1186,0.7622
947,926,0.378848,1556,1186,0.7622
926,948,0.377337,1579,1238,0.784
948,926,0.377337,1579,1238,0.784
926,949,0.5148,1885,1559,0.8271
949,926,0.5148,1885,1559,0.8271
926,950,0.520547,1903,1596,0.8387
950,926,0.520547,1903,1596,0.8387
926,951,0.425069,1795,1429,0.7961
951,926,0.425069,1795,1429,0.7961
926,952,0.420975,1877,1480,0.7885
952,926,0.420975,1877,1480,0.7885
926,953,0.45527,1920,1609,0.838
953,926,0.45527,1920,1609,0.838
926,954,0.467861,1579,1252,0.7929
954,926,0.467861,1579,1252,0.7929
926,955,0.505279,1810,1467,0.8105
955,926,0.505279,1810,1467,0.8105
926,956,0.45045,1858,1490,0.8019
956,926,0.45045,1858,1490,0.8019
926,957,0.538752,1902,1591,0.8365
957,926,0.538752,1902,1591,0.8365
926,958,0.380334,1752,1378,0.7865
958,926,0.380334,1752,1378,0.7865
926,959,0.430689,1987,1611,0.8108
959,926,0.430689,1987,1611,0.8108
926,960,0.429643,1897,1520,0.8013
960,926,0.429643,1897,1520,0.8013
926,961,0.523141,1817,1531,0.8426
961,926,0.523141,1817,1531,0.8426
926,962,0.340161,1715,1212,0.7067
962,926,0.340161,1715,1212,0.7067
926,963,0.540514,1841,1556,0.8452
963,926,0.540514,1841,1556,0.8452
926,964,0.424586,1781,1413,0.7934
964,926,0.424586,1781,1413,0.7934
926,965,0.498748,1889,1522,0.8057
965,926,0.498748,1889,1522,0.8057
926,966,0.333383,1691,1171,0.6925
966,926,0.333383,1691,1171,0.6925
926,967,0.529218,1806,1526,0.845
967,926,0.529218,1806,1526,0.845
926,969,0.535377,2025,1748,0.8632
969,926,0.535377,2025,1748,0.8632
926,970,0.588166,1963,1705,0.8686
970,926,0.588166,1963,1705,0.8686
926,971,0.543424,1917,1629,0.8498
971,926,0.543424,1917,1629,0.8498
926,972,0.572945,1838,1580,0.8596
972,926,0.572945,1838,1580,0.8596
926,973,0.314496,1250,856,0.6848
973,926,0.314496,1250,856,0.6848
926,974,0.540477,1671,1410,0.8438
974,926,0.540477,1671,1410,0.8438
926,976,0.483769,1713,1361,0.7945
976,926,0.483769,1713,1361,0.7945
926,977,0.403115,2016,1611,0.7991
977,926,0.403115,2016,1611,0.7991
926,978,0.402015,1679,1349,0.8035
978,926,0.402015,1679,1349,0.8035
926,979,-0.095238,69,57,0.8261
979,926,-0.095238,69,57,0.8261
927,928,0.765284,2052,1881,0.9167
928,927,0.765284,2052,1881,0.9167
927,929,0.530531,1982,1649,0.832
929,927,0.530531,1982,1649,0.832
927,930,0.370403,2160,1591,0.7366
930,927,0.370403,2160,1591,0.7366
927,931,0.46238,1578,1239,0.7852
931,927,0.46238,1578,1239,0.7852
927,932,0.741621,2151,1946,0.9047
932,927,0.741621,2151,1946,0.9047
927,933,0.450979,1797,1395,0.7763
933,927,0.450979,1797,1395,0.7763
927,934,0.375809,2135,1652,0.7738
934,927,0.375809,2135,1652,0.7738
927,935,0.302036,2066,1453,0.7033
935,927,0.302036,2066,1453,0.7033
927,936,-1.0,14,13,0.9286
936,927,-1.0,14,13,0.9286
927,937,0.330828,2159,1608,0.7448
937,927,0.330828,2159,1608,0.7448
927,938,0.44835,321,263,0.8193
938,927,0.44835,321,263,0.8193
927,939,0.698278,2186,1931,0.8833
939,927,0.698278,2186,1931,0.8833
927,940,0.468945,1978,1576,0.7968
940,927,0.468945,1978,1576,0.7968
927,941,0.581547,1929,1621,0.8403
941,927,0.581547,1929,1621,0.8403
927,942,0.629034,2138,1820,0.8513
942,927,0.629034,2138,1820,0.8513
927,943,0.525559,1981,1557,0.786
943,927,0.525559,1981,1557,0.786
927,944,0.623327,1849,1555,0.841
944,927,0.623327,1849,1555,0.841
927,945,0.697263,2011,1775,0.8826
945,927,0.697263,2011,1775,0.8826
927,946,0.548757,1911,1535,0.8032
946,927,0.548757,1911,1535,0.8032
927,947,0.529003,1773,1442,0.8133
947,927,0.529003,1773,1442,0.8133
927,948,0.392955,1743,1326,0.7608
948,927,0.392955,1743,1326,0.7608
927,949,0.678333,2056,1796,0.8735
949,927,0.678333,2056,1796,0.8735
927,950,0.676624,2113,1867,0.8836
950,927,0.676624,2113,1867,0.8836
927,951,0.333351,2006,1483,0.7393
951,927,0.333351,2006,1483,0.7393
927,952,0.646855,2023,1754,0.867
952,927,0.646855,2023,1754,0.867
927,953,0.55437,2110,1794,0.8502
953,927,0.55437,2110,1794,0.8502
927,954,0.639449,1784,1521,0.8526
954,927,0.639449,1784,1521,0.8526
927,955,0.637368,2010,1702,0.8468
955,927,0.637368,2010,1702,0.8468
927,956,0.602229,2051,1749,0.8528
956,927,0.602229,2051,1749,0.8528
927,957,0.607549,2042,1744,0.8541
957,927,0.607549,2042,1744,0.8541
927,958,0.420589,1956,1535,0.7848
958,927,0.420589,1956,1535,0.7848
927,959,0.36803,2156,1648,0.7644
959,927,0.36803,2156,1648,0.7644
927,960,0.367935,2081,1578,0.7583
960,927,0.367935,2081,1578,0.7583
927,961,0.713565,2085,1869,0.8964
961,927,0.713565,2085,1869,0.8964
927,962,0.507687,1935,1509,0.7798
962,927,0.507687,1935,1509,0.7798
927,963,0.688173,2074,1842,0.8881
963,927,0.688173,2074,1842,0.8881
927,964,0.647774,1932,1668,0.8634
964,927,0.647774,1932,1668,0.8634
927,965,0.623113,2071,1765,0.8522
965,927,0.623113,2071,1765,0.8522
927,966,0.502852,1932,1492,0.7723
966,927,0.502852,1932,1492,0.7723
927,967,0.708422,2115,1896,0.8965
967,927,0.708422,2115,1896,0.8965
927,969,0.673553,2218,1974,0.89
969,927,0.673553,2218,1974,0.89
927,970,0.612261,2005,1752,0.8738
970,927,0.612261,2005,1752,0.8738
927,971,0.718724,2067,1859,0.8994
971,927,0.718724,2067,1859,0.8994
927,972,0.76124,1994,1821,0.9132
972,927,0.76124,1994,1821,0.9132
927,973,0.459471,1325,994,0.7502
973,927,0.459471,1325,994,0.7502
927,974,0.696439,1875,1663,0.8869
974,927,0.696439,1875,1663,0.8869
927,976,0.647969,1928,1635,0.848
976,927,0.647969,1928,1635,0.848
927,977,0.334323,2152,1616,0.7509
977,927,0.334323,2152,1616,0.7509
927,978,0.348829,1867,1413,0.7568
978,927,0.348829,1867,1413,0.7568
927,979,0.127273,60,52,0.8667
979,927,0.127273,60,52,0.8667
928,929,0.498095,1946,1586,0.815
929,928,0.498095,1946,1586,0.815
928,930,0.356752,2105,1538,0.7306
930,928,0.356752,2105,1538,0.7306
928,931,0.439228,1564,1209,0.773
931,928,0.439228,1564,1209,0.773
928,932,0.731136,2079,1868,0.8985
932,928,0.731136,2079,1868,0.8985
928,933,0.42045,1735,1314,0.7573
933,928,0.42045,1735,1314,0.7573
928,934,0.388651,2069,1596,0.7714
934,928,0.388651,2069,1596,0.7714
928,935,0.317619,2018,1421,0.7042
935,928,0.317619,2018,1421,0.7042
928,936,1.0,14,14,1.0
936,928,1.0,14,14,1.0
928,937,0.325874,2076,1524,0.7341
937,928,0.325874,2076,1524,0.7341
928,938,0.436627,273,214,0.7839
938,928,0.436627,273,214,0.7839
928,939,0.641544,2116,1815,0.8578
939,928,0.641544,2116,1815,0.8578
928,940,0.445937,1913,1492,0.7799
940,928,0.445937,1913,1492,0.7799
928,941,0.518407,1807,1460,0.808
941,928,0.518407,1807,1460,0.808
928,942,0.600871,2086,1748,0.838
942,928,0.600871,2086,1748,0.838
928,943,0.438227,1905,1395,0.7323
943,928,0.438227,1905,1395,0.7323
928,944,0.5605,1800,1454,0.8078
944,928,0.5605,1800,1454,0.8078
928,945,0.645867,1910,1637,0.8571
945,928,0.645867,1910,1637,0.8571
928,946,0.46237,1902,1445,0.7597
946,928,0.46237,1902,1445,0.7597
928,947,0.493693,1739,1382,0.7947
947,928,0.493693,1739,1382,0.7947
928,948,0.386514,1721,1296,0.7531
948,928,0.386514,1721,1296,0.7531
928,949,0.632559,1955,1666,0.8522
949,928,0.632559,1955,1666,0.8522
928,950,0.635026,2024,1746,0.8626
950,928,0.635026,2024,1746,0.8626
928,951,0.339673,1920,1407,0.7328
951,928,0.339673,1920,1407,0.7328
928,952,0.56588,1963,1624,0.8273
952,928,0.56588,1963,1624,0.8273
928,953,0.521012,2059,1718,0.8344
953,928,0.521012,2059,1718,0.8344
928,954,0.596603,1745,1450,0.8309
954,928,0.596603,1745,1450,0.8309
928,955,0.570501,1920,1569,0.8172
955,928,0.570501,1920,1569,0.8172
928,956,0.545533,1969,1620,0.8228
956,928,0.545533,1969,1620,0.8228
928,957,0.566897,1987,1655,0.8329
957,928,0.566897,1987,1655,0.8329
928,958,0.413843,1857,1438,0.7744
958,928,0.413843,1857,1438,0.7744
928,959,0.382401,2102,1611,0.7664
959,928,0.382401,2102,1611,0.7664
928,960,0.361836,1996,1488,0.7455
960,928,0.361836,1996,1488,0.7455
928,961,0.656163,1978,1724,0.8716
961,928,0.656163,1978,1724,0.8716
928,962,0.450529,1899,1423,0.7493
962,928,0.450529,1899,1423,0.7493
928,963,0.610021,1984,1694,0.8538
963,928,0.610021,1984,1694,0.8538
928,964,0.56902,1875,1549,0.8261
964,928,0.56902,1875,1549,0.8261
928,965,0.590947,1963,1637,0.8339
965,928,0.590947,1963,1637,0.8339
928,966,0.441994,1886,1389,0.7365
966,928,0.441994,1886,1389,0.7365
928,967,0.681474,1976,1742,0.8816
967,928,0.681474,1976,1742,0.8816
928,969,0.641069,2149,1881,0.8753
969,928,0.641069,2149,1881,0.8753
928,970,0.587065,1969,1694,0.8603
970,928,0.587065,1969,1694,0.8603
928,971,0.660182,1969,1722,0.8746
971,928,0.660182,1969,1722,0.8746
928,972,0.692196,1959,1736,0.8862
972,928,0.692196,1959,1736,0.8862
928,973,0.386369,1297,924,0.7124
973,928,0.386369,1297,924,0.7124
928,974,0.628887,1782,1529,0.858
974,928,0.628887,1782,1529,0.858
928,976,0.593997,1903,1572,0.8261
976,928,0.593997,1903,1572,0.8261
928,977,0.361904,2124,1608,0.7571
977,928,0.361904,2124,1608,0.7571
928,978,0.372008,1861,1421,0.7636
978,928,0.372008,1861,1421,0.7636
928,979,0.30574,76,66,0.8684
979,928,0.30574,76,66,0.8684
929,930,0.404139,2073,1545,0.7453
930,929,0.404139,2073,1545,0.7453
929,931,0.4911,1554,1229,0.7909
931,929,0.4911,1554,1229,0.7909
929,932,0.47931,2038,1639,0.8042
932,929,0.47931,2038,1639,0.8042
929,933,0.333319,1638,1192,0.7277
933,929,0.333319,1638,1192,0.7277
929,934,0.346161,2059,1562,0.7586
934,929,0.346161,2059,1562,0.7586
929,935,0.291674,1999,1402,0.7014
935,929,0.291674,1999,1402,0.7014
929,936,1.0,14,14,1.0
936,929,1.0,14,14,1.0
929,937,0.338675,2014,1498,0.7438
937,929,0.338675,2014,1498,0.7438
929,938,0.402625,322,250,0.7764
938,929,0.402625,322,250,0.7764
929,939,0.460531,2061,1631,0.7914
939,929,0.460531,2061,1631,0.7914
929,940,0.31782,1862,1364,0.7325
940,929,0.31782,1862,1364,0.7325
929,941,0.429209,1782,1392,0.7811
941,929,0.429209,1782,1392,0.7811
929,942,0.487036,2047,1634,0.7982
942,929,0.487036,2047,1634,0.7982
929,943,0.344395,1868,1317,0.705
943,929,0.344395,1868,1317,0.705
929,944,0.402039,1713,1282,0.7484
944,929,0.402039,1713,1282,0.7484
929,945,0.474639,1850,1475,0.7973
945,929,0.474639,1850,1475,0.7973
929,946,0.362201,1792,1297,0.7238
946,929,0.362201,1792,1297,0.7238
929,947,0.37014,1641,1229,0.7489
947,929,0.37014,1641,1229,0.7489
929,948,0.314471,1631,1189,0.729
948,929,0.314471,1631,1189,0.729
929,949,0.459812,1909,1512,0.792
949,929,0.459812,1909,1512,0.792
929,950,0.490302,1995,1617,0.8105
950,929,0.490302,1995,1617,0.8105
929,951,0.291166,1908,1379,0.7227
951,929,0.291166,1908,1379,0.7227
929,952,0.38042,1913,1446,0.7559
952,929,0.38042,1913,1446,0.7559
929,953,0.362883,2017,1555,0.7709
953,929,0.362883,2017,1555,0.7709
929,954,0.397936,1675,1263,0.754
954,929,0.397936,1675,1263,0.754
929,955,0.458793,1889,1475,0.7808
955,929,0.458793,1889,1475,0.7808
929,956,0.414124,1936,1502,0.7758
956,929,0.414124,1936,1502,0.7758
929,957,0.492508,1961,1576,0.8037
957,929,0.492508,1961,1576,0.8037
929,958,0.278818,1844,1335,0.724
958,929,0.278818,1844,1335,0.724
929,959,0.371891,2049,1569,0.7657
959,929,0.371891,2049,1569,0.7657
929,960,0.33835,1986,1477,0.7437
960,929,0.33835,1986,1477,0.7437
929,961,0.43545,1934,1531,0.7916
961,929,0.43545,1934,1531,0.7916
929,962,0.321068,1822,1279,0.702
962,929,0.321068,1822,1279,0.702
929,963,0.47309,1945,1556,0.8
963,929,0.47309,1945,1556,0.8
929,964,0.396971,1831,1401,0.7652
964,929,0.396971,1831,1401,0.7652
929,965,0.428159,1954,1504,0.7697
965,929,0.428159,1954,1504,0.7697
929,966,0.315195,1797,1242,0.6912
966,929,0.315195,1797,1242,0.6912
929,967,0.464413,1886,1517,0.8043
967,929,0.464413,1886,1517,0.8043
929,969,0.482895,2113,1716,0.8121
969,929,0.482895,2113,1716,0.8121
929,970,0.509256,2064,1694,0.8207
970,929,0.509256,2064,1694,0.8207
929,971,0.505603,1992,1635,0.8208
971,929,0.505603,1992,1635,0.8208
929,972,0.483981,1920,1550,0.8073
972,929,0.483981,1920,1550,0.8073
929,973,0.372178,1270,899,0.7079
973,929,0.372178,1270,899,0.7079
929,974,0.458471,1765,1408,0.7977
974,929,0.458471,1765,1408,0.7977
929,976,0.44503,1781,1371,0.7698
976,929,0.44503,1781,1371,0.7698
929,977,0.28609,2098,1524,0.7264
977,929,0.28609,2098,1524,0.7264
929,978,0.3125,1788,1325,0.7411
978,929,0.3125,1788,1325,0.7411
929,979,-0.152499,56,39,0.6964
979,929,-0.152499,56,39,0.6964
930,931,0.412817,1572,1172,0.7455
931,930,0.412817,1572,1172,0.7455
930,932,0.361244,2211,1612,0.7291
932,930,0.361244,2211,1612,0.7291
930,933,0.261415,1781,1203,0.6755
933,930,0.261415,1781,1203,0.6755
930,934,0.36705,2175,1595,0.7333
934,930,0.36705,2175,1595,0.7333
930,935,0.315312,2113,1462,0.6919
935,930,0.315312,2113,1462,0.6919
930,937,0.324525,2209,1573,0.7121
937,930,0.324525,2209,1573,0.7121
930,938,0.509516,310,248,0.8
938,930,0.509516,310,248,0.8
930,939,0.340396,2227,1596,0.7167
939,930,0.340396,2227,1596,0.7167
930,940,0.279276,2014,1388,0.6892
940,930,0.279276,2014,1388,0.6892
930,941,0.339185,1899,1355,0.7135
941,930,0.339185,1899,1355,0.7135
930,942,0.324765,2192,1548,0.7062
942,930,0.324765,2192,1548,0.7062
930,943,0.210449,2010,1271,0.6323
943,930,0.210449,2010,1271,0.6323
930,944,0.247881,1865,1225,0.6568
944,930,0.247881,1865,1225,0.6568
930,945,0.286187,2003,1383,0.6905
945,930,0.286187,2003,1383,0.6905
930,946,0.25388,1935,1276,0.6594
946,930,0.25388,1935,1276,0.6594
930,947,0.201995,1773,1161,0.6548
947,930,0.201995,1773,1161,0.6548
930,948,0.318958,1765,1240,0.7025
948,930,0.318958,1765,1240,0.7025
930,949,0.314249,2067,1459,0.7059
949,930,0.314249,2067,1459,0.7059
930,950,0.311636,2097,1490,0.7105
950,930,0.311636,2097,1490,0.7105
930,951,0.382086,2018,1474,0.7304
951,930,0.382086,2018,1474,0.7304
930,952,0.250684,2097,1430,0.6819
952,930,0.250684,2097,1430,0.6819
930,953,0.321589,2165,1556,0.7187
953,930,0.321589,2165,1556,0.7187
930,954,0.282845,1772,1215,0.6857
954,930,0.282845,1772,1215,0.6857
930,955,0.334821,2019,1417,0.7018
955,930,0.334821,2019,1417,0.7018
930,956,0.219084,2069,1374,0.6641
956,930,0.219084,2069,1374,0.6641
930,957,0.332649,2096,1505,0.718
957,930,0.332649,2096,1505,0.718
930,958,0.253538,1954,1334,0.6827
958,930,0.253538,1954,1334,0.6827
930,959,0.379115,2230,1648,0.739
959,930,0.379115,2230,1648,0.739
930,960,0.362587,2142,1560,0.7283
960,930,0.362587,2142,1560,0.7283
930,961,0.322272,2085,1491,0.7151
961,930,0.322272,2085,1491,0.7151
930,962,0.175958,1941,1204,0.6203
962,930,0.175958,1941,1204,0.6203
930,963,0.32785,2085,1494,0.7165
963,930,0.32785,2085,1494,0.7165
930,964,0.251975,1944,1322,0.68
964,930,0.251975,1944,1322,0.68
930,965,0.283731,2116,1460,0.69
965,930,0.283731,2116,1460,0.69
930,966,0.19419,1925,1197,0.6218
966,930,0.19419,1925,1197,0.6218
930,967,0.328015,2082,1502,0.7214
967,930,0.328015,2082,1502,0.7214
930,969,0.325535,2261,1628,0.72
969,930,0.325535,2261,1628,0.72
930,970,0.345237,2060,1518,0.7369
970,930,0.345237,2060,1518,0.7369
930,971,0.34992,2101,1525,0.7258
971,930,0.34992,2101,1525,0.7258
930,972,0.336234,2032,1468,0.7224
972,930,0.336234,2032,1468,0.7224
930,973,0.139963,1323,786,0.5941
973,930,0.139963,1323,786,0.5941
930,974,0.319645,1880,1341,0.7133
974,930,0.319645,1880,1341,0.7133
930,976,0.338708,1953,1377,0.7051
976,930,0.338708,1953,1377,0.7051
930,977,0.333676,2248,1610,0.7162
977,930,0.333676,2248,1610,0.7162
930,978,0.363999,1959,1427,0.7284
978,930,0.363999,1959,1427,0.7284
930,979,-0.008929,73,56,0.7671
979,930,-0.008929,73,56,0.7671
931,932,0.423781,1566,1193,0.7618
932,931,0.423781,1566,1193,0.7618
931,933,0.27808,1357,938,0.6912
933,931,0.27808,1357,938,0.6912
931,934,0.349385,1602,1176,0.7341
934,931,0.349385,1602,1176,0.7341
931,935,0.296049,1558,1075,0.69
935,931,0.296049,1558,1075,0.69
931,936,1.0,14,14,1.0
936,931,1.0,14,14,1.0
931,937,0.347171,1602,1162,0.7253
937,931,0.347171,1602,1162,0.7253
931,938,0.544576,259,217,0.8378
938,931,0.544576,259,217,0.8378
931,939,0.427015,1607,1223,0.761
939,931,0.427015,1607,1223,0.761
931,940,0.338376,1419,1029,0.7252
940,931,0.338376,1419,1029,0.7252
931,941,0.380143,1405,1047,0.7452
941,931,0.380143,1405,1047,0.7452
931,942,0.395961,1582,1180,0.7459
942,931,0.395961,1582,1180,0.7459
931,943,0.259133,1463,975,0.6664
943,931,0.259133,1463,975,0.6664
931,944,0.353889,1425,1027,0.7207
944,931,0.353889,1425,1027,0.7207
931,945,0.368523,1508,1110,0.7361
945,931,0.368523,1508,1110,0.7361
931,946,0.277435,1439,977,0.6789
946,931,0.277435,1439,977,0.6789
931,947,0.271012,1401,969,0.6916
947,931,0.271012,1401,969,0.6916
931,948,0.316837,1300,919,0.7069
948,931,0.316837,1300,919,0.7069
931,949,0.395516,1505,1121,0.7449
949,931,0.395516,1505,1121,0.7449
931,950,0.446985,1548,1201,0.7758
950,931,0.446985,1548,1201,0.7758
931,951,0.317457,1490,1058,0.7101
951,931,0.317457,1490,1058,0.7101
931,952,0.297313,1450,1031,0.711
952,931,0.297313,1450,1031,0.711
931,953,0.34132,1566,1162,0.742
953,931,0.34132,1566,1162,0.742
931,954,0.321818,1369,972,0.71
954,931,0.321818,1369,972,0.71
931,955,0.406613,1462,1086,0.7428
955,931,0.406613,1462,1086,0.7428
931,956,0.280845,1525,1074,0.7043
956,931,0.280845,1525,1074,0.7043
931,957,0.425426,1478,1130,0.7645
957,931,0.425426,1478,1130,0.7645
931,958,0.297729,1436,1016,0.7075
958,931,0.297729,1436,1016,0.7075
931,959,0.35584,1596,1174,0.7356
959,931,0.35584,1596,1174,0.7356
931,960,0.333779,1541,1105,0.7171
960,931,0.333779,1541,1105,0.7171
931,961,0.372857,1518,1135,0.7477
961,931,0.372857,1518,1135,0.7477
931,962,0.25492,1516,1009,0.6656
962,931,0.25492,1516,1009,0.6656
931,963,0.420836,1527,1168,0.7649
963,931,0.420836,1527,1168,0.7649
931,964,0.327402,1429,1024,0.7166
964,931,0.327402,1429,1024,0.7166
931,965,0.351364,1523,1107,0.7269
965,931,0.351364,1523,1107,0.7269
931,966,0.265521,1481,985,0.6651
966,931,0.265521,1481,985,0.6651
931,967,0.400634,1546,1170,0.7568
967,931,0.400634,1546,1170,0.7568
931,969,0.429542,1648,1274,0.7731
969,931,0.429542,1648,1274,0.7731
931,970,0.425464,1530,1176,0.7686
970,931,0.425464,1530,1176,0.7686
931,971,0.461002,1562,1223,0.783
971,931,0.461002,1562,1223,0.783
931,972,0.423317,1492,1139,0.7634
972,931,0.423317,1492,1139,0.7634
931,973,0.247494,1068,697,0.6526
973,931,0.247494,1068,697,0.6526
931,974,0.423615,1388,1062,0.7651
974,931,0.423615,1388,1062,0.7651
931,976,0.391775,1458,1068,0.7325
976,931,0.391775,1458,1068,0.7325
931,977,0.292448,1609,1130,0.7023
977,931,0.292448,1609,1130,0.7023
931,978,0.313807,1371,970,0.7075
978,931,0.313807,1371,970,0.7075
931,979,-1.0,28,27,0.9643
979,931,-1.0,28,27,0.9643
932,933,0.433099,1787,1357,0.7594
933,932,0.433099,1787,1357,0.7594
932,934,0.416319,2166,1689,0.7798
934,932,0.416319,2166,1689,0.7798
932,935,0.331916,2116,1498,0.7079
935,932,0.331916,2116,1498,0.7079
932,936,-0.175412,14,9,0.6429
936,932,-0.175412,14,9,0.6429
932,937,0.347665,2189,1621,0.7405
937,932,0.347665,2189,1621,0.7405
932,938,0.499486,319,261,0.8182
938,932,0.499486,319,261,0.8182
932,939,0.664867,2237,1940,0.8672
939,932,0.664867,2237,1940,0.8672
932,940,0.447841,2044,1592,0.7789
940,932,0.447841,2044,1592,0.7789
932,941,0.566238,1930,1600,0.829
941,932,0.566238,1930,1600,0.829
932,942,0.625212,2169,1837,0.8469
942,932,0.625212,2169,1837,0.8469
932,943,0.492822,2025,1547,0.764
943,932,0.492822,2025,1547,0.764
932,944,0.599429,1881,1553,0.8256
944,932,0.599429,1881,1553,0.8256
932,945,0.692713,1993,1746,0.8761
945,932,0.692713,1993,1746,0.8761
932,946,0.492337,1931,1493,0.7732
946,932,0.492337,1931,1493,0.7732
932,947,0.519722,1818,1461,0.8036
947,932,0.519722,1818,1461,0.8036
932,948,0.348744,1747,1271,0.7275
948,932,0.348744,1747,1271,0.7275
932,949,0.679562,2060,1793,0.8704
949,932,0.679562,2060,1793,0.8704
932,950,0.627133,2149,1844,0.8581
950,932,0.627133,2149,1844,0.8581
932,951,0.365583,2031,1510,0.7435
951,932,0.365583,2031,1510,0.7435
932,952,0.560319,2055,1695,0.8248
952,932,0.560319,2055,1695,0.8248
932,953,0.531475,2162,1797,0.8312
953,932,0.531475,2162,1797,0.8312
932,954,0.625206,1809,1522,0.8413
954,932,0.625206,1809,1522,0.8413
932,955,0.578508,2056,1688,0.821
955,932,0.578508,2056,1688,0.821
932,956,0.61492,2081,1769,0.8501
956,932,0.61492,2081,1769,0.8501
932,957,0.591598,2109,1773,0.8407
957,932,0.591598,2109,1773,0.8407
932,958,0.44195,1984,1557,0.7848
958,932,0.44195,1984,1557,0.7848
932,959,0.384926,2207,1688,0.7648
959,932,0.384926,2207,1688,0.7648
932,960,0.363408,2151,1608,0.7476
960,932,0.363408,2151,1608,0.7476
932,961,0.655266,2096,1824,0.8702
961,932,0.655266,2096,1824,0.8702
932,962,0.507803,1969,1528,0.776
962,932,0.507803,1969,1528,0.776
932,963,0.652009,2119,1842,0.8693
963,932,0.652009,2119,1842,0.8693
932,964,0.593276,1975,1650,0.8354
964,932,0.593276,1975,1650,0.8354
932,965,0.625549,2122,1803,0.8497
965,932,0.625549,2122,1803,0.8497
932,966,0.489457,1953,1485,0.7604
966,932,0.489457,1953,1485,0.7604
932,967,0.649347,2090,1811,0.8665
967,932,0.649347,2090,1811,0.8665
932,969,0.640577,2284,1991,0.8717
969,932,0.640577,2284,1991,0.8717
932,970,0.579435,2075,1774,0.8549
970,932,0.579435,2075,1774,0.8549
932,971,0.694923,2081,1847,0.8876
971,932,0.694923,2081,1847,0.8876
932,972,0.751766,2044,1852,0.9061
972,932,0.751766,2044,1852,0.9061
932,973,0.404712,1331,958,0.7198
973,932,0.404712,1331,958,0.7198
932,974,0.660424,1907,1657,0.8689
974,932,0.660424,1907,1657,0.8689
932,976,0.62365,2005,1679,0.8374
976,932,0.62365,2005,1679,0.8374
932,977,0.357509,2241,1690,0.7541
977,932,0.357509,2241,1690,0.7541
932,978,0.369491,1937,1465,0.7563
978,932,0.369491,1937,1465,0.7563
932,979,0.489354,66,60,0.9091
979,932,0.489354,66,60,0.9091
933,934,0.251566,1754,1207,0.6881
934,933,0.251566,1754,1207,0.6881
933,935,0.187625,1750,1110,0.6343
935,933,0.187625,1750,1110,0.6343
933,936,-0.258199,7,4,0.5714
936,933,-0.258199,7,4,0.5714
933,937,0.174509,1781,1148,0.6446
937,933,0.174509,1781,1148,0.6446
933,938,0.262186,227,167,0.7357
938,933,0.262186,227,167,0.7357
933,939,0.455342,1815,1389,0.7653
939,933,0.455342,1815,1389,0.7653
933,940,0.563002,1710,1397,0.817
940,933,0.563002,1710,1397,0.817
933,941,0.562811,1663,1367,0.822
941,933,0.562811,1663,1367,0.822
933,942,0.341195,1759,1250,0.7106
942,933,0.341195,1759,1250,0.7106
933,943,0.535543,1674,1309,0.782
943,933,0.535543,1674,1309,0.782
933,944,0.523924,1539,1210,0.7862
944,933,0.523924,1539,1210,0.7862
933,945,0.609585,1683,1409,0.8372
945,933,0.609585,1683,1409,0.8372
933,946,0.485681,1671,1277,0.7642
946,933,0.485681,1671,1277,0.7642
933,947,0.51161,1535,1216,0.7922
947,933,0.51161,1535,1216,0.7922
933,948,0.278569,1462,1008,0.6895
948,933,0.278569,1462,1008,0.6895
933,949,0.441005,1694,1286,0.7591
949,933,0.441005,1694,1286,0.7591
933,950,0.411299,1793,1354,0.7552
950,933,0.411299,1793,1354,0.7552
933,951,0.203164,1633,1067,0.6534
951,933,0.203164,1633,1067,0.6534
933,952,0.44754,1694,1292,0.7627
952,933,0.44754,1694,1292,0.7627
933,953,0.498347,1758,1398,0.7952
953,933,0.498347,1758,1398,0.7952
933,954,0.580371,1615,1322,0.8186
954,933,0.580371,1615,1322,0.8186
933,955,0.406143,1651,1216,0.7365
955,933,0.406143,1651,1216,0.7365
933,956,0.568004,1718,1411,0.8213
956,933,0.568004,1718,1411,0.8213
933,957,0.327451,1761,1258,0.7144
957,933,0.327451,1761,1258,0.7144
933,958,0.288372,1629,1139,0.6992
958,933,0.288372,1629,1139,0.6992
933,959,0.220871,1784,1199,0.6721
959,933,0.220871,1784,1199,0.6721
933,960,0.193068,1730,1123,0.6491
960,933,0.193068,1730,1123,0.6491
933,961,0.458437,1726,1336,0.774
961,933,0.458437,1726,1336,0.774
933,962,0.513131,1690,1305,0.7722
962,933,0.513131,1690,1305,0.7722
933,963,0.403045,1723,1290,0.7487
963,933,0.403045,1723,1290,0.7487
933,964,0.526022,1641,1310,0.7983
964,933,0.526022,1641,1310,0.7983
933,965,0.600341,1729,1432,0.8282
965,933,0.600341,1729,1432,0.8282
933,966,0.482598,1659,1255,0.7565
966,933,0.482598,1659,1255,0.7565
933,967,0.453711,1786,1384,0.7749
967,933,0.453711,1786,1384,0.7749
933,969,0.412416,1834,1395,0.7606
969,933,0.412416,1834,1395,0.7606
933,970,0.320623,1662,1216,0.7316
970,933,0.320623,1662,1216,0.7316
933,971,0.328067,1747,1261,0.7218
971,933,0.328067,1747,1261,0.7218
933,972,0.50123,1720,1361,0.7913
972,933,0.50123,1720,1361,0.7913
933,973,0.322381,1162,782,0.673
973,933,0.322381,1162,782,0.673
933,974,0.413193,1625,1225,0.7538
974,933,0.413193,1625,1225,0.7538
933,976,0.504234,1675,1308,0.7809
976,933,0.504234,1675,1308,0.7809
933,977,0.211808,1789,1190,0.6652
977,933,0.211808,1789,1190,0.6652
933,978,0.213387,1581,1045,0.661
978,933,0.213387,1581,1045,0.661
933,979,0.205883,57,47,0.8246
979,933,0.205883,57,47,0.8246
934,935,0.669869,2183,1859,0.8516
935,934,0.669869,2183,1859,0.8516
934,936,1.0,14,14,1.0
936,934,1.0,14,14,1.0
934,937,0.751669,2168,1956,0.9022
937,934,0.751669,2168,1956,0.9022
934,938,0.857361,325,307,0.9446
938,934,0.857361,325,307,0.9446
934,939,0.371073,2203,1666,0.7562
939,934,0.371073,2203,1666,0.7562
934,940,0.348961,1981,1468,0.741
940,934,0.348961,1981,1468,0.741
934,941,0.379789,1935,1464,0.7566
941,934,0.379789,1935,1464,0.7566
934,942,0.435907,2158,1676,0.7766
942,934,0.435907,2158,1676,0.7766
934,943,0.11618,2014,1226,0.6087
943,934,0.11618,2014,1226,0.6087
934,944,0.225636,1888,1267,0.6711
944,934,0.225636,1888,1267,0.6711
934,945,0.270778,2012,1430,0.7107
945,934,0.270778,2012,1430,0.7107
934,946,0.186735,1936,1250,0.6457
946,934,0.186735,1936,1250,0.6457
934,947,0.111754,1787,1135,0.6351
947,934,0.111754,1787,1135,0.6351
934,948,0.376844,1731,1295,0.7481
948,934,0.376844,1731,1295,0.7481
934,949,0.374214,2075,1562,0.7528
949,934,0.374214,2075,1562,0.7528
934,950,0.346724,2134,1608,0.7535
950,934,0.346724,2134,1608,0.7535
934,951,0.748265,2100,1887,0.8986
951,934,0.748265,2100,1887,0.8986
934,952,0.25394,2044,1442,0.7055
952,934,0.25394,2044,1442,0.7055
934,953,0.364081,2152,1667,0.7746
953,934,0.364081,2152,1667,0.7746
934,954,0.197147,1777,1180,0.664
954,934,0.197147,1777,1180,0.664
934,955,0.263414,2022,1403,0.6939
955,934,0.263414,2022,1403,0.6939
934,956,0.190569,2073,1430,0.6898
956,934,0.190569,2073,1430,0.6898
934,957,0.307235,2074,1528,0.7367
957,934,0.307235,2074,1528,0.7367
934,958,0.330685,1999,1483,0.7419
958,934,0.330685,1999,1483,0.7419
934,959,0.802894,2210,2045,0.9253
959,934,0.802894,2210,2045,0.9253
934,960,0.763055,2130,1932,0.907
960,934,0.763055,2130,1932,0.907
934,961,0.305122,2049,1512,0.7379
961,934,0.305122,2049,1512,0.7379
934,962,0.120085,1959,1195,0.61
962,934,0.120085,1959,1195,0.61
934,963,0.376524,2095,1616,0.7714
963,934,0.376524,2095,1616,0.7714
934,964,0.276481,1980,1412,0.7131
964,934,0.276481,1980,1412,0.7131
934,965,0.286356,2072,1490,0.7191
965,934,0.286356,2072,1490,0.7191
934,966,0.083106,1954,1145,0.586
966,934,0.083106,1954,1145,0.586
934,967,0.342173,2062,1548,0.7507
967,934,0.342173,2062,1548,0.7507
934,969,0.392312,2246,1767,0.7867
969,934,0.392312,2246,1767,0.7867
934,970,0.308003,2071,1578,0.762
970,934,0.308003,2071,1578,0.762
934,971,0.430598,2096,1655,0.7896
971,934,0.430598,2096,1655,0.7896
934,972,0.392622,2062,1602,0.7769
972,934,0.392622,2062,1602,0.7769
934,973,-0.017949,1334,706,0.5292
973,934,-0.017949,1334,706,0.5292
934,974,0.354865,1881,1419,0.7544
974,934,0.354865,1881,1419,0.7544
934,976,0.273492,1943,1346,0.6927
976,934,0.273492,1943,1346,0.6927
934,977,0.82102,2251,2097,0.9316
977,934,0.82102,2251,2097,0.9316
934,978,0.842173,1942,1826,0.9403
978,934,0.842173,1942,1826,0.9403
934,979,0.692526,51,49,0.9608
979,934,0.692526,51,49,0.9608
935,936,1.0,14,14,1.0
936,935,1.0,14,14,1.0
935,937,0.601158,2124,1747,0.8225
937,935,0.601158,2124,1747,0.8225
935,938,0.662033,282,248,0.8794
938,935,0.662033,282,248,0.8794
935,939,0.298378,2150,1485,0.6907
939,935,0.298378,2150,1485,0.6907
935,940,0.270661,1924,1298,0.6746
940,935,0.270661,1924,1298,0.6746
935,941,0.295159,1896,1306,0.6888
941,935,0.295159,1896,1306,0.6888
935,942,0.331369,2089,1470,0.7037
942,935,0.331369,2089,1470,0.7037
935,943,0.085956,1971,1129,0.5728
943,935,0.085956,1971,1129,0.5728
935,944,0.204264,1820,1157,0.6357
944,935,0.204264,1820,1157,0.6357
935,945,0.212799,1974,1284,0.6505
945,935,0.212799,1974,1284,0.6505
935,946,0.14238,1888,1136,0.6017
946,935,0.14238,1888,1136,0.6017
935,947,0.08892,1738,1029,0.5921
947,935,0.08892,1738,1029,0.5921
935,948,0.333255,1678,1184,0.7056
948,935,0.333255,1678,1184,0.7056
935,949,0.319551,2006,1407,0.7014
949,935,0.319551,2006,1407,0.7014
935,950,0.251482,2090,1417,0.678
950,935,0.251482,2090,1417,0.678
935,951,0.590014,2037,1665,0.8174
951,935,0.590014,2037,1665,0.8174
935,952,0.177847,1971,1264,0.6413
952,935,0.177847,1971,1264,0.6413
935,953,0.273003,2085,1441,0.6911
953,935,0.273003,2085,1441,0.6911
935,954,0.186681,1733,1095,0.6319
954,935,0.186681,1733,1095,0.6319
935,955,0.228741,1954,1277,0.6535
955,935,0.228741,1954,1277,0.6535
935,956,0.167586,2032,1299,0.6393
956,935,0.167586,2032,1299,0.6393
935,957,0.242225,2005,1345,0.6708
957,935,0.242225,2005,1345,0.6708
935,958,0.267663,1958,1330,0.6793
958,935,0.267663,1958,1330,0.6793
935,959,0.631951,2149,1797,0.8362
959,935,0.631951,2149,1797,0.8362
935,960,0.599886,2065,1700,0.8232
960,935,0.599886,2065,1700,0.8232
935,961,0.246821,1965,1322,0.6728
961,935,0.246821,1965,1322,0.6728
935,962,0.111446,1909,1118,0.5856
962,935,0.111446,1909,1118,0.5856
935,963,0.273576,2068,1422,0.6876
963,935,0.273576,2068,1422,0.6876
935,964,0.241345,1911,1272,0.6656
964,935,0.241345,1911,1272,0.6656
935,965,0.203814,2010,1307,0.6502
965,935,0.203814,2010,1307,0.6502
935,966,0.075618,1900,1070,0.5632
966,935,0.075618,1900,1070,0.5632
935,967,0.269099,2018,1382,0.6848
967,935,0.269099,2018,1382,0.6848
935,969,0.295608,2204,1546,0.7015
969,935,0.295608,2204,1546,0.7015
935,970,0.248606,2011,1393,0.6927
970,935,0.248606,2011,1393,0.6927
935,971,0.353977,2060,1495,0.7257
971,935,0.353977,2060,1495,0.7257
935,972,0.305151,2003,1410,0.7039
972,935,0.305151,2003,1410,0.7039
935,973,0.040791,1283,695,0.5417
973,935,0.040791,1283,695,0.5417
935,974,0.269317,1834,1253,0.6832
974,935,0.269317,1834,1253,0.6832
935,976,0.234682,1892,1233,0.6517
976,935,0.234682,1892,1233,0.6517
935,977,0.617885,2188,1816,0.83
977,935,0.617885,2188,1816,0.83
935,978,0.66316,1908,1612,0.8449
978,935,0.66316,1908,1612,0.8449
935,979,0.185295,61,44,0.7213
979,935,0.185295,61,44,0.7213
936,937,1.0,14,14,1.0
937,936,1.0,14,14,1.0
936,938,1.0,14,14,1.0
938,936,1.0,14,14,1.0
936,939,-0.272166,10,5,0.5
939,936,-0.272166,10,5,0.5
936,940,-0.316228,9,4,0.4444
940,936,-0.316228,9,4,0.4444
936,941,-0.316228,9,4,0.4444
941,936,-0.316228,9,4,0.4444
936,942,1.0,14,14,1.0
942,936,1.0,14,14,1.0
936,943,-0.377964,8,3,0.375
943,936,-0.377964,8,3,0.375
936,944,-0.395285,9,3,0.3333
944,936,-0.395285,9,3,0.3333
936,945,-0.395285,9,3,0.3333
945,936,-0.395285,9,3,0.3333
936,946,-0.316228,9,4,0.4444
946,936,-0.316228,9,4,0.4444
936,947,-0.353553,7,3,0.4286
947,936,-0.353553,7,3,0.4286
936,948,1.0,14,14,1.0
948,936,1.0,14,14,1.0
936,949,-0.239046,11,6,0.5455
949,936,-0.239046,11,6,0.5455
936,950,1.0,14,14,1.0
950,936,1.0,14,14,1.0
936,951,1.0,14,14,1.0
951,936,1.0,14,14,1.0
936,952,-0.471405,7,2,0.2857
952,936,-0.471405,7,2,0.2857
936,953,-0.272166,10,5,0.5
953,936,-0.272166,10,5,0.5
936,954,-0.377964,8,3,0.375
954,936,-0.377964,8,3,0.375
936,955,-0.083333,13,11,0.8462
955,936,-0.083333,13,11,0.8462
936,956,-0.377964,8,3,0.375
956,936,-0.377964,8,3,0.375
936,957,-0.076923,14,12,0.8571
957,936,-0.076923,14,12,0.8571
936,958,-0.48795,8,2,0.25
958,936,-0.48795,8,2,0.25
936,959,1.0,14,14,1.0
959,936,1.0,14,14,1.0
936,960,1.0,14,14,1.0
960,936,1.0,14,14,1.0
936,961,-0.471405,7,2,0.2857
961,936,-0.471405,7,2,0.2857
936,962,-0.377964,8,3,0.375
962,936,-0.377964,8,3,0.375
936,963,1.0,14,14,1.0
963,936,1.0,14,14,1.0
936,964,-0.395285,9,3,0.3333
964,936,-0.395285,9,3,0.3333
936,965,-0.254824,12,6,0.5
965,936,-0.254824,12,6,0.5
936,966,-0.377964,8,3,0.375
966,936,-0.377964,8,3,0.375
936,967,-0.175412,14,9,0.6429
967,936,-0.175412,14,9,0.6429
936,969,1.0,14,14,1.0
969,936,1.0,14,14,1.0
936,970,1.0,14,14,1.0
970,936,1.0,14,14,1.0
936,971,1.0,14,14,1.0
971,936,1.0,14,14,1.0
936,972,-0.272166,10,5,0.5
972,936,-0.272166,10,5,0.5
936,973,-0.377964,8,3,0.375
973,936,-0.377964,8,3,0.375
936,974,-1.0,10,9,0.9
974,936,-1.0,10,9,0.9
936,976,-0.272166,10,5,0.5
976,936,-0.272166,10,5,0.5
937,938,0.86426,318,303,0.9528
938,937,0.86426,318,303,0.9528
937,939,0.330455,2227,1620,0.7274
939,937,0.330455,2227,1620,0.7274
937,940,0.308723,1986,1411,0.7105
940,937,0.308723,1986,1411,0.7105
937,941,0.330762,1888,1374,0.7278
941,937,0.330762,1888,1374,0.7278
937,942,0.408739,2174,1640,0.7544
942,937,0.408739,2174,1640,0.7544
937,943,0.156218,1982,1223,0.6171
943,937,0.156218,1982,1223,0.6171
937,944,0.19344,1853,1204,0.6498
944,937,0.19344,1853,1204,0.6498
937,945,0.217003,1993,1340,0.6724
945,937,0.217003,1993,1340,0.6724
937,946,0.121223,1915,1164,0.6078
946,937,0.121223,1915,1164,0.6078
937,947,0.080955,1763,1068,0.6058
947,937,0.080955,1763,1068,0.6058
937,948,0.332492,1781,1282,0.7198
948,937,0.332492,1781,1282,0.7198
937,949,0.306777,2083,1484,0.7124
949,937,0.306777,2083,1484,0.7124
937,950,0.304925,2119,1530,0.722
950,937,0.304925,2119,1530,0.722
937,951,0.770826,2042,1849,0.9055
951,937,0.770826,2042,1849,0.9055
937,952,0.21167,2062,1403,0.6804
952,937,0.21167,2062,1403,0.6804
937,953,0.318723,2114,1567,0.7412
953,937,0.318723,2114,1567,0.7412
937,954,0.159188,1756,1114,0.6344
954,937,0.159188,1756,1114,0.6344
937,955,0.231507,1999,1341,0.6708
955,937,0.231507,1999,1341,0.6708
937,956,0.136265,2038,1327,0.6511
956,937,0.136265,2038,1327,0.6511
937,957,0.279401,2101,1491,0.7097
957,937,0.279401,2101,1491,0.7097
937,958,0.30178,1971,1416,0.7184
958,937,0.30178,1971,1416,0.7184
937,959,0.822935,2246,2088,0.9297
959,937,0.822935,2246,2088,0.9297
937,960,0.782423,2155,1965,0.9118
960,937,0.782423,2155,1965,0.9118
937,961,0.263472,2066,1463,0.7081
961,937,0.263472,2066,1463,0.7081
937,962,0.142555,1921,1175,0.6117
962,937,0.142555,1921,1175,0.6117
937,963,0.341402,2091,1554,0.7432
963,937,0.341402,2091,1554,0.7432
937,964,0.230885,1948,1322,0.6786
964,937,0.230885,1948,1322,0.6786
937,965,0.205125,2086,1407,0.6745
965,937,0.205125,2086,1407,0.6745
937,966,0.132248,1916,1152,0.6013
966,937,0.132248,1916,1152,0.6013
937,967,0.288309,2104,1512,0.7186
967,937,0.288309,2104,1512,0.7186
937,969,0.345378,2268,1704,0.7513
969,937,0.345378,2268,1704,0.7513
937,970,0.279688,2040,1503,0.7368
970,937,0.279688,2040,1503,0.7368
937,971,0.392721,2090,1596,0.7636
971,937,0.392721,2090,1596,0.7636
937,972,0.324063,2028,1486,0.7327
972,937,0.324063,2028,1486,0.7327
937,973,0.088584,1305,745,0.5709
973,937,0.088584,1305,745,0.5709
937,974,0.287098,1877,1336,0.7118
974,937,0.287098,1877,1336,0.7118
937,976,0.215818,1951,1282,0.6571
976,937,0.215818,1951,1282,0.6571
937,977,0.702414,2219,1957,0.8819
977,937,0.702414,2219,1957,0.8819
937,978,0.717696,1945,1724,0.8864
978,937,0.717696,1945,1724,0.8864
937,979,0.178434,60,53,0.8833
979,937,0.178434,60,53,0.8833
938,939,0.335147,335,258,0.7701
939,938,0.335147,335,258,0.7701
938,940,0.221755,323,227,0.7028
940,938,0.221755,323,227,0.7028
938,941,0.371683,286,227,0.7937
941,938,0.371683,286,227,0.7937
938,942,0.585668,341,291,0.8534
942,938,0.585668,341,291,0.8534
938,943,0.169132,335,230,0.6866
943,938,0.169132,335,230,0.6866
938,944,0.133568,320,220,0.6875
944,938,0.133568,320,220,0.6875
938,945,0.11905,322,224,0.6957
945,938,0.11905,322,224,0.6957
938,946,0.10926,314,206,0.6561
946,938,0.10926,314,206,0.6561
938,947,0.089704,334,229,0.6856
947,938,0.089704,334,229,0.6856
938,948,0.527721,320,265,0.8281
948,938,0.527721,320,265,0.8281
938,949,0.537756,318,268,0.8428
949,938,0.537756,318,268,0.8428
938,950,0.497496,316,260,0.8228
950,938,0.497496,316,260,0.8228
938,951,0.873695,291,278,0.9553
951,938,0.873695,291,278,0.9553
938,952,0.19791,302,214,0.7086
952,938,0.19791,302,214,0.7086
938,953,0.40185,313,246,0.7859
953,938,0.40185,313,246,0.7859
938,954,0.148056,277,193,0.6968
954,938,0.148056,277,193,0.6968
938,955,0.250223,318,227,0.7138
955,938,0.250223,318,227,0.7138
938,956,0.099322,340,234,0.6882
956,938,0.099322,340,234,0.6882
938,957,0.443343,320,265,0.8281
957,938,0.443343,320,265,0.8281
938,958,0.513668,268,218,0.8134
958,938,0.513668,268,218,0.8134
938,959,0.870191,318,303,0.9528
959,938,0.870191,318,303,0.9528
938,960,0.845471,311,293,0.9421
960,938,0.845471,311,293,0.9421
938,961,0.180207,280,202,0.7214
961,938,0.180207,280,202,0.7214
938,962,0.159357,319,219,0.6865
962,938,0.159357,319,219,0.6865
938,963,0.686048,286,258,0.9021
963,938,0.686048,286,258,0.9021
938,964,0.12392,331,229,0.6918
964,938,0.12392,331,229,0.6918
938,965,0.396383,324,254,0.784
965,938,0.396383,324,254,0.784
938,966,0.112227,317,209,0.6593
966,938,0.112227,317,209,0.6593
938,967,0.366599,308,237,0.7695
967,938,0.366599,308,237,0.7695
938,969,0.588662,313,267,0.853
969,938,0.588662,313,267,0.853
938,970,0.369822,302,238,0.7881
970,938,0.369822,302,238,0.7881
938,971,0.467619,299,249,0.8328
971,938,0.467619,299,249,0.8328
938,972,0.428354,301,247,0.8206
972,938,0.428354,301,247,0.8206
938,973,0.079647,235,148,0.6298
973,938,0.079647,235,148,0.6298
938,974,0.627524,248,219,0.8831
974,938,0.627524,248,219,0.8831
938,976,0.163024,286,189,0.6608
976,938,0.163024,286,189,0.6608
938,977,0.784468,299,274,0.9164
977,938,0.784468,299,274,0.9164
938,979,0.175165,57,50,0.8772
979,938,0.175165,57,50,0.8772
939,940,0.523694,2072,1672,0.8069
940,939,0.523694,2072,1672,0.8069
939,941,0.579365,1968,1634,0.8303
941,939,0.579365,1968,1634,0.8303
939,942,0.613262,2210,1857,0.8403
942,939,0.613262,2210,1857,0.8403
939,943,0.516938,2054,1602,0.7799
943,939,0.516938,2054,1602,0.7799
939,944,0.601632,1919,1588,0.8275
944,939,0.601632,1919,1588,0.8275
939,945,0.664002,2039,1760,0.8632
945,939,0.664002,2039,1760,0.8632
939,946,0.516995,1968,1546,0.7856
946,939,0.516995,1968,1546,0.7856
939,947,0.521875,1827,1466,0.8024
947,939,0.521875,1827,1466,0.8024
939,948,0.3583,1779,1300,0.7307
948,939,0.3583,1779,1300,0.7307
939,949,0.686867,2140,1866,0.872
949,939,0.686867,2140,1866,0.872
939,950,0.615621,2163,1838,0.8497
950,939,0.615621,2163,1838,0.8497
939,951,0.322972,2070,1489,0.7193
951,939,0.322972,2070,1489,0.7193
939,952,0.5373,2098,1708,0.8141
952,939,0.5373,2098,1708,0.8141
939,953,0.565913,2210,1849,0.8367
953,939,0.565913,2210,1849,0.8367
939,954,0.614507,1828,1528,0.8359
954,939,0.614507,1828,1528,0.8359
939,955,0.59178,2057,1698,0.8255
955,939,0.59178,2057,1698,0.8255
939,956,0.585226,2118,1772,0.8366
956,939,0.585226,2118,1772,0.8366
939,957,0.568391,2164,1795,0.8295
957,939,0.568391,2164,1795,0.8295
939,958,0.393334,2009,1526,0.7596
958,939,0.393334,2009,1526,0.7596
939,959,0.341619,2233,1649,0.7385
959,939,0.341619,2233,1649,0.7385
939,960,0.335657,2169,1586,0.7312
960,939,0.335657,2169,1586,0.7312
939,961,0.650719,2118,1833,0.8654
961,939,0.650719,2118,1833,0.8654
939,962,0.523299,1994,1566,0.7854
962,939,0.523299,1994,1566,0.7854
939,963,0.617905,2143,1821,0.8497
963,939,0.617905,2143,1821,0.8497
939,964,0.600954,2013,1686,0.8376
964,939,0.600954,2013,1686,0.8376
939,965,0.586723,2146,1789,0.8336
965,939,0.586723,2146,1789,0.8336
939,966,0.492145,1986,1521,0.7659
966,939,0.492145,1986,1521,0.7659
939,967,0.611721,2123,1799,0.8474
967,939,0.611721,2123,1799,0.8474
939,969,0.627113,2300,1971,0.857
969,939,0.627113,2300,1971,0.857
939,970,0.533608,2113,1756,0.831
970,939,0.533608,2113,1756,0.831
939,971,0.613822,2112,1793,0.849
971,939,0.613822,2112,1793,0.849
939,972,0.707495,2091,1849,0.8843
972,939,0.707495,2091,1849,0.8843
939,973,0.440542,1333,982,0.7367
973,939,0.440542,1333,982,0.7367
939,974,0.635415,1933,1654,0.8557
974,939,0.635415,1933,1654,0.8557
939,976,0.602951,2019,1673,0.8286
976,939,0.602951,2019,1673,0.8286
939,977,0.332296,2271,1669,0.7349
977,939,0.332296,2271,1669,0.7349
939,978,0.340521,1951,1431,0.7335
978,939,0.340521,1951,1431,0.7335
939,979,0.239172,65,52,0.8
979,939,0.239172,65,52,0.8
940,941,0.604521,1879,1585,0.8435
941,940,0.604521,1879,1585,0.8435
940,942,0.379282,2000,1482,0.741
942,940,0.379282,2000,1482,0.741
940,943,0.390902,1877,1371,0.7304
943,940,0.390902,1877,1371,0.7304
940,944,0.433968,1750,1325,0.7571
944,940,0.433968,1750,1325,0.7571
940,945,0.479485,1883,1487,0.7897
945,940,0.479485,1883,1487,0.7897
940,946,0.392681,1797,1319,0.734
946,940,0.392681,1797,1319,0.734
940,947,0.351014,1693,1252,0.7395
947,940,0.351014,1693,1252,0.7395
940,948,0.3079,1667,1181,0.7085
948,940,0.3079,1667,1181,0.7085
940,949,0.484446,1908,1505,0.7888
949,940,0.484446,1908,1505,0.7888
940,950,0.41759,1992,1534,0.7701
950,940,0.41759,1992,1534,0.7701
940,951,0.29889,1850,1302,0.7038
951,940,0.29889,1850,1302,0.7038
940,952,0.369105,1941,1452,0.7481
952,940,0.369105,1941,1452,0.7481
940,953,0.533364,2005,1653,0.8244
953,940,0.533364,2005,1653,0.8244
940,954,0.45839,1740,1345,0.773
954,940,0.45839,1740,1345,0.773
940,955,0.432651,1865,1413,0.7576
955,940,0.432651,1865,1413,0.7576
940,956,0.421854,1922,1497,0.7789
956,940,0.421854,1922,1497,0.7789
940,957,0.345446,1991,1475,0.7408
957,940,0.345446,1991,1475,0.7408
940,958,0.396735,1834,1401,0.7639
958,940,0.396735,1834,1401,0.7639
940,959,0.313874,2021,1463,0.7239
959,940,0.313874,2021,1463,0.7239
940,960,0.321113,1944,1396,0.7181
960,940,0.321113,1944,1396,0.7181
940,961,0.462076,1929,1522,0.789
961,940,0.462076,1929,1522,0.789
940,962,0.393383,1853,1350,0.7285
962,940,0.393383,1853,1350,0.7285
940,963,0.382533,1935,1464,0.7566
963,940,0.382533,1935,1464,0.7566
940,964,0.429464,1863,1430,0.7676
964,940,0.429464,1863,1430,0.7676
940,965,0.464411,1978,1561,0.7892
965,940,0.464411,1978,1561,0.7892
940,966,0.386851,1823,1320,0.7241
966,940,0.386851,1823,1320,0.7241
940,967,0.47734,1939,1539,0.7937
967,940,0.47734,1939,1539,0.7937
940,969,0.392129,2073,1601,0.7723
969,940,0.392129,2073,1601,0.7723
940,970,0.354889,1920,1472,0.7667
970,940,0.354889,1920,1472,0.7667
940,971,0.389991,1880,1428,0.7596
971,940,0.389991,1880,1428,0.7596
940,972,0.495334,1906,1530,0.8027
972,940,0.495334,1906,1530,0.8027
940,973,0.221515,1262,805,0.6379
973,940,0.221515,1262,805,0.6379
940,974,0.411793,1812,1392,0.7682
974,940,0.411793,1812,1392,0.7682
940,976,0.422376,1824,1371,0.7516
976,940,0.422376,1824,1371,0.7516
940,977,0.305656,2030,1459,0.7187
977,940,0.305656,2030,1459,0.7187
940,978,0.334631,1739,1268,0.7292
978,940,0.334631,1739,1268,0.7292
940,979,0.539949,63,54,0.8571
979,940,0.539949,63,54,0.8571
941,942,0.475179,1910,1488,0.7791
942,941,0.475179,1910,1488,0.7791
941,943,0.501255,1851,1435,0.7753
943,941,0.501255,1851,1435,0.7753
941,944,0.52612,1701,1347,0.7919
944,941,0.52612,1701,1347,0.7919
941,945,0.58359,1857,1542,0.8304
945,941,0.58359,1857,1542,0.8304
941,946,0.507894,1722,1343,0.7799
946,941,0.507894,1722,1343,0.7799
941,947,0.378277,1651,1234,0.7474
947,941,0.378277,1651,1234,0.7474
941,948,0.378085,1532,1134,0.7402
948,941,0.378085,1532,1134,0.7402
941,949,0.597157,1836,1535,0.8361
949,941,0.597157,1836,1535,0.8361
941,950,0.507723,1922,1557,0.8101
950,941,0.507723,1922,1557,0.8101
941,951,0.322081,1811,1304,0.72
951,941,0.322081,1811,1304,0.72
941,952,0.491072,1823,1448,0.7943
952,941,0.491072,1823,1448,0.7943
941,953,0.587512,1950,1648,0.8451
953,941,0.587512,1950,1648,0.8451
941,954,0.487178,1660,1301,0.7837
954,941,0.487178,1660,1301,0.7837
941,955,0.461049,1779,1361,0.765
955,941,0.461049,1779,1361,0.765
941,956,0.501786,1890,1527,0.8079
956,941,0.501786,1890,1527,0.8079
941,957,0.417117,1875,1439,0.7675
957,941,0.417117,1875,1439,0.7675
941,958,0.445811,1750,1370,0.7829
958,941,0.445811,1750,1370,0.7829
941,959,0.356683,1921,1428,0.7434
959,941,0.356683,1921,1428,0.7434
941,960,0.347305,1849,1355,0.7328
960,941,0.347305,1849,1355,0.7328
941,961,0.54451,1842,1515,0.8225
961,941,0.54451,1842,1515,0.8225
941,962,0.426404,1811,1345,0.7427
962,941,0.426404,1811,1345,0.7427
941,963,0.510994,1872,1517,0.8104
963,941,0.510994,1872,1517,0.8104
941,964,0.475089,1773,1396,0.7874
964,941,0.475089,1773,1396,0.7874
941,965,0.536147,1877,1529,0.8146
965,941,0.536147,1877,1529,0.8146
941,966,0.441656,1798,1338,0.7442
966,941,0.441656,1798,1338,0.7442
941,967,0.542364,1899,1567,0.8252
967,941,0.542364,1899,1567,0.8252
941,969,0.480666,1985,1601,0.8065
969,941,0.480666,1985,1601,0.8065
941,970,0.417117,1798,1418,0.7887
970,941,0.417117,1798,1418,0.7887
941,971,0.498267,1880,1514,0.8053
971,941,0.498267,1880,1514,0.8053
941,972,0.560113,1811,1498,0.8272
972,941,0.560113,1811,1498,0.8272
941,973,0.296376,1235,829,0.6713
973,941,0.296376,1235,829,0.6713
941,974,0.498531,1720,1382,0.8035
974,941,0.498531,1720,1382,0.8035
941,976,0.512969,1754,1385,0.7896
976,941,0.512969,1754,1385,0.7896
941,977,0.313869,1919,1391,0.7249
977,941,0.313869,1919,1391,0.7249
941,978,0.356641,1652,1222,0.7397
978,941,0.356641,1652,1222,0.7397
941,979,0.122236,65,51,0.7846
979,941,0.122236,65,51,0.7846
942,943,0.376441,1980,1411,0.7126
943,942,0.376441,1980,1411,0.7126
942,944,0.525591,1853,1463,0.7895
944,942,0.525591,1853,1463,0.7895
942,945,0.571119,1978,1623,0.8205
945,942,0.571119,1978,1623,0.8205
942,946,0.433067,1914,1428,0.7461
946,942,0.433067,1914,1428,0.7461
942,947,0.4555,1741,1331,0.7645
947,942,0.4555,1741,1331,0.7645
942,948,0.365586,1766,1288,0.7293
948,942,0.365586,1766,1288,0.7293
942,949,0.601732,2064,1718,0.8324
949,942,0.601732,2064,1718,0.8324
942,950,0.589047,2080,1731,0.8322
950,942,0.589047,2080,1731,0.8322
942,951,0.415373,1997,1504,0.7531
951,942,0.415373,1997,1504,0.7531
942,952,0.474018,2060,1612,0.7825
952,942,0.474018,2060,1612,0.7825
942,953,0.451899,2135,1675,0.7845
953,942,0.451899,2135,1675,0.7845
942,954,0.517566,1751,1385,0.791
954,942,0.517566,1751,1385,0.791
942,955,0.50565,2017,1586,0.7863
955,942,0.50565,2017,1586,0.7863
942,956,0.490754,2044,1619,0.7921
956,942,0.490754,2044,1619,0.7921
942,957,0.539836,2065,1673,0.8102
957,942,0.539836,2065,1673,0.8102
942,958,0.372454,1911,1423,0.7446
958,942,0.372454,1911,1423,0.7446
942,959,0.428342,2220,1705,0.768
959,942,0.428342,2220,1705,0.768
942,960,0.429631,2112,1622,0.768
960,942,0.429631,2112,1622,0.768
942,961,0.5745,2050,1700,0.8293
961,942,0.5745,2050,1700,0.8293
942,962,0.393143,1920,1389,0.7234
962,942,0.393143,1920,1389,0.7234
942,963,0.584587,2065,1713,0.8295
963,942,0.584587,2065,1713,0.8295
942,964,0.508487,1942,1539,0.7925
964,942,0.508487,1942,1539,0.7925
942,965,0.513009,2072,1655,0.7987
965,942,0.513009,2072,1655,0.7987
942,966,0.372166,1901,1344,0.707
966,942,0.372166,1901,1344,0.707
942,967,0.578166,2057,1705,0.8289
967,942,0.578166,2057,1705,0.8289
942,969,0.596207,2240,1878,0.8384
969,942,0.596207,2240,1878,0.8384
942,970,0.527135,2034,1674,0.823
970,942,0.527135,2034,1674,0.823
942,971,0.639456,2110,1804,0.855
971,942,0.639456,2110,1804,0.855
942,972,0.634021,1986,1688,0.8499
972,942,0.634021,1986,1688,0.8499
942,973,0.382633,1336,948,0.7096
973,942,0.382633,1336,948,0.7096
942,974,0.56612,1853,1525,0.823
974,942,0.56612,1853,1525,0.823
942,976,0.493125,1919,1493,0.778
976,942,0.493125,1919,1493,0.778
942,977,0.380952,2220,1668,0.7514
977,942,0.380952,2220,1668,0.7514
942,978,0.3909,1900,1423,0.7489
978,942,0.3909,1900,1423,0.7489
942,979,0.265796,76,60,0.7895
979,942,0.265796,76,60,0.7895
943,944,0.695849,1825,1575,0.863
944,943,0.695849,1825,1575,0.863
943,945,0.718705,1954,1704,0.8721
945,943,0.718705,1954,1704,0.8721
943,946,0.681818,1827,1557,0.8522
946,943,0.681818,1827,1557,0.8522
943,947,0.685362,1812,1547,0.8538
947,943,0.685362,1812,1547,0.8538
943,948,0.155039,1620,988,0.6099
948,943,0.155039,1620,988,0.6099
943,949,0.489473,1905,1470,0.7717
949,943,0.489473,1905,1470,0.7717
943,950,0.466164,1976,1507,0.7627
950,943,0.466164,1976,1507,0.7627
943,951,0.120637,1865,1125,0.6032
951,943,0.120637,1865,1125,0.6032
943,952,0.532288,1870,1466,0.784
952,943,0.532288,1870,1466,0.784
943,953,0.412793,2013,1465,0.7278
953,943,0.412793,2013,1465,0.7278
943,954,0.693968,1763,1515,0.8593
954,943,0.693968,1763,1515,0.8593
943,955,0.43986,1851,1369,0.7396
955,943,0.43986,1851,1369,0.7396
943,956,0.666299,2013,1702,0.8455
956,943,0.666299,2013,1702,0.8455
943,957,0.465766,1940,1463,0.7541
957,943,0.465766,1940,1463,0.7541
943,958,0.312355,1817,1270,0.699
958,943,0.312355,1817,1270,0.699
943,959,0.102687,2027,1216,0.5999
959,943,0.102687,2027,1216,0.5999
943,960,0.175798,1929,1214,0.6293
960,943,0.175798,1929,1214,0.6293
943,961,0.510783,1910,1489,0.7796
961,943,0.510783,1910,1489,0.7796
943,962,0.785799,1913,1724,0.9012
962,943,0.785799,1913,1724,0.9012
943,963,0.492917,1967,1513,0.7692
963,943,0.492917,1967,1513,0.7692
943,964,0.580865,1838,1492,0.8118
964,943,0.580865,1838,1492,0.8118
943,965,0.60684,1964,1611,0.8203
965,943,0.60684,1964,1611,0.8203
943,966,0.783232,1945,1750,0.8997
966,943,0.783232,1945,1750,0.8997
943,967,0.454365,1925,1458,0.7574
967,943,0.454365,1925,1458,0.7574
943,969,0.444977,2106,1564,0.7426
969,943,0.444977,2106,1564,0.7426
943,970,0.416051,1878,1391,0.7407
970,943,0.416051,1878,1391,0.7407
943,971,0.401412,1954,1420,0.7267
971,943,0.401412,1954,1420,0.7267
943,972,0.538918,1904,1486,0.7805
972,943,0.538918,1904,1486,0.7805
943,973,0.742705,1242,1087,0.8752
973,943,0.742705,1242,1087,0.8752
943,974,0.443287,1749,1301,0.7439
974,943,0.443287,1749,1301,0.7439
943,976,0.516576,1793,1395,0.778
976,943,0.516576,1793,1395,0.778
943,977,0.052788,2035,1171,0.5754
977,943,0.052788,2035,1171,0.5754
943,978,0.099732,1710,1003,0.5865
978,943,0.099732,1710,1003,0.5865
943,979,0.05879,70,47,0.6714
979,943,0.05879,70,47,0.6714
944,945,0.796134,1879,1711,0.9106
945,944,0.796134,1879,1711,0.9106
944,946,0.706306,1769,1541,0.8711
946,944,0.706306,1769,1541,0.8711
944,947,0.667285,1709,1458,0.8531
947,944,0.667285,1709,1458,0.8531
944,948,0.252004,1551,1035,0.6673
948,944,0.252004,1551,1035,0.6673
944,949,0.589664,1760,1445,0.821
949,944,0.589664,1760,1445,0.821
944,950,0.593202,1845,1525,0.8266
950,944,0.593202,1845,1525,0.8266
944,951,0.189493,1750,1125,0.6429
951,944,0.189493,1750,1125,0.6429
944,952,0.555089,1737,1403,0.8077
952,944,0.555089,1737,1403,0.8077
944,953,0.469496,1859,1436,0.7725
953,944,0.469496,1859,1436,0.7725
944,954,0.693352,1662,1435,0.8634
954,944,0.693352,1662,1435,0.8634
944,955,0.579759,1731,1400,0.8088
955,944,0.579759,1731,1400,0.8088
944,956,0.696392,1868,1624,0.8694
956,944,0.696392,1868,1624,0.8694
944,957,0.52128,1775,1405,0.7915
957,944,0.52128,1775,1405,0.7915
944,958,0.339123,1705,1228,0.7202
958,944,0.339123,1705,1228,0.7202
944,959,0.190255,1879,1219,0.6487
959,944,0.190255,1879,1219,0.6487
944,960,0.230837,1804,1194,0.6619
960,944,0.230837,1804,1194,0.6619
944,961,0.6135,1782,1490,0.8361
961,944,0.6135,1782,1490,0.8361
944,962,0.70799,1801,1569,0.8712
962,944,0.70799,1801,1569,0.8712
944,963,0.560055,1833,1488,0.8118
963,944,0.560055,1833,1488,0.8118
944,964,0.692994,1798,1561,0.8682
964,944,0.692994,1798,1561,0.8682
944,965,0.653138,1789,1523,0.8513
965,944,0.653138,1789,1523,0.8513
944,966,0.665845,1835,1560,0.8501
966,944,0.665845,1835,1560,0.8501
944,967,0.570657,1790,1464,0.8179
967,944,0.570657,1790,1464,0.8179
944,969,0.53388,1946,1559,0.8011
969,944,0.53388,1946,1559,0.8011
944,970,0.492591,1737,1379,0.7939
970,944,0.492591,1737,1379,0.7939
944,971,0.538908,1802,1445,0.8019
971,944,0.538908,1802,1445,0.8019
944,972,0.643199,1790,1511,0.8441
972,944,0.643199,1790,1511,0.8441
944,973,0.678473,1242,1054,0.8486
973,944,0.678473,1242,1054,0.8486
944,974,0.560664,1629,1322,0.8115
974,944,0.560664,1629,1322,0.8115
944,976,0.600268,1700,1396,0.8212
976,944,0.600268,1700,1396,0.8212
944,977,0.169928,1924,1235,0.6419
977,944,0.169928,1924,1235,0.6419
944,978,0.217318,1595,1043,0.6539
978,944,0.217318,1595,1043,0.6539
944,979,0.407389,57,46,0.807
979,944,0.407389,57,46,0.807
945,946,0.657623,1866,1584,0.8489
946,945,0.657623,1866,1584,0.8489
945,947,0.707329,1787,1575,0.8814
947,945,0.707329,1787,1575,0.8814
945,948,0.304357,1659,1170,0.7052
948,945,0.304357,1659,1170,0.7052
945,949,0.642148,1915,1634,0.8533
949,945,0.642148,1915,1634,0.8533
945,950,0.632949,1984,1697,0.8553
950,945,0.632949,1984,1697,0.8553
945,951,0.255519,1873,1287,0.6871
951,945,0.255519,1873,1287,0.6871
945,952,0.589692,1876,1565,0.8342
952,945,0.589692,1876,1565,0.8342
945,953,0.535047,1992,1632,0.8193
953,945,0.535047,1992,1632,0.8193
945,954,0.776561,1807,1638,0.9065
954,945,0.776561,1807,1638,0.9065
945,955,0.592392,1861,1529,0.8216
955,945,0.592392,1861,1529,0.8216
945,956,0.782835,2037,1863,0.9146
956,945,0.782835,2037,1863,0.9146
945,957,0.591146,1898,1581,0.833
957,945,0.591146,1898,1581,0.833
945,958,0.396268,1840,1393,0.7571
958,945,0.396268,1840,1393,0.7571
945,959,0.260098,2026,1415,0.6984
959,945,0.260098,2026,1415,0.6984
945,960,0.268752,1928,1339,0.6945
960,945,0.268752,1928,1339,0.6945
945,961,0.662514,1899,1647,0.8673
961,945,0.662514,1899,1647,0.8673
945,962,0.690888,1948,1679,0.8619
962,945,0.690888,1948,1679,0.8619
945,963,0.636973,1928,1652,0.8568
963,945,0.636973,1928,1652,0.8568
945,964,0.748112,1897,1701,0.8967
964,945,0.748112,1897,1701,0.8967
945,965,0.750436,1903,1715,0.9012
965,945,0.750436,1903,1715,0.9012
945,966,0.674254,1966,1665,0.8469
966,945,0.674254,1966,1665,0.8469
945,967,0.627378,1957,1672,0.8544
967,945,0.627378,1957,1672,0.8544
945,969,0.603672,2074,1756,0.8467
969,945,0.603672,2074,1756,0.8467
945,970,0.557435,1862,1556,0.8357
970,945,0.557435,1862,1556,0.8357
945,971,0.612107,1946,1652,0.8489
971,945,0.612107,1946,1652,0.8489
945,972,0.738201,1902,1700,0.8938
972,945,0.738201,1902,1700,0.8938
945,973,0.556035,1344,1066,0.7932
973,945,0.556035,1344,1066,0.7932
945,974,0.600961,1764,1477,0.8373
974,945,0.600961,1764,1477,0.8373
945,976,0.645178,1794,1518,0.8462
976,945,0.645178,1794,1518,0.8462
945,977,0.224869,2028,1389,0.6849
977,945,0.224869,2028,1389,0.6849
945,978,0.261309,1716,1190,0.6935
978,945,0.261309,1716,1190,0.6935
945,979,0.253358,59,48,0.8136
979,945,0.253358,59,48,0.8136
946,947,0.576548,1650,1340,0.8121
947,946,0.576548,1650,1340,0.8121
946,948,0.189505,1620,1035,0.6389
948,946,0.189505,1620,1035,0.6389
946,949,0.518517,1826,1441,0.7892
949,946,0.518517,1826,1441,0.7892
946,950,0.45983,1916,1463,0.7636
950,946,0.45983,1916,1463,0.7636
946,951,0.12715,1812,1096,0.6049
951,946,0.12715,1812,1096,0.6049
946,952,0.522373,1878,1479,0.7875
952,946,0.522373,1878,1479,0.7875
946,953,0.403382,1907,1404,0.7362
953,946,0.403382,1907,1404,0.7362
946,954,0.629256,1687,1404,0.8322
954,946,0.629256,1687,1404,0.8322
946,955,0.467592,1808,1370,0.7577
955,946,0.467592,1808,1370,0.7577
946,956,0.598616,1892,1553,0.8208
956,946,0.598616,1892,1553,0.8208
946,957,0.427776,1881,1400,0.7443
957,946,0.427776,1881,1400,0.7443
946,958,0.289943,1725,1196,0.6933
958,946,0.289943,1725,1196,0.6933
946,959,0.16248,1939,1219,0.6287
959,946,0.16248,1939,1219,0.6287
946,960,0.217858,1853,1204,0.6498
960,946,0.217858,1853,1204,0.6498
946,961,0.513736,1839,1448,0.7874
961,946,0.513736,1839,1448,0.7874
946,962,0.664246,1807,1528,0.8456
962,946,0.664246,1807,1528,0.8456
946,963,0.50049,1844,1444,0.7831
963,946,0.50049,1844,1444,0.7831
946,964,0.610704,1867,1549,0.8297
964,946,0.610704,1867,1549,0.8297
946,965,0.570185,1847,1495,0.8094
965,946,0.570185,1847,1495,0.8094
946,966,0.62046,1832,1507,0.8226
966,946,0.62046,1832,1507,0.8226
946,967,0.491588,1855,1444,0.7784
967,946,0.491588,1855,1444,0.7784
946,969,0.446934,1982,1496,0.7548
969,946,0.446934,1982,1496,0.7548
946,970,0.385394,1824,1351,0.7407
970,946,0.385394,1824,1351,0.7407
946,971,0.397147,1860,1367,0.7349
971,946,0.397147,1860,1367,0.7349
946,972,0.55245,1852,1480,0.7991
972,946,0.55245,1852,1480,0.7991
946,973,0.626635,1242,1021,0.8221
973,946,0.626635,1242,1021,0.8221
946,974,0.432738,1746,1307,0.7486
974,946,0.432738,1746,1307,0.7486
946,976,0.565847,1767,1422,0.8048
976,946,0.565847,1767,1422,0.8048
946,977,0.138936,1975,1220,0.6177
977,946,0.138936,1975,1220,0.6177
946,978,0.183177,1640,1035,0.6311
978,946,0.183177,1640,1035,0.6311
946,979,0.107032,66,46,0.697
979,946,0.107032,66,46,0.697
947,948,0.175057,1508,977,0.6479
948,947,0.175057,1508,977,0.6479
947,949,0.477294,1688,1315,0.779
949,947,0.477294,1688,1315,0.779
947,950,0.523506,1773,1433,0.8082
950,947,0.523506,1773,1433,0.8082
947,951,0.08688,1666,1008,0.605
951,947,0.08688,1666,1008,0.605
947,952,0.54405,1637,1322,0.8076
952,947,0.54405,1637,1322,0.8076
947,953,0.394226,1780,1370,0.7697
953,947,0.394226,1780,1370,0.7697
947,954,0.723408,1685,1487,0.8825
954,947,0.723408,1685,1487,0.8825
947,955,0.49567,1674,1300,0.7766
955,947,0.49567,1674,1300,0.7766
947,956,0.739258,1822,1634,0.8968
956,947,0.739258,1822,1634,0.8968
947,957,0.49071,1730,1369,0.7913
957,947,0.49071,1730,1369,0.7913
947,958,0.248345,1653,1140,0.6897
958,947,0.248345,1653,1140,0.6897
947,959,0.098752,1816,1139,0.6272
959,947,0.098752,1816,1139,0.6272
947,960,0.096894,1727,1060,0.6138
960,947,0.096894,1727,1060,0.6138
947,961,0.517726,1735,1400,0.8069
961,947,0.517726,1735,1400,0.8069
947,962,0.729631,1811,1592,0.8791
962,947,0.729631,1811,1592,0.8791
947,963,0.533474,1709,1386,0.811
963,947,0.533474,1709,1386,0.811
947,964,0.64604,1682,1440,0.8561
964,947,0.64604,1682,1440,0.8561
947,965,0.630979,1721,1464,0.8507
965,947,0.630979,1721,1464,0.8507
947,966,0.690792,1822,1561,0.8568
966,947,0.690792,1822,1561,0.8568
947,967,0.494813,1737,1382,0.7956
967,947,0.494813,1737,1382,0.7956
947,969,0.509957,1865,1512,0.8107
969,947,0.509957,1865,1512,0.8107
947,970,0.47709,1659,1327,0.7999
970,947,0.47709,1659,1327,0.7999
947,971,0.438688,1699,1314,0.7734
971,947,0.438688,1699,1314,0.7734
947,972,0.564724,1706,1408,0.8253
972,947,0.564724,1706,1408,0.8253
947,973,0.670875,1253,1059,0.8452
973,947,0.670875,1253,1059,0.8452
947,974,0.464196,1563,1215,0.7774
974,947,0.464196,1563,1215,0.7774
947,976,0.497896,1696,1324,0.7807
976,947,0.497896,1696,1324,0.7807
947,977,0.110651,1799,1134,0.6304
977,947,0.110651,1799,1134,0.6304
947,978,0.12231,1492,936,0.6273
978,947,0.12231,1492,936,0.6273
947,979,0.200969,66,56,0.8485
979,947,0.200969,66,56,0.8485
948,949,0.383522,1641,1221,0.7441
949,948,0.383522,1641,1221,0.7441
948,950,0.375649,1724,1283,0.7442
950,948,0.375649,1724,1283,0.7442
948,951,0.388149,1630,1213,0.7442
951,948,0.388149,1630,1213,0.7442
948,952,0.280502,1681,1181,0.7026
952,948,0.280502,1681,1181,0.7026
948,953,0.344091,1696,1257,0.7412
953,948,0.344091,1696,1257,0.7412
948,954,0.243221,1501,1006,0.6702
954,948,0.243221,1501,1006,0.6702
948,955,0.33565,1629,1156,0.7096
955,948,0.33565,1629,1156,0.7096
948,956,0.274373,1666,1178,0.7071
956,948,0.274373,1666,1178,0.7071
948,957,0.292358,1712,1211,0.7074
957,948,0.292358,1712,1211,0.7074
948,958,0.335811,1563,1139,0.7287
958,948,0.335811,1563,1139,0.7287
948,959,0.379809,1770,1318,0.7446
959,948,0.379809,1770,1318,0.7446
948,960,0.36172,1721,1256,0.7298
960,948,0.36172,1721,1256,0.7298
948,961,0.347756,1655,1218,0.736
961,948,0.347756,1655,1218,0.736
948,962,0.161383,1624,1011,0.6225
962,948,0.161383,1624,1011,0.6225
948,963,0.365419,1654,1224,0.74
963,948,0.365419,1654,1224,0.74
948,964,0.304074,1693,1204,0.7112
964,948,0.304074,1693,1204,0.7112
948,965,0.317417,1683,1214,0.7213
965,948,0.317417,1683,1214,0.7213
948,966,0.128713,1635,971,0.5939
966,948,0.128713,1635,971,0.5939
948,967,0.384171,1666,1248,0.7491
967,948,0.384171,1666,1248,0.7491
948,969,0.368264,1809,1356,0.7496
969,948,0.368264,1809,1356,0.7496
948,970,0.295621,1633,1203,0.7367
970,948,0.295621,1633,1203,0.7367
948,971,0.3796,1637,1226,0.7489
971,948,0.3796,1637,1226,0.7489
948,972,0.389176,1658,1249,0.7533
972,948,0.389176,1658,1249,0.7533
948,973,0.084251,1206,691,0.573
973,948,0.084251,1206,691,0.573
948,974,0.370895,1555,1146,0.737
974,948,0.370895,1555,1146,0.737
948,976,0.282596,1593,1087,0.6824
976,948,0.282596,1593,1087,0.6824
948,977,0.374425,1747,1299,0.7436
977,948,0.374425,1747,1299,0.7436
948,978,0.35077,1507,1099,0.7293
978,948,0.35077,1507,1099,0.7293
948,979,-0.094491,37,30,0.8108
979,948,-0.094491,37,30,0.8108
949,950,0.628964,2012,1713,0.8514
950,949,0.628964,2012,1713,0.8514
949,951,0.328182,1943,1404,0.7226
951,949,0.328182,1943,1404,0.7226
949,952,0.481996,1961,1548,0.7894
952,949,0.481996,1961,1548,0.7894
949,953,0.550762,2054,1696,0.8257
953,949,0.550762,2054,1696,0.8257
949,954,0.603428,1687,1400,0.8299
954,949,0.603428,1687,1400,0.8299
949,955,0.582298,1939,1591,0.8205
955,949,0.582298,1939,1591,0.8205
949,956,0.564996,1942,1603,0.8254
956,949,0.564996,1942,1603,0.8254
949,957,0.543012,2005,1637,0.8165
957,949,0.543012,2005,1637,0.8165
949,958,0.398858,1925,1459,0.7579
958,949,0.398858,1925,1459,0.7579
949,959,0.355383,2100,1555,0.7405
959,949,0.355383,2100,1555,0.7405
949,960,0.356934,2031,1498,0.7376
960,949,0.356934,2031,1498,0.7376
949,961,0.607289,1957,1650,0.8431
961,949,0.607289,1957,1650,0.8431
949,962,0.481264,1861,1419,0.7625
962,949,0.481264,1861,1419,0.7625
949,963,0.606471,1992,1681,0.8439
963,949,0.606471,1992,1681,0.8439
949,964,0.559839,1879,1535,0.8169
964,949,0.559839,1879,1535,0.8169
949,965,0.559676,1993,1629,0.8174
965,949,0.559676,1993,1629,0.8174
949,966,0.46682,1840,1382,0.7511
966,949,0.46682,1840,1382,0.7511
949,967,0.602556,2007,1687,0.8406
967,949,0.602556,2007,1687,0.8406
949,969,0.613129,2114,1792,0.8477
969,949,0.613129,2114,1792,0.8477
949,970,0.512505,1931,1582,0.8193
970,949,0.512505,1931,1582,0.8193
949,971,0.623522,1995,1695,0.8496
971,949,0.623522,1995,1695,0.8496
949,972,0.679428,1953,1702,0.8715
972,949,0.679428,1953,1702,0.8715
949,973,0.413561,1331,966,0.7258
973,949,0.413561,1331,966,0.7258
949,974,0.63058,1817,1549,0.8525
974,949,0.63058,1817,1549,0.8525
949,976,0.587408,1901,1561,0.8211
976,949,0.587408,1901,1561,0.8211
949,977,0.321983,2079,1511,0.7268
977,949,0.321983,2079,1511,0.7268
949,978,0.322492,1796,1295,0.721
978,949,0.322492,1796,1295,0.721
949,979,0.183081,57,46,0.807
979,949,0.183081,57,46,0.807
950,951,0.304046,1999,1437,0.7189
951,950,0.304046,1999,1437,0.7189
950,952,0.524658,2004,1630,0.8134
952,950,0.524658,2004,1630,0.8134
950,953,0.480304,2080,1694,0.8144
953,950,0.480304,2080,1694,0.8144
950,954,0.556841,1830,1491,0.8148
954,950,0.556841,1830,1491,0.8148
950,955,0.540603,1954,1577,0.8071
955,950,0.540603,1954,1577,0.8071
950,956,0.567199,2060,1723,0.8364
956,950,0.567199,2060,1723,0.8364
950,957,0.568435,2062,1719,0.8337
957,950,0.568435,2062,1719,0.8337
950,958,0.385042,1964,1502,0.7648
958,950,0.385042,1964,1502,0.7648
950,959,0.33253,2135,1583,0.7415
959,950,0.33253,2135,1583,0.7415
950,960,0.318136,2077,1513,0.7285
960,950,0.318136,2077,1513,0.7285
950,961,0.599584,2032,1727,0.8499
961,950,0.599584,2032,1727,0.8499
950,962,0.496953,1952,1513,0.7751
962,950,0.496953,1952,1513,0.7751
950,963,0.706306,2047,1823,0.8906
963,950,0.706306,2047,1823,0.8906
950,964,0.561004,1964,1621,0.8254
964,950,0.561004,1964,1621,0.8254
950,965,0.578969,2044,1705,0.8341
965,950,0.578969,2044,1705,0.8341
950,966,0.476995,1942,1476,0.76
966,950,0.476995,1942,1476,0.76
950,967,0.605727,2055,1750,0.8516
967,950,0.605727,2055,1750,0.8516
950,969,0.767916,2234,2046,0.9158
969,950,0.767916,2234,2046,0.9158
950,970,0.534316,2029,1702,0.8388
970,950,0.534316,2029,1702,0.8388
950,971,0.610673,2059,1763,0.8562
971,950,0.610673,2059,1763,0.8562
950,972,0.636916,2007,1730,0.862
972,950,0.636916,2007,1730,0.862
950,973,0.427565,1333,980,0.7352
973,950,0.427565,1333,980,0.7352
950,974,0.585347,1857,1564,0.8422
974,950,0.585347,1857,1564,0.8422
950,976,0.556115,1915,1553,0.811
976,950,0.556115,1915,1553,0.811
950,977,0.289747,2170,1570,0.7235
977,950,0.289747,2170,1570,0.7235
950,978,0.296573,1870,1354,0.7241
978,950,0.296573,1870,1354,0.7241
950,979,0.500043,61,53,0.8689
979,950,0.500043,61,53,0.8689
951,952,0.222053,1878,1268,0.6752
952,951,0.222053,1878,1268,0.6752
951,953,0.309039,2020,1474,0.7297
953,951,0.309039,2020,1474,0.7297
951,954,0.170101,1676,1066,0.636
954,951,0.170101,1676,1066,0.636
951,955,0.226903,1900,1264,0.6653
955,951,0.226903,1900,1264,0.6653
951,956,0.17341,1951,1296,0.6643
956,951,0.17341,1951,1296,0.6643
951,957,0.284782,1960,1386,0.7071
957,951,0.284782,1960,1386,0.7071
951,958,0.288632,1907,1355,0.7105
958,951,0.288632,1907,1355,0.7105
951,959,0.79603,2074,1900,0.9161
959,951,0.79603,2074,1900,0.9161
951,960,0.768296,2001,1812,0.9055
960,951,0.768296,2001,1812,0.9055
951,961,0.270348,1917,1353,0.7058
961,951,0.270348,1917,1353,0.7058
951,962,0.101715,1815,1071,0.5901
962,951,0.101715,1815,1071,0.5901
951,963,0.34011,1969,1454,0.7384
963,951,0.34011,1969,1454,0.7384
951,964,0.243167,1859,1267,0.6815
964,951,0.243167,1859,1267,0.6815
951,965,0.238638,1940,1332,0.6866
965,951,0.238638,1940,1332,0.6866
951,966,0.071782,1811,1035,0.5715
966,951,0.071782,1811,1035,0.5715
951,967,0.278517,1954,1380,0.7062
967,951,0.278517,1954,1380,0.7062
951,969,0.3508,2114,1584,0.7493
969,951,0.3508,2114,1584,0.7493
951,970,0.282448,1945,1423,0.7316
970,951,0.282448,1945,1423,0.7316
951,971,0.42104,1943,1502,0.773
971,951,0.42104,1943,1502,0.773
951,972,0.322218,1929,1402,0.7268
972,951,0.322218,1929,1402,0.7268
951,973,0.017388,1286,702,0.5459
973,951,0.017388,1286,702,0.5459
951,974,0.28001,1782,1255,0.7043
974,951,0.28001,1782,1255,0.7043
951,976,0.21133,1817,1187,0.6533
976,951,0.21133,1817,1187,0.6533
951,977,0.738315,2093,1871,0.8939
977,951,0.738315,2093,1871,0.8939
951,978,0.721956,1808,1601,0.8855
978,951,0.721956,1808,1601,0.8855
951,979,0.549349,55,52,0.9455
979,951,0.549349,55,52,0.9455
952,953,0.449422,2040,1610,0.7892
953,952,0.449422,2040,1610,0.7892
952,954,0.589695,1669,1377,0.825
954,952,0.589695,1669,1377,0.825
952,955,0.530643,1909,1536,0.8046
955,952,0.530643,1909,1536,0.8046
952,956,0.589796,1924,1610,0.8368
956,952,0.589796,1924,1610,0.8368
952,957,0.513491,2010,1622,0.807
957,952,0.513491,2010,1622,0.807
952,958,0.301082,1844,1338,0.7256
958,952,0.301082,1844,1338,0.7256
952,959,0.237295,2091,1460,0.6982
959,952,0.237295,2091,1460,0.6982
952,960,0.2481,1986,1380,0.6949
960,952,0.2481,1986,1380,0.6949
952,961,0.590446,1960,1647,0.8403
961,952,0.590446,1960,1647,0.8403
952,962,0.472306,1806,1370,0.7586
962,952,0.472306,1806,1370,0.7586
952,963,0.547063,1956,1608,0.8221
963,952,0.547063,1956,1608,0.8221
952,964,0.540215,1868,1522,0.8148
964,952,0.540215,1868,1522,0.8148
952,965,0.582763,1995,1653,0.8286
965,952,0.582763,1995,1653,0.8286
952,966,0.473742,1790,1349,0.7536
966,952,0.473742,1790,1349,0.7536
952,967,0.620299,1975,1683,0.8522
967,952,0.620299,1975,1683,0.8522
952,969,0.509486,2119,1725,0.8141
969,952,0.509486,2119,1725,0.8141
952,970,0.476301,1957,1580,0.8074
970,952,0.476301,1957,1580,0.8074
952,971,0.502913,1932,1557,0.8059
971,952,0.502913,1932,1557,0.8059
952,972,0.590433,1924,1610,0.8368
972,952,0.590433,1924,1610,0.8368
952,973,0.437519,1264,931,0.7366
973,952,0.437519,1264,931,0.7366
952,974,0.500674,1841,1476,0.8017
974,952,0.500674,1841,1476,0.8017
952,976,0.54507,1849,1486,0.8037
976,952,0.54507,1849,1486,0.8037
952,977,0.222704,2081,1439,0.6915
977,952,0.222704,2081,1439,0.6915
952,978,0.232848,1804,1248,0.6918
978,952,0.232848,1804,1248,0.6918
952,979,0.583216,49,43,0.8776
979,952,0.583216,49,43,0.8776
953,954,0.451203,1776,1382,0.7782
954,953,0.451203,1776,1382,0.7782
953,955,0.461364,2005,1559,0.7776
955,953,0.461364,2005,1559,0.7776
953,956,0.43617,2061,1639,0.7952
956,953,0.43617,2061,1639,0.7952
953,957,0.42967,2092,1663,0.7949
957,953,0.42967,2092,1663,0.7949
953,958,0.394938,1916,1494,0.7797
958,953,0.394938,1916,1494,0.7797
953,959,0.34578,2150,1638,0.7619
959,953,0.34578,2150,1638,0.7619
953,960,0.333886,2065,1547,0.7492
960,953,0.333886,2065,1547,0.7492
953,961,0.519246,2045,1696,0.8293
961,953,0.519246,2045,1696,0.8293
953,962,0.372021,1954,1407,0.7201
962,953,0.372021,1954,1407,0.7201
953,963,0.483044,2066,1697,0.8214
963,953,0.483044,2066,1697,0.8214
953,964,0.41222,1940,1502,0.7742
964,953,0.41222,1940,1502,0.7742
953,965,0.437309,2053,1607,0.7828
965,953,0.437309,2053,1607,0.7828
953,966,0.373822,1925,1368,0.7106
966,953,0.373822,1925,1368,0.7106
953,967,0.549353,2045,1726,0.844
967,953,0.549353,2045,1726,0.844
953,969,0.49083,2216,1857,0.838
969,953,0.49083,2216,1857,0.838
953,970,0.406212,2028,1644,0.8107
970,953,0.406212,2028,1644,0.8107
953,971,0.485723,2039,1675,0.8215
971,953,0.485723,2039,1675,0.8215
953,972,0.528555,2041,1708,0.8368
972,953,0.528555,2041,1708,0.8368
953,973,0.235201,1304,850,0.6518
973,953,0.235201,1304,850,0.6518
953,974,0.49564,1901,1556,0.8185
974,953,0.49564,1901,1556,0.8185
953,976,0.453035,1972,1529,0.7754
976,953,0.453035,1972,1529,0.7754
953,977,0.325519,2197,1658,0.7547
977,953,0.325519,2197,1658,0.7547
953,978,0.327402,1884,1428,0.758
978,953,0.327402,1884,1428,0.758
953,979,0.106115,64,55,0.8594
979,953,0.106115,64,55,0.8594
954,955,0.602155,1661,1365,0.8218
955,954,0.602155,1661,1365,0.8218
954,956,0.782557,1838,1671,0.9091
956,954,0.782557,1838,1671,0.9091
954,957,0.551509,1759,1424,0.8096
957,954,0.551509,1759,1424,0.8096
954,958,0.334697,1662,1196,0.7196
958,954,0.334697,1662,1196,0.7196
954,959,0.174631,1799,1174,0.6526
959,954,0.174631,1799,1174,0.6526
954,960,0.193598,1754,1138,0.6488
960,954,0.193598,1754,1138,0.6488
954,961,0.58962,1743,1444,0.8285
961,954,0.58962,1743,1444,0.8285
954,962,0.721818,1852,1620,0.8747
962,954,0.721818,1852,1620,0.8747
954,963,0.588148,1708,1413,0.8273
963,954,0.588148,1708,1413,0.8273
954,964,0.683992,1712,1483,0.8662
964,954,0.683992,1712,1483,0.8662
954,965,0.681265,1744,1512,0.867
965,954,0.681265,1744,1512,0.867
954,966,0.720151,1821,1585,0.8704
966,954,0.720151,1821,1585,0.8704
954,967,0.582788,1747,1443,0.826
967,954,0.582788,1747,1443,0.826
954,969,0.551922,1863,1520,0.8159
969,954,0.551922,1863,1520,0.8159
954,970,0.520648,1705,1381,0.81
970,954,0.520648,1705,1381,0.81
954,971,0.552285,1721,1405,0.8164
971,954,0.552285,1721,1405,0.8164
954,972,0.669435,1747,1506,0.862
972,954,0.669435,1747,1506,0.862
954,973,0.60562,1265,1030,0.8142
973,954,0.60562,1265,1030,0.8142
954,974,0.562621,1621,1320,0.8143
974,954,0.562621,1621,1320,0.8143
954,976,0.613479,1661,1377,0.829
976,954,0.613479,1661,1377,0.829
954,977,0.162639,1833,1179,0.6432
977,954,0.162639,1833,1179,0.6432
954,978,0.200597,1539,1007,0.6543
978,954,0.200597,1539,1007,0.6543
954,979,0.428746,54,49,0.9074
979,954,0.428746,54,49,0.9074
955,956,0.532514,1908,1524,0.7987
956,955,0.532514,1908,1524,0.7987
955,957,0.573584,1939,1593,0.8216
957,955,0.573584,1939,1593,0.8216
955,958,0.360237,1816,1331,0.7329
958,955,0.360237,1816,1331,0.7329
955,959,0.240608,2027,1375,0.6783
959,955,0.240608,2027,1375,0.6783
955,960,0.237049,1965,1319,0.6712
960,955,0.237049,1965,1319,0.6712
955,961,0.609006,1930,1613,0.8358
961,955,0.609006,1930,1613,0.8358
955,962,0.4326,1813,1336,0.7369
962,955,0.4326,1813,1336,0.7369
955,963,0.532931,1933,1546,0.7998
963,955,0.532931,1933,1546,0.7998
955,964,0.556417,1811,1468,0.8106
964,955,0.556417,1811,1468,0.8106
955,965,0.513398,1976,1565,0.792
965,955,0.513398,1976,1565,0.792
955,966,0.472699,1798,1354,0.7531
966,955,0.472699,1798,1354,0.7531
955,967,0.570606,1926,1576,0.8183
967,955,0.570606,1926,1576,0.8183
955,969,0.526214,2069,1658,0.8014
969,955,0.526214,2069,1658,0.8014
955,970,0.580335,1929,1619,0.8393
970,955,0.580335,1929,1619,0.8393
955,971,0.523001,1917,1529,0.7976
971,955,0.523001,1917,1529,0.7976
955,972,0.657207,1902,1627,0.8554
972,955,0.657207,1902,1627,0.8554
955,973,0.384443,1297,918,0.7078
973,955,0.384443,1297,918,0.7078
955,974,0.623727,1789,1510,0.844
974,955,0.623727,1789,1510,0.844
955,976,0.647649,1872,1581,0.8446
976,955,0.647649,1872,1581,0.8446
955,977,0.228742,2029,1365,0.6727
977,955,0.228742,2029,1365,0.6727
955,978,0.266729,1736,1187,0.6838
978,955,0.266729,1736,1187,0.6838
955,979,0.232182,54,41,0.7593
979,955,0.232182,54,41,0.7593
956,957,0.542696,1984,1632,0.8226
957,956,0.542696,1984,1632,0.8226
956,958,0.297062,1913,1388,0.7256
958,956,0.297062,1913,1388,0.7256
956,959,0.174656,2064,1393,0.6749
959,956,0.174656,2064,1393,0.6749
956,960,0.178655,2003,1343,0.6705
960,956,0.178655,2003,1343,0.6705
956,961,0.579022,1980,1661,0.8389
961,956,0.579022,1980,1661,0.8389
956,962,0.697147,1974,1705,0.8637
962,956,0.697147,1974,1705,0.8637
956,963,0.592498,1981,1673,0.8445
963,956,0.592498,1981,1673,0.8445
956,964,0.701461,1933,1709,0.8841
964,956,0.701461,1933,1709,0.8841
956,965,0.697373,1975,1742,0.882
965,956,0.697373,1975,1742,0.882
956,966,0.669523,1995,1679,0.8416
966,956,0.669523,1995,1679,0.8416
956,967,0.553144,1984,1648,0.8306
967,956,0.553144,1984,1648,0.8306
956,969,0.561553,2151,1806,0.8396
969,956,0.561553,2151,1806,0.8396
956,970,0.520139,1943,1605,0.826
970,956,0.520139,1943,1605,0.826
956,971,0.510383,2001,1628,0.8136
971,956,0.510383,2001,1628,0.8136
956,972,0.631127,1959,1680,0.8576
972,956,0.631127,1959,1680,0.8576
956,973,0.61436,1347,1106,0.8211
973,956,0.61436,1347,1106,0.8211
956,974,0.546578,1817,1495,0.8228
974,956,0.546578,1817,1495,0.8228
956,976,0.584525,1849,1518,0.821
976,956,0.584525,1849,1518,0.821
956,977,0.17573,2117,1436,0.6783
977,956,0.17573,2117,1436,0.6783
956,978,0.200809,1769,1208,0.6829
978,956,0.200809,1769,1208,0.6829
956,979,0.094967,67,52,0.7761
979,956,0.094967,67,52,0.7761
957,958,0.324062,1909,1408,0.7376
958,957,0.324062,1909,1408,0.7376
957,959,0.310197,2126,1560,0.7338
959,957,0.310197,2126,1560,0.7338
957,960,0.314067,2038,1480,0.7262
960,957,0.314067,2038,1480,0.7262
957,961,0.548479,1974,1632,0.8267
961,957,0.548479,1974,1632,0.8267
957,962,0.412334,1896,1389,0.7326
962,957,0.412334,1896,1389,0.7326
957,963,0.552147,2014,1669,0.8287
963,957,0.552147,2014,1669,0.8287
957,964,0.506365,1943,1557,0.8013
964,957,0.506365,1943,1557,0.8013
957,965,0.512634,2053,1647,0.8022
965,957,0.512634,2053,1647,0.8022
957,966,0.469996,1844,1394,0.756
966,957,0.469996,1844,1394,0.756
957,967,0.533747,1999,1640,0.8204
967,957,0.533747,1999,1640,0.8204
957,969,0.567823,2163,1821,0.8419
969,957,0.567823,2163,1821,0.8419
957,970,0.567891,2035,1720,0.8452
970,957,0.567891,2035,1720,0.8452
957,971,0.56489,1963,1637,0.8339
971,957,0.56489,1963,1637,0.8339
957,972,0.631099,2009,1727,0.8596
972,957,0.631099,2009,1727,0.8596
957,973,0.410534,1242,893,0.719
973,957,0.410534,1242,893,0.719
957,974,0.540852,1903,1570,0.825
974,957,0.540852,1903,1570,0.825
957,976,0.53224,1883,1501,0.7971
976,957,0.53224,1883,1501,0.7971
957,977,0.280375,2119,1521,0.7178
977,957,0.280375,2119,1521,0.7178
957,978,0.272862,1838,1309,0.7122
978,957,0.272862,1838,1309,0.7122
957,979,-0.129171,68,52,0.7647
979,957,-0.129171,68,52,0.7647
958,959,0.324399,1985,1456,0.7335
959,958,0.324399,1985,1456,0.7335
958,960,0.32521,1946,1428,0.7338
960,958,0.32521,1946,1428,0.7338
958,961,0.385097,1905,1460,0.7664
961,958,0.385097,1905,1460,0.7664
958,962,0.263055,1803,1207,0.6694
962,958,0.263055,1803,1207,0.6694
958,963,0.3617,1928,1457,0.7557
963,958,0.3617,1928,1457,0.7557
958,964,0.304835,1794,1291,0.7196
964,958,0.304835,1794,1291,0.7196
958,965,0.341854,1908,1400,0.7338
965,958,0.341854,1908,1400,0.7338
958,966,0.260857,1799,1193,0.6631
966,958,0.260857,1799,1193,0.6631
958,967,0.417045,1906,1479,0.776
967,958,0.417045,1906,1479,0.776
958,969,0.376511,2041,1573,0.7707
969,958,0.376511,2041,1573,0.7707
958,970,0.288348,1915,1425,0.7441
970,958,0.288348,1915,1425,0.7441
958,971,0.377699,1883,1438,0.7637
971,958,0.377699,1883,1438,0.7637
958,972,0.39356,1873,1434,0.7656
972,958,0.39356,1873,1434,0.7656
958,973,0.187425,1245,773,0.6209
973,958,0.187425,1245,773,0.6209
958,974,0.393335,1774,1365,0.7694
974,958,0.393335,1774,1365,0.7694
958,976,0.347915,1817,1307,0.7193
976,958,0.347915,1817,1307,0.7193
958,977,0.308102,2003,1463,0.7304
977,958,0.308102,2003,1463,0.7304
958,978,0.277403,1774,1271,0.7165
978,958,0.277403,1774,1271,0.7165
958,979,0.09897,59,50,0.8475
979,958,0.09897,59,50,0.8475
959,960,0.816218,2161,2003,0.9269
960,959,0.816218,2161,2003,0.9269
959,961,0.284857,2066,1497,0.7246
961,959,0.284857,2066,1497,0.7246
959,962,0.099833,1970,1181,0.5995
962,959,0.099833,1970,1181,0.5995
959,963,0.356466,2108,1595,0.7566
963,959,0.356466,2108,1595,0.7566
959,964,0.26537,1954,1370,0.7011
964,959,0.26537,1954,1370,0.7011
959,965,0.245477,2125,1490,0.7012
965,959,0.245477,2125,1490,0.7012
959,966,0.083326,1933,1133,0.5861
966,959,0.083326,1933,1133,0.5861
959,967,0.32577,2094,1551,0.7407
967,959,0.32577,2094,1551,0.7407
959,969,0.373803,2285,1768,0.7737
969,959,0.373803,2285,1768,0.7737
959,970,0.302254,2075,1568,0.7557
970,959,0.302254,2075,1568,0.7557
959,971,0.427034,2104,1650,0.7842
971,959,0.427034,2104,1650,0.7842
959,972,0.365167,2060,1565,0.7597
972,959,0.365167,2060,1565,0.7597
959,973,0.010559,1311,708,0.54
973,959,0.010559,1311,708,0.54
959,974,0.331764,1888,1397,0.7399
974,959,0.331764,1888,1397,0.7399
959,976,0.234322,1954,1313,0.672
976,959,0.234322,1954,1313,0.672
959,977,0.746496,2275,2052,0.902
977,959,0.746496,2275,2052,0.902
959,978,0.76422,1962,1782,0.9083
978,959,0.76422,1962,1782,0.9083
959,979,0.049797,69,55,0.7971
979,959,0.049797,69,55,0.7971
960,961,0.287887,2040,1465,0.7181
961,960,0.287887,2040,1465,0.7181
960,962,0.085207,1890,1105,0.5847
962,960,0.085207,1890,1105,0.5847
960,963,0.35052,2041,1524,0.7467
963,960,0.35052,2041,1524,0.7467
960,964,0.25326,1924,1325,0.6887
964,960,0.25326,1924,1325,0.6887
960,965,0.232057,2042,1401,0.6861
965,960,0.232057,2042,1401,0.6861
960,966,0.074592,1871,1074,0.574
966,960,0.074592,1871,1074,0.574
960,967,0.308294,2022,1463,0.7235
967,960,0.308294,2022,1463,0.7235
960,969,0.364199,2197,1670,0.7601
969,960,0.364199,2197,1670,0.7601
960,970,0.278579,2019,1491,0.7385
970,960,0.278579,2019,1491,0.7385
960,971,0.435173,2004,1564,0.7804
971,960,0.435173,2004,1564,0.7804
960,972,0.348377,1997,1483,0.7426
972,960,0.348377,1997,1483,0.7426
960,973,0.037634,1324,727,0.5491
973,960,0.037634,1324,727,0.5491
960,974,0.319725,1851,1342,0.725
974,960,0.319725,1851,1342,0.725
960,976,0.247144,1941,1312,0.6759
976,960,0.247144,1941,1312,0.6759
960,977,0.723484,2161,1925,0.8908
977,960,0.723484,2161,1925,0.8908
960,978,0.727179,1897,1691,0.8914
978,960,0.727179,1897,1691,0.8914
960,979,-0.117444,33,26,0.7879
979,960,-0.117444,33,26,0.7879
961,962,0.51076,1874,1464,0.7812
962,961,0.51076,1874,1464,0.7812
961,963,0.58331,1996,1690,0.8467
963,961,0.58331,1996,1690,0.8467
961,964,0.617304,1867,1584,0.8484
964,961,0.617304,1867,1584,0.8484
961,965,0.584759,2008,1680,0.8367
965,961,0.584759,2008,1680,0.8367
961,966,0.498898,1866,1441,0.7722
966,961,0.498898,1866,1441,0.7722
961,967,0.708278,2028,1809,0.892
967,961,0.708278,2028,1809,0.892
961,969,0.597676,2143,1839,0.8581
969,961,0.597676,2143,1839,0.8581
961,970,0.539042,1953,1649,0.8443
970,961,0.539042,1953,1649,0.8443
961,971,0.602169,1964,1670,0.8503
971,961,0.602169,1964,1670,0.8503
961,972,0.696834,1924,1703,0.8851
972,961,0.696834,1924,1703,0.8851
961,973,0.408367,1277,923,0.7228
973,961,0.408367,1277,923,0.7228
961,974,0.598053,1853,1569,0.8467
974,961,0.598053,1853,1569,0.8467
961,976,0.611224,1899,1588,0.8362
976,961,0.611224,1899,1588,0.8362
961,977,0.275852,2085,1504,0.7213
977,961,0.275852,2085,1504,0.7213
961,978,0.307506,1840,1345,0.731
978,961,0.307506,1840,1345,0.731
961,979,0.261882,57,49,0.8596
979,961,0.261882,57,49,0.8596
962,963,0.532682,1884,1493,0.7925
963,962,0.532682,1884,1493,0.7925
962,964,0.59842,1851,1514,0.8179
964,962,0.59842,1851,1514,0.8179
962,965,0.631445,1901,1584,0.8332
965,962,0.631445,1901,1584,0.8332
962,966,0.870702,1954,1836,0.9396
966,962,0.870702,1954,1836,0.9396
962,967,0.47721,1895,1450,0.7652
967,962,0.47721,1895,1450,0.7652
962,969,0.477304,2030,1553,0.765
969,962,0.477304,2030,1553,0.765
962,970,0.439144,1817,1367,0.7523
970,962,0.439144,1817,1367,0.7523
962,971,0.429478,1881,1402,0.7453
971,962,0.429478,1881,1402,0.7453
962,972,0.577528,1866,1504,0.806
972,962,0.577528,1866,1504,0.806
962,973,0.749281,1325,1162,0.877
973,962,0.749281,1325,1162,0.877
962,974,0.421535,1737,1277,0.7352
974,962,0.421535,1737,1277,0.7352
962,976,0.483128,1799,1366,0.7593
976,962,0.483128,1799,1366,0.7593
962,977,0.084382,1967,1166,0.5928
977,962,0.084382,1967,1166,0.5928
962,978,0.103012,1668,982,0.5887
978,962,0.103012,1668,982,0.5887
962,979,0.178796,57,43,0.7544
979,962,0.178796,57,43,0.7544
963,964,0.557198,1868,1538,0.8233
964,963,0.557198,1868,1538,0.8233
963,965,0.601072,2019,1697,0.8405
965,963,0.601072,2019,1697,0.8405
963,966,0.516778,1871,1454,0.7771
966,963,0.516778,1871,1454,0.7771
963,967,0.587504,2005,1697,0.8464
967,963,0.587504,2005,1697,0.8464
963,969,0.716974,2184,1966,0.9002
969,963,0.716974,2184,1966,0.9002
963,970,0.544956,1972,1658,0.8408
970,963,0.544956,1972,1658,0.8408
963,971,0.626017,2021,1742,0.8619
971,963,0.626017,2021,1742,0.8619
963,972,0.646844,1986,1725,0.8686
972,963,0.646844,1986,1725,0.8686
963,973,0.485202,1239,943,0.7611
973,963,0.485202,1239,943,0.7611
963,974,0.62373,1835,1573,0.8572
974,963,0.62373,1835,1573,0.8572
963,976,0.545306,1868,1504,0.8051
976,963,0.545306,1868,1504,0.8051
963,977,0.326572,2130,1585,0.7441
977,963,0.326572,2130,1585,0.7441
963,978,0.318065,1870,1382,0.739
978,963,0.318065,1870,1382,0.739
963,979,0.166739,62,51,0.8226
979,963,0.166739,62,51,0.8226
964,965,0.666717,1884,1630,0.8652
965,964,0.666717,1884,1630,0.8652
964,966,0.552202,1836,1453,0.7914
966,964,0.552202,1836,1453,0.7914
964,967,0.554579,1893,1555,0.8214
967,964,0.554579,1893,1555,0.8214
964,969,0.551935,2020,1671,0.8272
969,964,0.551935,2020,1671,0.8272
964,970,0.492636,1867,1520,0.8141
970,964,0.492636,1867,1520,0.8141
964,971,0.553108,1860,1527,0.821
971,964,0.553108,1860,1527,0.821
964,972,0.696814,1882,1653,0.8783
972,964,0.696814,1882,1653,0.8783
964,973,0.538877,1308,1028,0.7859
973,964,0.538877,1308,1028,0.7859
964,974,0.541698,1738,1416,0.8147
974,964,0.541698,1738,1416,0.8147
964,976,0.593704,1799,1480,0.8227
976,964,0.593704,1799,1480,0.8227
964,977,0.255404,2008,1404,0.6992
977,964,0.255404,2008,1404,0.6992
964,978,0.281993,1679,1185,0.7058
978,964,0.281993,1679,1185,0.7058
964,979,0.266841,57,46,0.807
979,964,0.266841,57,46,0.807
965,966,0.570918,1860,1496,0.8043
966,965,0.570918,1860,1496,0.8043
965,967,0.571153,2000,1657,0.8285
967,965,0.571153,2000,1657,0.8285
965,969,0.559516,2183,1813,0.8305
969,965,0.559516,2183,1813,0.8305
965,970,0.506555,2011,1638,0.8145
970,965,0.506555,2011,1638,0.8145
965,971,0.566033,2009,1658,0.8253
971,965,0.566033,2009,1658,0.8253
965,972,0.705475,1938,1704,0.8793
972,965,0.705475,1938,1704,0.8793
965,973,0.470276,1277,957,0.7494
973,965,0.470276,1277,957,0.7494
965,974,0.541302,1854,1507,0.8128
974,965,0.541302,1854,1507,0.8128
965,976,0.573155,1889,1541,0.8158
976,965,0.573155,1889,1541,0.8158
965,977,0.245089,2130,1495,0.7019
977,965,0.245089,2130,1495,0.7019
965,978,0.229918,1819,1247,0.6855
978,965,0.229918,1819,1247,0.6855
965,979,-1.0,47,44,0.9362
979,965,-1.0,47,44,0.9362
966,967,0.463914,1883,1421,0.7546
967,966,0.463914,1883,1421,0.7546
966,969,0.448149,2026,1504,0.7423
969,966,0.448149,2026,1504,0.7423
966,970,0.443745,1825,1367,0.749
970,966,0.443745,1825,1367,0.749
966,971,0.396294,1865,1347,0.7223
971,966,0.396294,1865,1347,0.7223
966,972,0.543758,1844,1450,0.7863
972,966,0.543758,1844,1450,0.7863
966,973,0.733106,1303,1127,0.8649
973,966,0.733106,1303,1127,0.8649
966,974,0.442344,1705,1265,0.7419
974,966,0.442344,1705,1265,0.7419
966,976,0.467178,1787,1339,0.7493
976,966,0.467178,1787,1339,0.7493
966,977,0.029906,1973,1104,0.5596
977,966,0.029906,1973,1104,0.5596
966,978,0.088993,1652,951,0.5757
978,966,0.088993,1652,951,0.5757
966,979,0.136096,61,44,0.7213
979,966,0.136096,61,44,0.7213
967,969,0.628555,2145,1863,0.8685
969,967,0.628555,2145,1863,0.8685
967,970,0.527915,1958,1641,0.8381
970,967,0.527915,1958,1641,0.8381
967,971,0.596896,1980,1687,0.852
971,967,0.596896,1980,1687,0.852
967,972,0.668012,1926,1684,0.8744
972,967,0.668012,1926,1684,0.8744
967,973,0.401826,1305,942,0.7218
973,967,0.401826,1305,942,0.7218
967,974,0.620684,1831,1567,0.8558
974,967,0.620684,1831,1567,0.8558
967,976,0.571594,1917,1564,0.8159
976,967,0.571594,1917,1564,0.8159
967,977,0.31416,2066,1517,0.7343
977,967,0.31416,2066,1517,0.7343
967,978,0.332986,1805,1338,0.7413
978,967,0.332986,1805,1338,0.7413
967,979,0.526531,59,54,0.9153
979,967,0.526531,59,54,0.9153
969,970,0.552121,2134,1830,0.8575
970,969,0.552121,2134,1830,0.8575
969,971,0.621058,2165,1881,0.8688
971,969,0.621058,2165,1881,0.8688
969,972,0.667169,2088,1843,0.8827
972,969,0.667169,2088,1843,0.8827
969,973,0.384554,1365,976,0.715
973,969,0.384554,1365,976,0.715
969,974,0.603499,1931,1651,0.855
974,969,0.603499,1931,1651,0.855
969,976,0.535964,2022,1622,0.8022
976,969,0.535964,2022,1622,0.8022
969,977,0.345473,2332,1785,0.7654
977,969,0.345473,2332,1785,0.7654
969,978,0.343838,2020,1543,0.7639
978,969,0.343838,2020,1543,0.7639
969,979,0.458333,52,48,0.9231
979,969,0.458333,52,48,0.9231
970,971,0.567632,1947,1661,0.8531
971,970,0.567632,1947,1661,0.8531
970,972,0.632366,1938,1696,0.8751
972,970,0.632366,1938,1696,0.8751
970,973,0.425546,1227,896,0.7302
973,970,0.425546,1227,896,0.7302
970,974,0.5789,1790,1526,0.8525
974,970,0.5789,1790,1526,0.8525
970,976,0.52237,1831,1477,0.8067
976,970,0.52237,1831,1477,0.8067
970,977,0.27678,2113,1573,0.7444
977,970,0.27678,2113,1573,0.7444
970,978,0.286214,1817,1366,0.7518
978,970,0.286214,1817,1366,0.7518
970,979,0.086022,68,58,0.8529
979,970,0.086022,68,58,0.8529
971,972,0.68817,1933,1708,0.8836
972,971,0.68817,1933,1708,0.8836
971,973,0.361967,1297,910,0.7016
973,971,0.361967,1297,910,0.7016
971,974,0.616406,1790,1529,0.8542
974,971,0.616406,1790,1529,0.8542
971,976,0.527835,1820,1452,0.7978
976,971,0.527835,1820,1452,0.7978
971,977,0.395849,2131,1644,0.7715
977,971,0.395849,2131,1644,0.7715
971,978,0.402642,1837,1417,0.7714
978,971,0.402642,1837,1417,0.7714
971,979,0.096955,74,64,0.8649
979,971,0.096955,74,64,0.8649
972,973,0.433654,1279,937,0.7326
973,972,0.433654,1279,937,0.7326
972,974,0.662917,1843,1603,0.8698
974,972,0.662917,1843,1603,0.8698
972,976,0.707348,1875,1642,0.8757
976,972,0.707348,1875,1642,0.8757
972,977,0.358707,2061,1561,0.7574
977,972,0.358707,2061,1561,0.7574
972,978,0.369899,1790,1361,0.7603
978,972,0.369899,1790,1361,0.7603
972,979,0.359211,63,57,0.9048
979,972,0.359211,63,57,0.9048
973,974,0.315213,1189,801,0.6737
974,973,0.315213,1189,801,0.6737
973,976,0.458563,1298,963,0.7419
976,973,0.458563,1298,963,0.7419
973,977,0.01041,1315,716,0.5445
977,973,0.01041,1315,716,0.5445
973,978,0.005877,1101,577,0.5241
978,973,0.005877,1101,577,0.5241
974,976,0.588931,1740,1438,0.8264
976,974,0.588931,1740,1438,0.8264
974,977,0.317665,1890,1378,0.7291
977,974,0.317665,1890,1378,0.7291
974,978,0.29872,1672,1205,0.7207
978,974,0.29872,1672,1205,0.7207
974,979,1.0,47,47,1.0
979,974,1.0,47,47,1.0
976,977,0.206439,1977,1301,0.6581
977,976,0.206439,1977,1301,0.6581
976,978,0.260523,1712,1165,0.6805
978,976,0.260523,1712,1165,0.6805
976,979,-1.0,46,39,0.8478
979,976,-1.0,46,39,0.8478
977,978,0.783189,2026,1857,0.9166
978,977,0.783189,2026,1857,0.9166
977,979,0.398535,68,62,0.9118
979,977,0.398535,68,62,0.9118
978,979,0.661438,9,8,0.8889
979,978,0.661438,9,8,0.8889
